id,kategori,ozellikler,instruction,input,expected_output,metindeki_etiketler,maskelenecek_etiketler,pred,dogru,schema_neutral,out_of_schema_tag
1,tam,ekli,Aşağıdaki mesajda kimliği belirlenebilir kılan ne varsa etiketiyle ört.,Esentepe Mah. Manolya Bulvarı No:218 Nilüfer/Trabzon'da oturan müşteri için kurye kaydı açın,[ADRES]'da oturan müşteri için kurye kaydı açın,[ADRES],[ADRES],[ADRES]'da oturan müşteri için kurye kaydı açın,True,True,False
2,tam,duz,"KVKK gereği bütün kişisel ve hassas alanları gizle; tutar, adet gibi kişisel olmayan sayılara dokunma.",araç satışı için şasi F7B6HT2ETFG9716N2 motor N66D336569 sorgulanacak,araç satışı için şasi [SASI_NO] motor [MOTOR_NO] sorgulanacak,[MOTOR_NO] [SASI_NO],[MOTOR_NO] [SASI_NO],araç satışı için şasi [SASI_NO] motor [MOTOR_NO] sorgulanacak,True,True,False
3,tam,duz,Metindeki tüm kişisel verileri uygun etiketlerle maskele.,müşteri Ayşe Kılıç kredi notu 570 çıktı limit artışı uygun mu,müşteri [AD] kredi notu [KREDI_NOTU] çıktı limit artışı uygun mu,[AD] [KREDI_NOTU],[AD] [KREDI_NOTU],müşteri [MUSTERI_NO] kredi notu [KREDI_NOTU] çıktı limit artışı uygun mu,False,True,False
4,tam,kayit,"Bütün PII alanlarını maskele, metnin geri kalanını aynen koru.","bayi ekranından gelen kayıt: imza kaydı dijital imza özeti 571B05, şasi no 6Z9741GSRLHSCNA73, cinsiyeti kadın, kart no 4960778169641853, pin 690676, adli kaydı adli para cezası kaydı","bayi ekranından gelen kayıt: imza kaydı [IMZA], şasi no [SASI_NO], cinsiyeti [CINSIYET], kart no [KART], pin [PIN], adli kaydı [CEZA_KAYDI]",[CEZA_KAYDI] [CINSIYET] [IMZA] [KART] [PIN] [SASI_NO],[CEZA_KAYDI] [CINSIYET] [IMZA] [KART] [PIN] [SASI_NO],"bayi ekranından gelen kayıt: imza kaydı [IMZA], şasi no [SASI_NO], cinsiyeti [CINSIYET], kart no [KART], pin [PIN], adli kaydı [CEZA_KAYDI]",True,False,False
5,tam,uzun,Bu satırdaki her kişisel bilgiyi maskeleyerek yeniden yaz.,yabancı müşteri kaydı uyruğu Türk pasaport U93495943. kredi başvurumun durumunu öğrenmek istiyorum adım Emir Yıldız tc 82048398844. sağlık raporumda tiroit ilacı kullanımı yazıyor sigorta primi değişir mi. imza doğrulaması için imza hash 43826d19 kayıtlarda mevcut. bordro itirazım var sicil SC3907 maaşım 146.500 TL maaş yatmış eksik. kan grubum AB Rh pozitif acil kartıma işlensin,yabancı müşteri kaydı uyruğu [UYRUK] pasaport [PASAPORT_NO]. kredi başvurumun durumunu öğrenmek istiyorum adım [AD] tc [TCKN]. sağlık raporumda [SAGLIK] yazıyor sigorta primi değişir mi. imza doğrulaması için [IMZA] kayıtlarda mevcut. bordro itirazım var sicil [SICIL_NO] maaşım [MAAS] yatmış eksik. kan grubum [KAN_GRUBU] acil kartıma işlensin,[AD] [IMZA] [KAN_GRUBU] [MAAS] [PASAPORT_NO] [SAGLIK] [SICIL_NO] [TCKN] [UYRUK],[AD] [IMZA] [KAN_GRUBU] [MAAS] [PASAPORT_NO] [SAGLIK] [SICIL_NO] [TCKN] [UYRUK],yabancı müşteri kaydı uyruğu [UYRUK] pasaport [PASAPORT_NO]. kredi başvurumun durumunu öğrenmek istiyorum adım [AD] tc [TCKN]. sağlık raporumda [SAGLIK] yazıyor sigorta primi değişir mi. [IMZA] kayıtlarda mevcut. bordro itirazım var sicil [SICIL_NO] maaşım [MAAS] yatmış eksik. kan grubum [KAN_GRUBU] acil kartıma işlensin,False,False,False
6,tam,"kayit,caps","KVKK gereği bütün kişisel ve hassas alanları gizle; tutar, adet gibi kişisel olmayan sayılara dokunma.","SİSTEME GİRİLECEK KAYIT: TC Sİ 645-175-336-66, MÜŞTERİ ALİ ARSOY, EHLİYET NO F4957057, MÜŞTERİ NO 00749939, ADLİ KAYDI KABAHAT KAYDI MEVCUT","SİSTEME GİRİLECEK KAYIT: TC Sİ [TCKN], MÜŞTERİ [AD], EHLİYET NO [EHLIYET_NO], MÜŞTERİ NO [MUSTERI_NO], ADLİ KAYDI [CEZA_KAYDI]",[AD] [CEZA_KAYDI] [EHLIYET_NO] [MUSTERI_NO] [TCKN],[AD] [CEZA_KAYDI] [EHLIYET_NO] [MUSTERI_NO] [TCKN],"SİSTEME GİRİLECEK KAYIT: TC Sİ [TCKN], MÜŞTERİ ALİ [AD], EHLİYET NO [EHLIYET_NO], MÜŞTERİ NO [MUSTERI_NO], ADLİ KAYDI KABAHAT KAYDI MEVCUT",False,True,False
7,tam,ekli,Bu kayıtta kişisel veri niteliği taşıyan her şeyi köşeli parantezli etiketle değiştir.,yetkiyi Bahar Kılıç'tan alıp Ahmet Kılıç'a verin,yetkiyi [AD]'tan alıp [AD]'a verin,[AD],[AD],yetkiyi [AD]'tan alıp [AD]'a verin,True,True,False
8,tam,ekli,Bu kayıtta kişisel veri niteliği taşıyan her şeyi köşeli parantezli etiketle değiştir.,2 Ekim 2006'da doğanlara özel kampanya Emre Uçar'a tanımlansın,[DOGUM_TARIHI]'da doğanlara özel kampanya [AD]'a tanımlansın,[AD] [DOGUM_TARIHI],[AD] [DOGUM_TARIHI],[DOGUM_TARIHI]'da doğanlara özel kampanya [AD]'a tanımlansın,True,True,False
9,tam,cok_kisi,"Bütün PII alanlarını maskele, metnin geri kalanını aynen koru.",kredi başvurumun durumunu öğrenmek istiyorum adım Aylin Polat tc 64860921578 ayrıca müşteri Ömer Yaman kredi notu 468 çıktı limit artışı uygun mu,kredi başvurumun durumunu öğrenmek istiyorum adım [AD] tc [TCKN] ayrıca müşteri [AD] kredi notu [KREDI_NOTU] çıktı limit artışı uygun mu,[AD] [KREDI_NOTU] [TCKN],[AD] [KREDI_NOTU] [TCKN],kredi başvurumun durumunu öğrenmek istiyorum adım [AD] tc [TCKN] ayrıca müşteri [MUSTERI_NO] kredi notu [KREDI_NOTU] çıktı limit artışı uygun mu,False,True,False
10,tam,cok_kisi,"Bütün PII alanlarını maskele, metnin geri kalanını aynen koru.",çalışan Tolga Uçar Toros Turizm AŞ bünyesinde 62 yaşında kadın ayrıca aidat iadesi için ıban paylaşıyorum TR81 1229 3808 2396 5927 3650 12 isim Damla Dinç,çalışan [AD] [ISYERI] bünyesinde [YAS] yaşında [CINSIYET] ayrıca aidat iadesi için ıban paylaşıyorum [IBAN] isim [AD],[AD] [CINSIYET] [IBAN] [ISYERI] [YAS],[AD] [CINSIYET] [IBAN] [ISYERI] [YAS],çalışan [AD] [ISYERI] bünyesinde [YAS] yaşında [AILE] ayrıca aidat iadesi için ıban paylaşıyorum [IBAN] isim [AD],False,False,False
11,tam,caps,"Bütün PII alanlarını maskele, metnin geri kalanını aynen koru.",ÇOCUĞUMUN OKUL SERVİSİ İÇİN ADRES HÜRRİYET MAH. AKASYA SOK. NO:202 YILDIRIM/BALIKESİR TEL (552) 439 81 80,ÇOCUĞUMUN OKUL SERVİSİ İÇİN ADRES [ADRES] TEL [TEL],[ADRES] [TEL],[ADRES] [TEL],ÇOCUĞUMUN OKUL SERVİSİ İÇİN ADRES [ADRES] TEL (552) 439 81 80,False,True,False
12,tam,cok_kisi,Kişisel verileri tespit edip ilgili etiketlerle değiştir; başka değişiklik yapma.,kredi başvurumun durumunu öğrenmek istiyorum adım Gürsal Durdu tc 47654407670 ayrıca 26.05.1953'te doğanlara özel kampanya Ayten Türk'e tanımlansın,kredi başvurumun durumunu öğrenmek istiyorum adım [AD] tc [TCKN] ayrıca [DOGUM_TARIHI]'te doğanlara özel kampanya [AD]'e tanımlansın,[AD] [DOGUM_TARIHI] [TCKN],[AD] [DOGUM_TARIHI] [TCKN],kredi başvurumun durumunu öğrenmek istiyorum adım [AD] tc [TCKN] ayrıca [DOGUM_TARIHI]'te doğanlara özel kampanya [AD]'e tanımlansın,True,True,False
13,tam,kayit,"KVKK gereği bütün kişisel ve hassas alanları gizle; tutar, adet gibi kişisel olmayan sayılara dokunma.","personel dosyası güncellemesi: tc kimlik no 984-615-427-40, ip 10.35.239.107, imza kaydı imza hash 5ccd45fa, kan grubu 0 Rh negatif, cvv 933, mac 1F:FA:B2:B3:CF:1D","personel dosyası güncellemesi: tc kimlik no [TCKN], ip [IP_ADRES], imza kaydı [IMZA], kan grubu [KAN_GRUBU], cvv [CVV], mac [MAC_ADRES]",[CVV] [IMZA] [IP_ADRES] [KAN_GRUBU] [MAC_ADRES] [TCKN],[CVV] [IMZA] [IP_ADRES] [KAN_GRUBU] [MAC_ADRES] [TCKN],"personel dosyası güncellemesi: tc kimlik no [TCKN], ip [IP_ADRES], imza kaydı [IMZA], kan grubu [KAN_GRUBU], cvv [CVV], mac [MAC_ADRES]",True,True,False
14,tam,sozle,Aşağıdaki mesajda kimliği belirlenebilir kılan ne varsa etiketiyle ört.,sözleşme feshi talep ediyorum sözleşme no 4762-65113 tc sıfır sekiz iki beş üç dört beş dokuz yedi altı dokuz yedi dört üç iki beş,sözleşme feshi talep ediyorum sözleşme no [SOZLESME_NO] tc [TCKN],[SOZLESME_NO] [TCKN],[SOZLESME_NO] [TCKN],sözleşme feshi talep ediyorum sözleşme no [SOZLESME_NO] tc [TCKN],True,True,False
15,tam,duz,Gizlilik filtresi uygula: tüm kişisel alanlar etikete dönüşsün.,şirket aracının muayenesi yaklaştı plaka 40 K 7157 ruhsat no IO-530847,şirket aracının muayenesi yaklaştı plaka [PLAKA] ruhsat no [RUHSAT_NO],[PLAKA] [RUHSAT_NO],[PLAKA] [RUHSAT_NO],şirket aracının muayenesi yaklaştı plaka [PLAKA] ruhsat no [RUHSAT_NO],True,True,False
16,tam,kayit,Bu satırdaki her kişisel bilgiyi maskeleyerek yeniden yaz.,"sisteme girilecek kayıt: ehliyet no D6029022, plaka 32 P 8482, cinsiyeti erkek, kart no 5315 8274 1288 0432, adresi Bahçelievler Mah. Akasya Sokak No:162 D:13 Maltepe/Aydın, engel durumu %50 engelli raporu mevcut, sözleşme no 2025/6139-A","sisteme girilecek kayıt: ehliyet no [EHLIYET_NO], plaka [PLAKA], cinsiyeti [CINSIYET], kart no [KART], adresi [ADRES], engel durumu [ENGEL_DURUMU], sözleşme no [SOZLESME_NO]",[ADRES] [CINSIYET] [EHLIYET_NO] [ENGEL_DURUMU] [KART] [PLAKA] [SOZLESME_NO],[ADRES] [CINSIYET] [EHLIYET_NO] [ENGEL_DURUMU] [KART] [PLAKA] [SOZLESME_NO],"sisteme girilecek kayıt: ehliyet no [EHLIYET_NO], plaka [PLAKA], cinsiyeti [CINSIYET], kart no [KART], adresi [ADRES], engel durumu [ENGEL_DURUMU], sözleşme no [SOZLESME_NO]",True,False,False
17,tam,duz,Metindeki tüm kişisel verileri uygun etiketlerle maskele.,vpn erişimi açılsın ip 142.177.160.143 mac 49:B0:48:4C:B0:63,vpn erişimi açılsın ip [IP_ADRES] mac [MAC_ADRES],[IP_ADRES] [MAC_ADRES],[IP_ADRES] [MAC_ADRES],vpn erişimi açılsın ip [IP_ADRES] mac [MAC_ADRES],True,True,False
18,tam,caps,"KVKK gereği bütün kişisel ve hassas alanları gizle; tutar, adet gibi kişisel olmayan sayılara dokunma.",YABANCI MÜŞTERİ KAYDI UYRUĞU İRAN PASAPORT U64734533,YABANCI MÜŞTERİ KAYDI UYRUĞU [UYRUK] PASAPORT [PASAPORT_NO],[PASAPORT_NO] [UYRUK],[PASAPORT_NO] [UYRUK],YABANCI MÜŞTERİ KAYDI UYRUĞU İRAN PASAPORT U64734533,False,False,False
19,tam,duz,Metindeki tüm kişisel verileri uygun etiketlerle maskele.,din hanesi Alevi olarak görünüyor değiştirmek istiyorum,din hanesi [DIN] olarak görünüyor değiştirmek istiyorum,[DIN],[DIN],din hanesi [DIN] olarak görünüyor değiştirmek istiyorum,True,True,False
20,tam,sozle,Kişisel verileri tespit edip ilgili etiketlerle değiştir; başka değişiklik yapma.,sözleşme feshi talep ediyorum sözleşme no 2028/2961-A tc sıfır dokuz üç sekiz dokuz dokuz bir sekiz yedi sekiz beş,sözleşme feshi talep ediyorum sözleşme no [SOZLESME_NO] tc [TCKN],[SOZLESME_NO] [TCKN],[SOZLESME_NO] [TCKN],sözleşme feshi talep ediyorum sözleşme no [SOZLESME_NO] tc [TCKN],True,True,False
21,tam,duz,Metindeki tüm kişisel verileri uygun etiketlerle maskele.,kripto çekim adresim TurdG9k5xIjg2r24r3kPsqyzV7Co2VyH7G onay bekliyor,kripto çekim adresim [KRIPTO_CUZDAN] onay bekliyor,[KRIPTO_CUZDAN],[KRIPTO_CUZDAN],kripto çekim adresim [KRIPTO_CUZDAN] onay bekliyor,True,True,False
22,tam,"ekli,caps",Metindeki tüm kişisel verileri uygun etiketlerle maskele.,91112836854'ÜN ÜZERİNE KAYITLI HAT SAYISINI ÖĞRENEBİLİR MİYİM,[TCKN]'ÜN ÜZERİNE KAYITLI HAT SAYISINI ÖĞRENEBİLİR MİYİM,[TCKN],[TCKN],[TCKN]'ÜN ÜZERİNE KAYITLI HAT SAYISINI ÖĞRENEBİLİR MİYİM,True,True,False
23,tam,"ekli,caps",Bu kayıtta kişisel veri niteliği taşıyan her şeyi köşeli parantezli etiketle değiştir.,ONURKOR11'İN OTURUMLARI KAPATILSIN,[KULLANICI_ADI]'İN OTURUMLARI KAPATILSIN,[KULLANICI_ADI],[KULLANICI_ADI],[KULLANICI_ADI]'İN OTURUMLARI KAPATILSIN,True,True,False
24,tam,caps,"Bütün PII alanlarını maskele, metnin geri kalanını aynen koru.",SÖZLEŞME FESHİ TALEP EDİYORUM SÖZLEŞME NO 2028/8470-A TC 260-563-872-54,SÖZLEŞME FESHİ TALEP EDİYORUM SÖZLEŞME NO [SOZLESME_NO] TC [TCKN],[SOZLESME_NO] [TCKN],[SOZLESME_NO] [TCKN],SÖZLEŞME FESHİ TALEP EDİYORUM SÖZLEŞME NO [SOZLESME_NO],False,True,False
25,tam,duz,Gizlilik filtresi uygula: tüm kişisel alanlar etikete dönüşsün.,kredi başvurumun durumunu öğrenmek istiyorum adım Simber Şensoy tc 3782 5513 262,kredi başvurumun durumunu öğrenmek istiyorum adım [AD] tc [TCKN],[AD] [TCKN],[AD] [TCKN],kredi başvurumun durumunu öğrenmek istiyorum adım [AD] tc [TCKN],True,True,False
26,tam,sozle,Aşağıdaki mesajda kimliği belirlenebilir kılan ne varsa etiketiyle ört.,internetten yaptığım ödeme görünmüyor kart no dört iki yedi dokuz yedi bir dört iki sıfır altı sıfır skt 10/27,internetten yaptığım ödeme görünmüyor kart no [KART] skt [KART_SKT],[KART] [KART_SKT],[KART] [KART_SKT],internetten yaptığım ödeme görünmüyor kart no [KART] skt 10/27,False,True,False
27,tam,duz,Gizlilik filtresi uygula: tüm kişisel alanlar etikete dönüşsün.,çalışan Tolga Kurt Pusula Lojistik A.Ş. bünyesinde 30 yaşında kadın,çalışan [AD] [ISYERI] bünyesinde [YAS] yaşında [CINSIYET],[AD] [CINSIYET] [ISYERI] [YAS],[AD] [CINSIYET] [ISYERI] [YAS],çalışan [AD] Pusula Lojistik A.Ş. bünyesinde 30 yaşında [YAS],False,False,False
28,tam,duz,Metindeki tüm kişisel verileri uygun etiketlerle maskele.,kripto çekim adresim T9rPILzpjISlw9dlu7CwfXANI5Ec3C0OZI onay bekliyor,kripto çekim adresim [KRIPTO_CUZDAN] onay bekliyor,[KRIPTO_CUZDAN],[KRIPTO_CUZDAN],kripto çekim adresim [KRIPTO_CUZDAN] onay bekliyor,True,True,False
29,tam,duz,"Bütün PII alanlarını maskele, metnin geri kalanını aynen koru.",yabancı müşteri kaydı uyruğu Gürcistan pasaport U22713752,yabancı müşteri kaydı uyruğu [UYRUK] pasaport [PASAPORT_NO],[PASAPORT_NO] [UYRUK],[PASAPORT_NO] [UYRUK],yabancı müşteri kaydı uyruğu [UYRUK] pasaport [PASAPORT_NO],True,False,False
30,tam,uzun,Gizlilik filtresi uygula: tüm kişisel alanlar etikete dönüşsün.,"şirket aracının muayenesi yaklaştı plaka 42 FGU 8366 ruhsat no GG-605027. kayıp cihaz bildirimi imei 849876675104682 son konum 41.6849, 31.2242. yabancı müşteri kaydı uyruğu Rus pasaport A81230203. yurtdışı harcama onayı pasaport U95330815 kart 5194353898814593",şirket aracının muayenesi yaklaştı plaka [PLAKA] ruhsat no [RUHSAT_NO]. kayıp cihaz bildirimi imei [IMEI] son konum [KONUM]. yabancı müşteri kaydı uyruğu [UYRUK] pasaport [PASAPORT_NO]. yurtdışı harcama onayı pasaport [PASAPORT_NO] kart [KART],[IMEI] [KART] [KONUM] [PASAPORT_NO] [PLAKA] [RUHSAT_NO] [UYRUK],[IMEI] [KART] [KONUM] [PASAPORT_NO] [PLAKA] [RUHSAT_NO] [UYRUK],şirket aracının muayenesi yaklaştı plaka [PLAKA] ruhsat no [RUHSAT_NO]. kayıp cihaz bildirimi imei [IMEI] son konum [KONUM]. yabancı müşteri kaydı uyruğu [UYRUK] pasaport [PASAPORT_NO]. yurtdışı harcama onayı pasaport [PASAPORT_NO] kart [KART],True,False,False
31,tam,kayit,Bu kayıtta kişisel veri niteliği taşıyan her şeyi köşeli parantezli etiketle değiştir.,"bayi ekranından gelen kayıt: konum 38.3977, 42.7371, adli kaydı denetimli serbestlik kaydı, poliçe no 3506/163161, ehliyet no F7856962, anne adı Ece, sözleşme no 6761-85295, müşteri no sıfır yedi doksan sekiz yirmi dört altmış sekiz, mac C4:ED:A8:71:E0:71, doğum yeri Ordu","bayi ekranından gelen kayıt: konum [KONUM], adli kaydı [CEZA_KAYDI], poliçe no [POLICE_NO], ehliyet no [EHLIYET_NO], anne adı [ANNE_ADI], sözleşme no [SOZLESME_NO], müşteri no [MUSTERI_NO], mac [MAC_ADRES], doğum yeri [DOGUM_YERI]",[ANNE_ADI] [CEZA_KAYDI] [DOGUM_YERI] [EHLIYET_NO] [KONUM] [MAC_ADRES] [MUSTERI_NO] [POLICE_NO] [SOZLESME_NO],[ANNE_ADI] [CEZA_KAYDI] [DOGUM_YERI] [EHLIYET_NO] [KONUM] [MAC_ADRES] [MUSTERI_NO] [POLICE_NO] [SOZLESME_NO],"bayi ekranından gelen kayıt: konum [KONUM], adli kaydı denetimli serbestlik kaydı, poliçe no [POLICE_NO], ehliyet no [EHLIYET_NO], anne adı [ANNE_ADI], sözleşme no [SOZLESME_NO], müşteri no [MUSTERI_NO], mac [MAC_ADRES], doğum yeri [DOGUM_YERI]",False,True,False
32,tam,ekli,"KVKK gereği bütün kişisel ve hassas alanları gizle; tutar, adet gibi kişisel olmayan sayılara dokunma.",havale Ece Manço'ya gitsin dekont da ergul_demir@gmail.com'a düşsün,havale [AD]'ya gitsin dekont da [EMAIL]'a düşsün,[AD] [EMAIL],[AD] [EMAIL],havale [AD]'ya gitsin dekont da [EMAIL]'a düşsün,True,True,False
33,tam,ekli,Bu satırdaki her kişisel bilgiyi maskeleyerek yeniden yaz.,havale Tolga Tarhan'a gitsin dekont da edaaslan1@gmail.com'a düşsün,havale [AD]'a gitsin dekont da [EMAIL]'a düşsün,[AD] [EMAIL],[AD] [EMAIL],havale [AD]'a gitsin dekont da [EMAIL]'a düşsün,True,True,False
34,tam,ekli,Kişisel verileri tespit edip ilgili etiketlerle değiştir; başka değişiklik yapma.,TR453585053266507516117792'den gelen ödeme iade edilsin,[IBAN]'den gelen ödeme iade edilsin,[IBAN],[IBAN],[IBAN]'den gelen ödeme iade edilsin,True,True,False
35,tam,ekli,Metindeki tüm kişisel verileri uygun etiketlerle maskele.,ödeme talimatını 9478-5727128-953'e bağlayın,ödeme talimatını [HESAP_NO]'e bağlayın,[HESAP_NO],[HESAP_NO],ödeme talimatını [HESAP_NO]'e bağlayın,True,True,False
36,tam,caps,Metindeki tüm kişisel verileri uygun etiketlerle maskele.,KARTIMIN CVV Sİ 412 PİN İ 5220 KİMSEYLE PAYLAŞMADIM AMA ŞÜPHELİ İŞLEM VAR,KARTIMIN CVV Sİ [CVV] PİN İ [PIN] KİMSEYLE PAYLAŞMADIM AMA ŞÜPHELİ İŞLEM VAR,[CVV] [PIN],[CVV] [PIN],KARTIMIN CVV [CVV] PİN İ 5220 KİMSEYLE PAYLAŞMADIM AMA ŞÜPHELİ İŞLEM VAR,False,True,False
37,tam,duz,Bu satırdaki her kişisel bilgiyi maskeleyerek yeniden yaz.,vpn erişimi açılsın ip 115.93.253.254 mac 94:1A:85:EF:CA:32,vpn erişimi açılsın ip [IP_ADRES] mac [MAC_ADRES],[IP_ADRES] [MAC_ADRES],[IP_ADRES] [MAC_ADRES],vpn erişimi açılsın ip [IP_ADRES] mac [MAC_ADRES],True,True,False
38,tam,duz,Bu kayıtta kişisel veri niteliği taşıyan her şeyi köşeli parantezli etiketle değiştir.,sağlık raporumda böbrek nakli geçmişi yazıyor sigorta primi değişir mi,sağlık raporumda [SAGLIK] yazıyor sigorta primi değişir mi,[SAGLIK],[SAGLIK],sağlık raporumda [SAGLIK] yazıyor sigorta primi değişir mi,True,True,False
39,tam,duz,Metindeki tüm kişisel verileri uygun etiketlerle maskele.,sendika kesintisi neden yapıldı Bass-Sen üyesi görünüyorum,sendika kesintisi neden yapıldı [SENDIKA] görünüyorum,[SENDIKA],[SENDIKA],sendika kesintisi neden yapıldı [SENDIKA] görünüyorum,True,True,False
40,tam,ekli,Bu kayıtta kişisel veri niteliği taşıyan her şeyi köşeli parantezli etiketle değiştir.,87072883632'nin üzerine kayıtlı hat sayısını öğrenebilir miyim,[TCKN]'nin üzerine kayıtlı hat sayısını öğrenebilir miyim,[TCKN],[TCKN],[TCKN]'nin üzerine kayıtlı hat sayısını öğrenebilir miyim,True,True,False
41,tam,duz,Bu satırdaki her kişisel bilgiyi maskeleyerek yeniden yaz.,şirket aracının muayenesi yaklaştı plaka 49 YSP 7743 ruhsat no CN-886635,şirket aracının muayenesi yaklaştı plaka [PLAKA] ruhsat no [RUHSAT_NO],[PLAKA] [RUHSAT_NO],[PLAKA] [RUHSAT_NO],şirket aracının muayenesi yaklaştı plaka [PLAKA] ruhsat no [RUHSAT_NO],True,True,False
42,tam,duz,"KVKK gereği bütün kişisel ve hassas alanları gizle; tutar, adet gibi kişisel olmayan sayılara dokunma.","kayıp cihaz bildirimi imei 860977759138547 son konum 39.1973, 44.3201",kayıp cihaz bildirimi imei [IMEI] son konum [KONUM],[IMEI] [KONUM],[IMEI] [KONUM],kayıp cihaz bildirimi imei [IMEI] son konum [KONUM],True,True,False
43,tam,duz,"KVKK gereği bütün kişisel ve hassas alanları gizle; tutar, adet gibi kişisel olmayan sayılara dokunma.",müşteri Dilek Zengin kredi notu 954 çıktı limit artışı uygun mu,müşteri [AD] kredi notu [KREDI_NOTU] çıktı limit artışı uygun mu,[AD] [KREDI_NOTU],[AD] [KREDI_NOTU],müşteri [MUSTERI_NO] kredi notu [KREDI_NOTU] çıktı limit artışı uygun mu,False,True,False
44,tam,uzun,"KVKK gereği bütün kişisel ve hassas alanları gizle; tutar, adet gibi kişisel olmayan sayılara dokunma.",kredi başvurumun durumunu öğrenmek istiyorum adım Burak Akgündüz tc dokuz dokuz yedi yedi bir yedi dokuz altı sekiz dokuz iki. imza doğrulaması için e-imza sertifika seri no 8801533648 kayıtlarda mevcut. hesap hareketlerimi kadir_zengin@yandex.com adresine gönderin müşteri no MU4861788. çalışan Mihriye Aslan Yıldız Otomotiv AŞ bünyesinde 57 yaşında kadın. annemin kızlık soyadı Karadeniz güvenlik sorusunda kabul edilmiyor. din hanesi Hristiyan olarak görünüyor değiştirmek istiyorum,kredi başvurumun durumunu öğrenmek istiyorum adım [AD] tc [TCKN]. imza doğrulaması için [IMZA] kayıtlarda mevcut. hesap hareketlerimi [EMAIL] adresine gönderin müşteri no [MUSTERI_NO]. çalışan [AD] [ISYERI] bünyesinde [YAS] yaşında [CINSIYET]. annemin kızlık soyadı [ANNE_KIZLIK] güvenlik sorusunda kabul edilmiyor. din hanesi [DIN] olarak görünüyor değiştirmek istiyorum,[AD] [ANNE_KIZLIK] [CINSIYET] [DIN] [EMAIL] [IMZA] [ISYERI] [MUSTERI_NO] [TCKN] [YAS],[AD] [ANNE_KIZLIK] [CINSIYET] [DIN] [EMAIL] [IMZA] [ISYERI] [MUSTERI_NO] [TCKN] [YAS],kredi başvurumun durumunu öğrenmek istiyorum adım [AD] tc [TCKN]. imza doğrulaması için [IMZA] kayıtlarda mevcut. hesap hareketlerimi [EMAIL] adresine gönderin müşteri no [MUSTERI_NO]. çalışan [AD] [ISYERI] bünyesinde [YAS] yaşında kadın. annemin kızlık soyadı [ANNE_KIZLIK] güvenlik sorusunda kabul edilmiyor. din hanesi [DIN] olarak görünüyor değiştirmek istiyorum,False,False,False
45,tam,uzun,Kişisel verileri tespit edip ilgili etiketlerle değiştir; başka değişiklik yapma.,poliçemi yenilemek istiyorum poliçe no POL-6005682 doğum tarihim 4 Haziran 1987. kartımın cvv si 369 pin i 7951 kimseyle paylaşmadım ama şüpheli işlem var. referans olarak Arısoy Ülker yazdım aranacak mı. hesap hareketlerimi ozcam1986@mynet.com adresine gönderin müşteri no MU8529762. kripto çekim adresim 0x3a0453efcf9804ddc2082e25817b78770630737f onay bekliyor. yabancı müşteri kaydı uyruğu İran pasaport U96963645,poliçemi yenilemek istiyorum poliçe no [POLICE_NO] doğum tarihim [DOGUM_TARIHI]. kartımın cvv si [CVV] pin i [PIN] kimseyle paylaşmadım ama şüpheli işlem var. referans olarak [REFERANS] yazdım aranacak mı. hesap hareketlerimi [EMAIL] adresine gönderin müşteri no [MUSTERI_NO]. kripto çekim adresim [KRIPTO_CUZDAN] onay bekliyor. yabancı müşteri kaydı uyruğu [UYRUK] pasaport [PASAPORT_NO],[CVV] [DOGUM_TARIHI] [EMAIL] [KRIPTO_CUZDAN] [MUSTERI_NO] [PASAPORT_NO] [PIN] [POLICE_NO] [REFERANS] [UYRUK],[CVV] [DOGUM_TARIHI] [EMAIL] [KRIPTO_CUZDAN] [MUSTERI_NO] [PASAPORT_NO] [PIN] [POLICE_NO] [REFERANS] [UYRUK],poliçemi yenilemek istiyorum poliçe no [POLICE_NO] doğum tarihim [DOGUM_TARIHI]. kartımın cvv si [CVV] pin i [PIN] kimseyle paylaşmadım ama şüpheli işlem var. referans olarak [REFERANS] yazdım aranacak mı. hesap hareketlerimi [EMAIL] adresine gönderin müşteri no [MUSTERI_NO]. kripto çekim adresim [KRIPTO_CUZDAN] onay bekliyor. yabancı müşteri kaydı uyruğu [UYRUK] pasaport [PASAPORT_NO],True,False,False
46,tam,cok_kisi,Kişisel verileri tespit edip ilgili etiketlerle değiştir; başka değişiklik yapma.,çalışan Selim Gülen Akdeniz Otomotiv AŞ bünyesinde 84 yaşında erkek ayrıca Bahçelievler Mah. Zambak Sokak No:50 Odunpazarı/Van'da oturan müşteri için kurye kaydı açın,çalışan [AD] [ISYERI] bünyesinde [YAS] yaşında [CINSIYET] ayrıca [ADRES]'da oturan müşteri için kurye kaydı açın,[ADRES] [AD] [CINSIYET] [ISYERI] [YAS],[ADRES] [AD] [CINSIYET] [ISYERI] [YAS],çalışan [AD] [ISYERI] bünyesinde [YAS] yaşında [AD] ayrıca [ADRES]'da oturan müşteri için kurye kaydı açın,False,False,False
47,tam,kayit,Bu kayıtta kişisel veri niteliği taşıyan her şeyi köşeli parantezli etiketle değiştir.,"bayi ekranından gelen kayıt: uyruğu Gürcistan, anne adı Sevsevil, şifresi Bulut3542!, maaşı aylık 51.000 TL, tc kimlik no 52145748118, e-postası okyalaz1961@mynet.com, referansı REF-2027-2035, şasi no 3GXSAGX9C1PU25VYU","bayi ekranından gelen kayıt: uyruğu [UYRUK], anne adı [ANNE_ADI], şifresi [SIFRE], maaşı [MAAS], tc kimlik no [TCKN], e-postası [EMAIL], referansı [REFERANS], şasi no [SASI_NO]",[ANNE_ADI] [EMAIL] [MAAS] [REFERANS] [SASI_NO] [SIFRE] [TCKN] [UYRUK],[ANNE_ADI] [EMAIL] [MAAS] [REFERANS] [SASI_NO] [SIFRE] [TCKN] [UYRUK],"bayi ekranından gelen kayıt: uyruğu [UYRUK], anne adı [ANNE_ADI], şifresi [SIFRE], maaşı [MAAS], tc kimlik no [TCKN], e-postası [EMAIL], referansı [REFERANS], şasi no [SASI_NO]",True,False,False
48,tam,duz,Bu satırdaki her kişisel bilgiyi maskeleyerek yeniden yaz.,araç satışı için şasi U21H93MBAM4XUKD5B motor K23N621535 sorgulanacak,araç satışı için şasi [SASI_NO] motor [MOTOR_NO] sorgulanacak,[MOTOR_NO] [SASI_NO],[MOTOR_NO] [SASI_NO],araç satışı için şasi [SASI_NO] motor [MOTOR_NO] sorgulanacak,True,True,False
49,tam,kayit,Bu kayıtta kişisel veri niteliği taşıyan her şeyi köşeli parantezli etiketle değiştir.,"bayi ekranından gelen kayıt: ip 60.160.16.171, sicil no SC9981, sgk no 7708 9873 0558 2, mail adresi ramazan.seven@icloud.com, ehliyet no D3987722","bayi ekranından gelen kayıt: ip [IP_ADRES], sicil no [SICIL_NO], sgk no [SGK_NO], mail adresi [EMAIL], ehliyet no [EHLIYET_NO]",[EHLIYET_NO] [EMAIL] [IP_ADRES] [SGK_NO] [SICIL_NO],[EHLIYET_NO] [EMAIL] [IP_ADRES] [SGK_NO] [SICIL_NO],"bayi ekranından gelen kayıt: ip [IP_ADRES], sicil no [SICIL_NO], sgk no [SGK_NO], mail adresi [EMAIL], ehliyet no [EHLIYET_NO]",True,True,False
50,tam,duz,Gizlilik filtresi uygula: tüm kişisel alanlar etikete dönüşsün.,adli sicil belgemde icra takibi kaydı ibaresi var işe engel mi,adli sicil belgemde [CEZA_KAYDI] ibaresi var işe engel mi,[CEZA_KAYDI],[CEZA_KAYDI],adli sicil belgemde [CEZA_KAYDI] ibaresi var işe engel mi,True,True,False
51,tam,kayit,Metindeki tüm kişisel verileri uygun etiketlerle maskele.,"personel dosyası güncellemesi: baba adı Bedri, adresi Yeşilyurt Mah. Sedir Sokak No:161 D:8 Kat:1 Çankaya/Denizli, poliçe no P230117556, ruhsat no PW-721999, cihaz id GRD0-ZIHT-S261, doğum tarihi 23 Aralık 1997","personel dosyası güncellemesi: baba adı [BABA_ADI], adresi [ADRES], poliçe no [POLICE_NO], ruhsat no [RUHSAT_NO], cihaz id [CIHAZ_ID], doğum tarihi [DOGUM_TARIHI]",[ADRES] [BABA_ADI] [CIHAZ_ID] [DOGUM_TARIHI] [POLICE_NO] [RUHSAT_NO],[ADRES] [BABA_ADI] [CIHAZ_ID] [DOGUM_TARIHI] [POLICE_NO] [RUHSAT_NO],"personel dosyası güncellemesi: baba adı [BABA_ADI], adresi [ADRES], poliçe no [POLICE_NO], ruhsat no [RUHSAT_NO], cihaz id [CIHAZ_ID], doğum tarihi [DOGUM_TARIHI]",True,True,False
52,tam,duz,Aşağıdaki mesajda kimliği belirlenebilir kılan ne varsa etiketiyle ört.,müşteri Bahar Aktaş kredi notu 558 çıktı limit artışı uygun mu,müşteri [AD] kredi notu [KREDI_NOTU] çıktı limit artışı uygun mu,[AD] [KREDI_NOTU],[AD] [KREDI_NOTU],müşteri [AD] kredi notu 558 çıktı limit artışı uygun mu,False,True,False
53,tam,duz,"KVKK gereği bütün kişisel ve hassas alanları gizle; tutar, adet gibi kişisel olmayan sayılara dokunma.",adli sicil belgemde kesinleşmiş hükmü yok ibaresi var işe engel mi,adli sicil belgemde [CEZA_KAYDI] ibaresi var işe engel mi,[CEZA_KAYDI],[CEZA_KAYDI],adli sicil belgemde [CEZA_KAYDI] ibaresi var işe engel mi,True,True,False
54,tam,duz,Bu kayıtta kişisel veri niteliği taşıyan her şeyi köşeli parantezli etiketle değiştir.,vpn erişimi açılsın ip 241.77.169.131 mac 40:1E:98:3D:69:DD,vpn erişimi açılsın ip [IP_ADRES] mac [MAC_ADRES],[IP_ADRES] [MAC_ADRES],[IP_ADRES] [MAC_ADRES],vpn erişimi açılsın ip [IP_ADRES] mac [MAC_ADRES],True,True,False
55,tam,duz,Gizlilik filtresi uygula: tüm kişisel alanlar etikete dönüşsün.,imza doğrulaması için e-imza sertifika seri no 0232237945 kayıtlarda mevcut,imza doğrulaması için [IMZA] kayıtlarda mevcut,[IMZA],[IMZA],imza doğrulaması için [IMZA] kayıtlarda mevcut,True,True,False
56,tam,uzun,"Bütün PII alanlarını maskele, metnin geri kalanını aynen koru.",kripto çekim adresim 0x525ce8e8316104c7c34fe2eda2db82f57caf5569 onay bekliyor. vpn erişimi açılsın ip 221.134.112.68 mac A9:0F:08:B2:A4:50. referans olarak REF-2026-6943 yazdım aranacak mı. sağlık raporumda kalp yetmezliği takibi yazıyor sigorta primi değişir mi,kripto çekim adresim [KRIPTO_CUZDAN] onay bekliyor. vpn erişimi açılsın ip [IP_ADRES] mac [MAC_ADRES]. referans olarak [REFERANS] yazdım aranacak mı. sağlık raporumda [SAGLIK] yazıyor sigorta primi değişir mi,[IP_ADRES] [KRIPTO_CUZDAN] [MAC_ADRES] [REFERANS] [SAGLIK],[IP_ADRES] [KRIPTO_CUZDAN] [MAC_ADRES] [REFERANS] [SAGLIK],kripto çekim adresim [KRIPTO_CUZDAN] onay bekliyor. vpn erişimi açılsın ip [IP_ADRES] mac [MAC_ADRES]. referans olarak [REFERANS] yazdım aranacak mı. sağlık raporumda [SAGLIK] yazıyor sigorta primi değişir mi,True,True,False
57,tam,duz,"Bütün PII alanlarını maskele, metnin geri kalanını aynen koru.","kayıp cihaz bildirimi imei 145769575890217 son konum 39.3052, 38.7286",kayıp cihaz bildirimi imei [IMEI] son konum [KONUM],[IMEI] [KONUM],[IMEI] [KONUM],kayıp cihaz bildirimi imei [IMEI] son konum [KONUM],True,True,False
58,tam,"uzun,caps","Bütün PII alanlarını maskele, metnin geri kalanını aynen koru.",HESAP HAREKETLERİMİ EDA_KARA@İCLOUD.COM ADRESİNE GÖNDERİN MÜŞTERİ NO MU0387075. E-FATURA MÜKELLEFİYETİ İÇİN VERGİ NO 1766766806 KAYITLI MI BAKAR MISINIZ. KAN GRUBUM 0 RH NEGATİF ACİL KARTIMA İŞLENSİN. İMZA DOĞRULAMASI İÇİN E-İMZA SERTİFİKA SERİ NO 9591886753 KAYITLARDA MEVCUT. REFERANS OLARAK SELÂTİN BİLGE YAZDIM ARANACAK MI. BİYOMETRİK GİRİŞTE SORUN VAR AVUÇ İÇİ DAMAR İZİ EŞLEŞMİYOR,HESAP HAREKETLERİMİ [EMAIL] ADRESİNE GÖNDERİN MÜŞTERİ NO [MUSTERI_NO]. E-FATURA MÜKELLEFİYETİ İÇİN VERGİ NO [VERGI_NO] KAYITLI MI BAKAR MISINIZ. KAN GRUBUM [KAN_GRUBU] ACİL KARTIMA İŞLENSİN. İMZA DOĞRULAMASI İÇİN [IMZA] KAYITLARDA MEVCUT. REFERANS OLARAK [REFERANS] YAZDIM ARANACAK MI. BİYOMETRİK GİRİŞTE SORUN VAR [BIYOMETRIK] EŞLEŞMİYOR,[BIYOMETRIK] [EMAIL] [IMZA] [KAN_GRUBU] [MUSTERI_NO] [REFERANS] [VERGI_NO],[BIYOMETRIK] [EMAIL] [IMZA] [KAN_GRUBU] [MUSTERI_NO] [REFERANS] [VERGI_NO],HESAP HAREKETLERİMİ [EMAIL] ADRESİNE GÖNDERİN MÜŞTERİ NO [MUSTERI_NO]. E-FATURA MÜKELLEFİYETİ İÇİN VERGİ NO [VERGI_NO] KAYITLI MI BAKAR MISINIZ. KAN GRUBUM [KAN_GRUBU] ACİL KARTIMA İŞLENSİN. [IMZA] İÇİN E-İMZA SERTİFİKA SERİ NO [IMZA] KAYITLARDA [REFERANS] OLARAK SELÂTİN BİLGE YAZDIM ARANACAK MI. BİYOMETRİK GİRİŞTE SORUN VAR [BIYOMETRIK] EŞLEŞMİYOR,False,True,False
59,tam,kayit,Gizlilik filtresi uygula: tüm kişisel alanlar etikete dönüşsün.,"acil güncellenecek bilgiler: baba adı Milay, hesap no 2257-7031198-623, maaşı aylık 139.000 TL, ehliyet no A1098049, şasi no FUP5X080ZYJ833B8B, adli kaydı icra takibi kaydı, sendika bilgisi Banka Çalışanları Sendikası üyesi, vergi no 1800149182","acil güncellenecek bilgiler: baba adı [BABA_ADI], hesap no [HESAP_NO], maaşı [MAAS], ehliyet no [EHLIYET_NO], şasi no [SASI_NO], adli kaydı [CEZA_KAYDI], sendika bilgisi [SENDIKA], vergi no [VERGI_NO]",[BABA_ADI] [CEZA_KAYDI] [EHLIYET_NO] [HESAP_NO] [MAAS] [SASI_NO] [SENDIKA] [VERGI_NO],[BABA_ADI] [CEZA_KAYDI] [EHLIYET_NO] [HESAP_NO] [MAAS] [SASI_NO] [SENDIKA] [VERGI_NO],"acil güncellenecek bilgiler: baba adı [BABA_ADI], hesap no [HESAP_NO], maaşı [MAAS], ehliyet no [EHLIYET_NO], şasi no [SASI_NO], adli kaydı [CEZA_KAYDI], sendika bilgisi [SENDIKA], vergi no [VERGI_NO]",True,True,False
60,tam,uzun,"Bütün PII alanlarını maskele, metnin geri kalanını aynen koru.",doğum yerim Denizli nüfusta farklı yazılmış düzeltilsin. şoför belgem yenilendi ehliyet no C6723625. çalışan Tolga Arslan Meridyen Medya A.Ş. bünyesinde 83 yaşında erkek. müşteri Gül Eraslan kredi notu 1620 çıktı limit artışı uygun mu,doğum yerim [DOGUM_YERI] nüfusta farklı yazılmış düzeltilsin. şoför belgem yenilendi ehliyet no [EHLIYET_NO]. çalışan [AD] [ISYERI] bünyesinde [YAS] yaşında [CINSIYET]. müşteri [AD] kredi notu [KREDI_NOTU] çıktı limit artışı uygun mu,[AD] [CINSIYET] [DOGUM_YERI] [EHLIYET_NO] [ISYERI] [KREDI_NOTU] [YAS],[AD] [CINSIYET] [DOGUM_YERI] [EHLIYET_NO] [ISYERI] [KREDI_NOTU] [YAS],doğum yerim [DOGUM_YERI] nüfusta farklı yazılmış düzeltilsin. şoför belgem yenilendi ehliyet no [EHLIYET_NO]. çalışan [AD] [ISYERI] bünyesinde [YAS] yaşında [AD]. müşteri [AD] kredi notu [KREDI_NOTU] çıktı limit artışı uygun mu,False,False,False
61,tam,"kayit,caps","KVKK gereği bütün kişisel ve hassas alanları gizle; tutar, adet gibi kişisel olmayan sayılara dokunma.","KREDİ BAŞVURU FORMU: İP 83.84.208.128, DOĞUM TARİHİ 14/12/1977, MOTOR NO N52B340514, ANNE ADI EDA, MÜŞTERİ ÖKTÜRK YILDIRIM","KREDİ BAŞVURU FORMU: İP [IP_ADRES], DOĞUM TARİHİ [DOGUM_TARIHI], MOTOR NO [MOTOR_NO], ANNE ADI [ANNE_ADI], MÜŞTERİ [AD]",[AD] [ANNE_ADI] [DOGUM_TARIHI] [IP_ADRES] [MOTOR_NO],[AD] [ANNE_ADI] [DOGUM_TARIHI] [IP_ADRES] [MOTOR_NO],"KREDİ BAŞVURU FORMU: [TEL], DOĞUM TARİHİ [DOGUM_TARIHI], MOTOR NO [MOTOR_NO], ANNE ADI [ANNE_ADI], MÜŞTERİ ÖKTÜRK [AD]",False,True,False
62,tam,duz,Kişisel verileri tespit edip ilgili etiketlerle değiştir; başka değişiklik yapma.,adli sicil belgemde adli para cezası kaydı ibaresi var işe engel mi,adli sicil belgemde [CEZA_KAYDI] ibaresi var işe engel mi,[CEZA_KAYDI],[CEZA_KAYDI],adli sicil belgemde [CEZA_KAYDI] ibaresi var işe engel mi,True,True,False
63,tam,"ekli,caps",Bu satırdaki her kişisel bilgiyi maskeleyerek yeniden yaz.,YENİ MAH. MENEKŞE BULV. NO:201 D:9 KAT:8 KEPEZ/TRABZON'DA OTURAN MÜŞTERİ İÇİN KURYE KAYDI AÇIN,[ADRES]'DA OTURAN MÜŞTERİ İÇİN KURYE KAYDI AÇIN,[ADRES],[ADRES],[ADRES]'DA OTURAN MÜŞTERİ İÇİN KURYE KAYDI AÇIN,True,True,False
64,tam,duz,Metindeki tüm kişisel verileri uygun etiketlerle maskele.,kan grubum B Rh pozitif acil kartıma işlensin,kan grubum [KAN_GRUBU] acil kartıma işlensin,[KAN_GRUBU],[KAN_GRUBU],kan grubum [KAN_GRUBU] acil kartıma işlensin,True,True,False
65,tam,duz,"KVKK gereği bütün kişisel ve hassas alanları gizle; tutar, adet gibi kişisel olmayan sayılara dokunma.",şirket aracının muayenesi yaklaştı plaka 69 BAH 9131 ruhsat no LW-559653,şirket aracının muayenesi yaklaştı plaka [PLAKA] ruhsat no [RUHSAT_NO],[PLAKA] [RUHSAT_NO],[PLAKA] [RUHSAT_NO],şirket aracının muayenesi yaklaştı plaka [PLAKA] ruhsat no [RUHSAT_NO],True,True,False
66,tam,ekli,Aşağıdaki mesajda kimliği belirlenebilir kılan ne varsa etiketiyle ört.,yetkiyi Arda Akgündüz'den alıp İsra Turan'a verin,yetkiyi [AD]'den alıp [AD]'a verin,[AD],[AD],yetkiyi [AD]'den alıp [AD]'a verin,True,True,False
67,tam,duz,Kişisel verileri tespit edip ilgili etiketlerle değiştir; başka değişiklik yapma.,annemin kızlık soyadı Turan güvenlik sorusunda kabul edilmiyor,annemin kızlık soyadı [ANNE_KIZLIK] güvenlik sorusunda kabul edilmiyor,[ANNE_KIZLIK],[ANNE_KIZLIK],annemin kızlık soyadı [ANNE_KIZLIK] güvenlik sorusunda kabul edilmiyor,True,True,False
68,tam,uzun,"KVKK gereği bütün kişisel ve hassas alanları gizle; tutar, adet gibi kişisel olmayan sayılara dokunma.",personelin engel durumu işitme engelli raporu var olarak güncellendi. imza doğrulaması için e-imza sertifika seri no 3293579727 kayıtlarda mevcut. kripto çekim adresim bc1qgcupbruq8z6ef5il7nxnq38u6wtya0 onay bekliyor. sözleşme feshi talep ediyorum sözleşme no 2025/3125-B tc 614-371-928-12. yeni telefon numaram (538) 095 34 93 sisteme işlenmemiş hâlâ eskisi görünüyor. hesap no 6771 289527 üzerine otomatik ödeme tanımlansın,personelin engel durumu [ENGEL_DURUMU] olarak güncellendi. imza doğrulaması için [IMZA] kayıtlarda mevcut. kripto çekim adresim [KRIPTO_CUZDAN] onay bekliyor. sözleşme feshi talep ediyorum sözleşme no [SOZLESME_NO] tc [TCKN]. yeni telefon numaram [TEL] sisteme işlenmemiş hâlâ eskisi görünüyor. hesap no [HESAP_NO] üzerine otomatik ödeme tanımlansın,[ENGEL_DURUMU] [HESAP_NO] [IMZA] [KRIPTO_CUZDAN] [SOZLESME_NO] [TCKN] [TEL],[ENGEL_DURUMU] [HESAP_NO] [IMZA] [KRIPTO_CUZDAN] [SOZLESME_NO] [TCKN] [TEL],personelin engel durumu [ENGEL_DURUMU] olarak güncellendi. imza doğrulaması için [IMZA] kayıtlarda mevcut. kripto çekim adresim [KRIPTO_CUZDAN] onay bekliyor. sözleşme feshi talep ediyorum sözleşme no [SOZLESME_NO] tc [TCKN]. yeni telefon numaram [TEL] sisteme işlenmemiş hâlâ eskisi görünüyor. hesap no [HESAP_NO] üzerine otomatik ödeme tanımlansın,True,True,False
69,tam,ekli,Aşağıdaki mesajda kimliği belirlenebilir kılan ne varsa etiketiyle ört.,mustafa_yaman@gmail.com'dan gelen talebi Özerdinç Manço'ya yönlendirin,[EMAIL]'dan gelen talebi [AD]'ya yönlendirin,[AD] [EMAIL],[AD] [EMAIL],[EMAIL]'dan gelen talebi [AD]'ya yönlendirin,True,True,False
70,tam,duz,Aşağıdaki mesajda kimliği belirlenebilir kılan ne varsa etiketiyle ört.,e-fatura mükellefiyeti için vergi no 7323373445 kayıtlı mı bakar mısınız,e-fatura mükellefiyeti için vergi no [VERGI_NO] kayıtlı mı bakar mısınız,[VERGI_NO],[VERGI_NO],e-fatura mükellefiyeti için vergi no [VERGI_NO] kayıtlı mı bakar mısınız,True,True,False
71,tam,duz,Kişisel verileri tespit edip ilgili etiketlerle değiştir; başka değişiklik yapma.,işe giriş evrakları için sgk no 6352085574513 gerekiyormuş,işe giriş evrakları için sgk no [SGK_NO] gerekiyormuş,[SGK_NO],[SGK_NO],işe giriş evrakları için sgk no [SGK_NO] gerekiyormuş,True,True,False
72,tam,"sozle,caps",Bu kayıtta kişisel veri niteliği taşıyan her şeyi köşeli parantezli etiketle değiştir.,İNTERNETTEN YAPTIĞIM ÖDEME GÖRÜNMÜYOR KART NO ÜÇ BİR DOKUZ SIFIR İKİ SEKİZ SEKİZ DOKUZ ALTI BİR YEDİ DOKUZ DOKUZ SIFIR YEDİ DÖRT SKT 09/2031,İNTERNETTEN YAPTIĞIM ÖDEME GÖRÜNMÜYOR KART NO [KART] SKT [KART_SKT],[KART] [KART_SKT],[KART] [KART_SKT],İNTERNETTEN YAPTIĞIM ÖDEME GÖRÜNMÜYOR KART NO [KART] SKT [KART_SKT],True,True,False
73,tam,duz,Bu kayıtta kişisel veri niteliği taşıyan her şeyi köşeli parantezli etiketle değiştir.,yurtdışı harcama onayı pasaport U99829288 kart 5813779347234343,yurtdışı harcama onayı pasaport [PASAPORT_NO] kart [KART],[KART] [PASAPORT_NO],[KART] [PASAPORT_NO],yurtdışı harcama onayı pasaport [PASAPORT_NO] kart [KART],True,True,False
74,tam,kayit,"Bütün PII alanlarını maskele, metnin geri kalanını aynen koru.","çağrı merkezi notu: cüzdan adresi TAIbC2Yw5d5DfDacpq8ubNAjsPfWJbeYFS, anne adı Selin, adli kaydı adli para cezası kaydı, kullanıcı adı gulozge_ekin73, ip 35.248.183.113, telefonu 05320991124","çağrı merkezi notu: cüzdan adresi [KRIPTO_CUZDAN], anne adı [ANNE_ADI], adli kaydı [CEZA_KAYDI], kullanıcı adı [KULLANICI_ADI], ip [IP_ADRES], telefonu [TEL]",[ANNE_ADI] [CEZA_KAYDI] [IP_ADRES] [KRIPTO_CUZDAN] [KULLANICI_ADI] [TEL],[ANNE_ADI] [CEZA_KAYDI] [IP_ADRES] [KRIPTO_CUZDAN] [KULLANICI_ADI] [TEL],"çağrı merkezi notu: cüzdan adresi [KRIPTO_CUZDAN], anne adı [ANNE_ADI], adli kaydı [CEZA_KAYDI], kullanıcı adı [KULLANICI_ADI], ip [IP_ADRES], telefonu [TEL]",True,True,False
75,tam,ekli,"KVKK gereği bütün kişisel ve hassas alanları gizle; tutar, adet gibi kişisel olmayan sayılara dokunma.",elifdemirel86'nın oturumları kapatılsın,[KULLANICI_ADI]'nın oturumları kapatılsın,[KULLANICI_ADI],[KULLANICI_ADI],[KULLANICI_ADI]'nın oturumları kapatılsın,True,True,False
76,tam,duz,Bu kayıtta kişisel veri niteliği taşıyan her şeyi köşeli parantezli etiketle değiştir.,vpn erişimi açılsın ip 111.225.115.91 mac B9:6C:E3:4F:18:80,vpn erişimi açılsın ip [IP_ADRES] mac [MAC_ADRES],[IP_ADRES] [MAC_ADRES],[IP_ADRES] [MAC_ADRES],vpn erişimi açılsın ip [IP_ADRES] mac [MAC_ADRES],True,True,False
77,tam,duz,"Bütün PII alanlarını maskele, metnin geri kalanını aynen koru.",aidat iadesi için ıban paylaşıyorum TR352790061998057910814378 isim Zehra Eroğlu,aidat iadesi için ıban paylaşıyorum [IBAN] isim [AD],[AD] [IBAN],[AD] [IBAN],aidat iadesi için ıban paylaşıyorum [IBAN] isim [AD],True,True,False
78,tam,cok_kisi,Kişisel verileri tespit edip ilgili etiketlerle değiştir; başka değişiklik yapma.,kredi başvurumun durumunu öğrenmek istiyorum adım Zekayi Şahin tc 706-506-216-58 ayrıca aidat iadesi için ıban paylaşıyorum TR beş üç beş altı dokuz sekiz yedi bir altı dört dokuz dokuz ... isim Melek Erdoğan,kredi başvurumun durumunu öğrenmek istiyorum adım [AD] tc [TCKN] ayrıca aidat iadesi için ıban paylaşıyorum [IBAN] isim [AD],[AD] [IBAN] [TCKN],[AD] [IBAN] [TCKN],kredi başvurumun durumunu öğrenmek istiyorum adım [AD] tc [TCKN] ayrıca aidat iadesi için ıban paylaşıyorum [IBAN] isim [AD],True,True,False
79,tam,cok_kisi,Metindeki tüm kişisel verileri uygun etiketlerle maskele.,çalışan Beyzade Eroğlu Erzurum Devlet Hastanesi bünyesinde 23 yaşında erkek ayrıca Gamze Polat'ın vekaleti Ünal Kara'ya devredildi,çalışan [AD] [ISYERI] bünyesinde [YAS] yaşında [CINSIYET] ayrıca [AD]'ın vekaleti [AD]'ya devredildi,[AD] [CINSIYET] [ISYERI] [YAS],[AD] [CINSIYET] [ISYERI] [YAS],çalışan [AD] [ISYERI] bünyesinde [AILE] ayrıca [AD]'ın vekaleti [AD]'ya devredildi,False,False,False
80,tam,cok_kisi,Bu kayıtta kişisel veri niteliği taşıyan her şeyi köşeli parantezli etiketle değiştir.,kredi başvurumun durumunu öğrenmek istiyorum adım Baran Özdemir tc 42532361792 ayrıca Bahar Aslan'ın vekaleti Duygu Tunç'a devredildi,kredi başvurumun durumunu öğrenmek istiyorum adım [AD] tc [TCKN] ayrıca [AD]'ın vekaleti [AD]'a devredildi,[AD] [TCKN],[AD] [TCKN],kredi başvurumun durumunu öğrenmek istiyorum adım [AD] tc [TCKN] ayrıca [AD]'ın vekaleti [AD]'a devredildi,True,True,False
81,tam,duz,Gizlilik filtresi uygula: tüm kişisel alanlar etikete dönüşsün.,poliçemi yenilemek istiyorum poliçe no P561743631 doğum tarihim 02.12.1955,poliçemi yenilemek istiyorum poliçe no [POLICE_NO] doğum tarihim [DOGUM_TARIHI],[DOGUM_TARIHI] [POLICE_NO],[DOGUM_TARIHI] [POLICE_NO],poliçemi yenilemek istiyorum poliçe no [POLICE_NO] doğum tarihim [DOGUM_TARIHI],True,True,False
82,tam,ekli,Gizlilik filtresi uygula: tüm kişisel alanlar etikete dönüşsün.,MU0464263'e tanımlı kampanyaları listeler misiniz,[MUSTERI_NO]'e tanımlı kampanyaları listeler misiniz,[MUSTERI_NO],[MUSTERI_NO],[MUSTERI_NO]'e tanımlı kampanyaları listeler misiniz,True,True,False
83,tam,sozle,"KVKK gereği bütün kişisel ve hassas alanları gizle; tutar, adet gibi kişisel olmayan sayılara dokunma.",sözleşme feshi talep ediyorum sözleşme no 8673-70418 tc üç bir dokuz dokuz dört yedi sıfır dört iki sekiz yedi dört bir sekiz yedi bir,sözleşme feshi talep ediyorum sözleşme no [SOZLESME_NO] tc [TCKN],[SOZLESME_NO] [TCKN],[SOZLESME_NO] [TCKN],sözleşme feshi talep ediyorum sözleşme no [SOZLESME_NO] tc [TCKN],True,True,False
84,tam,kayit,Gizlilik filtresi uygula: tüm kişisel alanlar etikete dönüşsün.,"personel dosyası güncellemesi: imza kaydı imza hash a8dc8282, 44 yaşında, referansı REF-2027-5796, sicil no SC9133, plaka 68 JV 7017","personel dosyası güncellemesi: imza kaydı [IMZA], [YAS] yaşında, referansı [REFERANS], sicil no [SICIL_NO], plaka [PLAKA]",[IMZA] [PLAKA] [REFERANS] [SICIL_NO] [YAS],[IMZA] [PLAKA] [REFERANS] [SICIL_NO] [YAS],"personel dosyası güncellemesi: [IMZA], [YAS] yaşında, referansı [REFERANS], sicil no [SICIL_NO], plaka [PLAKA]",False,False,False
85,tam,cok_kisi,Bu satırdaki her kişisel bilgiyi maskeleyerek yeniden yaz.,müşteri Rabia Yıldız kredi notu 609 çıktı limit artışı uygun mu ayrıca çocuğumun okul servisi için adres Menderes Mah. Fulya Sokak No:3 Kat:10 Konak/İstanbul tel 05064390859,müşteri [AD] kredi notu [KREDI_NOTU] çıktı limit artışı uygun mu ayrıca çocuğumun okul servisi için adres [ADRES] tel [TEL],[ADRES] [AD] [KREDI_NOTU] [TEL],[ADRES] [AD] [KREDI_NOTU] [TEL],müşteri [AD] kredi notu [KREDI_NOTU] çıktı limit artışı uygun mu ayrıca çocuğumun okul servisi için adres [ADRES] tel [TEL],True,True,False
86,tam,kayit,Kişisel verileri tespit edip ilgili etiketlerle değiştir; başka değişiklik yapma.,"personel dosyası güncellemesi: işyeri Denizli Devlet Hastanesi, müşteri no MU2324352, konum 39.5263, 41.099, e-postası umut.aydin@hotmail.com, biyometrik kaydı avuç içi damar izi, cihaz id HM68-PYQM-KIED, telefonu (533) 224 26 52, adresi Yeni Mah. Palmiye Bulvarı No:147 D:29 Kat:6 Maltepe/Bursa, anne kızlık soyadı Tunç","personel dosyası güncellemesi: işyeri [ISYERI], müşteri no [MUSTERI_NO], konum [KONUM], e-postası [EMAIL], biyometrik kaydı [BIYOMETRIK], cihaz id [CIHAZ_ID], telefonu [TEL], adresi [ADRES], anne kızlık soyadı [ANNE_KIZLIK]",[ADRES] [ANNE_KIZLIK] [BIYOMETRIK] [CIHAZ_ID] [EMAIL] [ISYERI] [KONUM] [MUSTERI_NO] [TEL],[ADRES] [ANNE_KIZLIK] [BIYOMETRIK] [CIHAZ_ID] [EMAIL] [ISYERI] [KONUM] [MUSTERI_NO] [TEL],"personel dosyası güncellemesi: işyeri [ISYERI], müşteri no [MUSTERI_NO], konum [KONUM], e-postası [EMAIL], biyometrik kaydı [BIYOMETRIK], cihaz id [CIHAZ_ID], telefonu [TEL], adresi [ADRES], anne kızlık soyadı [ANNE_KIZLIK]",True,True,False
87,tam,ekli,Kişisel verileri tespit edip ilgili etiketlerle değiştir; başka değişiklik yapma.,4799585158750652'nin son dört hanesini teyit eder misiniz,[KART]'nin son dört hanesini teyit eder misiniz,[KART],[KART],[TCKN]'nin son dört hanesini teyit eder misiniz,False,True,False
88,tam,sozle,Aşağıdaki mesajda kimliği belirlenebilir kılan ne varsa etiketiyle ört.,internetten yaptığım ödeme görünmüyor kart no sekiz dokuz üç dört dokuz bir altı iki beş yedi skt 05/2027,internetten yaptığım ödeme görünmüyor kart no [KART] skt [KART_SKT],[KART] [KART_SKT],[KART] [KART_SKT],internetten yaptığım ödeme görünmüyor kart no [KART] skt 05/2027,False,True,False
89,tam,uzun,Kişisel verileri tespit edip ilgili etiketlerle değiştir; başka değişiklik yapma.,imza doğrulaması için e-imza sertifika seri no 0534656060 kayıtlarda mevcut. biyometrik girişte sorun var iris taraması eşleşmiyor. yurtdışı harcama onayı pasaport A57957630 kart 4500591135632828. internetten yaptığım ödeme görünmüyor kart no dört sekiz dört yedi dokuz bir bir altı dört sıfır iki iki altı dört sıfır dokuz skt 10/2027. şoför belgem yenilendi ehliyet no F1839528. doğum yerim Atakum nüfusta farklı yazılmış düzeltilsin,imza doğrulaması için [IMZA] kayıtlarda mevcut. biyometrik girişte sorun var [BIYOMETRIK] eşleşmiyor. yurtdışı harcama onayı pasaport [PASAPORT_NO] kart [KART]. internetten yaptığım ödeme görünmüyor kart no [KART] skt [KART_SKT]. şoför belgem yenilendi ehliyet no [EHLIYET_NO]. doğum yerim [DOGUM_YERI] nüfusta farklı yazılmış düzeltilsin,[BIYOMETRIK] [DOGUM_YERI] [EHLIYET_NO] [IMZA] [KART] [KART_SKT] [PASAPORT_NO],[BIYOMETRIK] [DOGUM_YERI] [EHLIYET_NO] [IMZA] [KART] [KART_SKT] [PASAPORT_NO],[IMZA] kayıtlarda mevcut. biyometrik girişte sorun var [BIYOMETRIK] eşleşmiyor. yurtdışı harcama onayı pasaport [PASAPORT_NO] kart [KART]. internetten yaptığım ödeme görünmüyor kart no [KART] skt [KREDI_NOTU]. şoför belgem yenilendi ehliyet no [EHLIYET_NO]. doğum yerim [DOGUM_YERI] nüfusta farklı yazılmış düzeltilsin,False,True,False
90,tam,uzun,Bu kayıtta kişisel veri niteliği taşıyan her şeyi köşeli parantezli etiketle değiştir.,kredi başvurumun durumunu öğrenmek istiyorum adım Dilcan Kurt tc 35842711012. yabancı müşteri kaydı uyruğu Ukrayna pasaport U38559783. yeni telefon numaram 0555 492 48 65 sisteme işlenmemiş hâlâ eskisi görünüyor. sendika kesintisi neden yapıldı Bass-Sen üyesi görünüyorum. sağlık raporumda fıstık alerjisi yazıyor sigorta primi değişir mi. kripto çekim adresim bc1qivyplde4qps3yhp293gg81tc6acx4x onay bekliyor,kredi başvurumun durumunu öğrenmek istiyorum adım [AD] tc [TCKN]. yabancı müşteri kaydı uyruğu [UYRUK] pasaport [PASAPORT_NO]. yeni telefon numaram [TEL] sisteme işlenmemiş hâlâ eskisi görünüyor. sendika kesintisi neden yapıldı [SENDIKA] görünüyorum. sağlık raporumda [SAGLIK] yazıyor sigorta primi değişir mi. kripto çekim adresim [KRIPTO_CUZDAN] onay bekliyor,[AD] [KRIPTO_CUZDAN] [PASAPORT_NO] [SAGLIK] [SENDIKA] [TCKN] [TEL] [UYRUK],[AD] [KRIPTO_CUZDAN] [PASAPORT_NO] [SAGLIK] [SENDIKA] [TCKN] [TEL] [UYRUK],kredi başvurumun durumunu öğrenmek istiyorum adım [AD] tc [TCKN]. yabancı müşteri kaydı uyruğu [UYRUK] pasaport [PASAPORT_NO]. yeni telefon numaram [TEL] sisteme işlenmemiş hâlâ eskisi görünüyor. sendika kesintisi neden yapıldı [SENDIKA] görünüyorum. sağlık raporumda [SAGLIK] yazıyor sigorta primi değişir mi. kripto çekim adresim [KRIPTO_CUZDAN] onay bekliyor,True,False,False
91,tam,uzun,Bu kayıtta kişisel veri niteliği taşıyan her şeyi köşeli parantezli etiketle değiştir.,"şirket aracının muayenesi yaklaştı plaka 26 FVM 2342 ruhsat no YZ-801259. kayıp cihaz bildirimi imei 329614412216270 son konum 38.9668, 39.6406. aidat iadesi için ıban paylaşıyorum TR33 0069 1665 3240 3692 8636 16 isim Emine Ekinci. çocuğumun okul servisi için adres Atatürk Mah. Manolya Bulv. No:245 Kat:5 Nilüfer/Ankara tel +90 538 153 63 63. adli sicil belgemde adli para cezası kaydı ibaresi var işe engel mi",şirket aracının muayenesi yaklaştı plaka [PLAKA] ruhsat no [RUHSAT_NO]. kayıp cihaz bildirimi imei [IMEI] son konum [KONUM]. aidat iadesi için ıban paylaşıyorum [IBAN] isim [AD]. çocuğumun okul servisi için adres [ADRES] tel [TEL]. adli sicil belgemde [CEZA_KAYDI] ibaresi var işe engel mi,[ADRES] [AD] [CEZA_KAYDI] [IBAN] [IMEI] [KONUM] [PLAKA] [RUHSAT_NO] [TEL],[ADRES] [AD] [CEZA_KAYDI] [IBAN] [IMEI] [KONUM] [PLAKA] [RUHSAT_NO] [TEL],şirket aracının muayenesi yaklaştı plaka [PLAKA] ruhsat no [RUHSAT_NO]. kayıp cihaz bildirimi imei [IMEI] son konum [KONUM]. aidat iadesi için ıban paylaşıyorum [IBAN] isim [AD]. çocuğumun okul servisi için adres [ADRES] tel [TEL]. adli sicil belgemde [CEZA_KAYDI] ibaresi var işe engel mi,True,True,False
92,tam,"uzun,caps",Bu satırdaki her kişisel bilgiyi maskeleyerek yeniden yaz.,"HESAP HAREKETLERİMİ RUKNETTİN_AKDENİZ@MYNET.COM ADRESİNE GÖNDERİN MÜŞTERİ NO ON ÜÇ DOKSAN DÖRT YETMİŞ DÖRT OTUZ ALTI. ÇALIŞAN MEFARETTİN EKİNCİ ELAZIĞ ÜNİVERSİTESİ BÜNYESİNDE 24 YAŞINDA KADIN. KAYIP CİHAZ BİLDİRİMİ İMEİ 292016875432830 SON KONUM 39.9462, 40.1784. ŞOFÖR BELGEM YENİLENDİ EHLİYET NO D6923973. REFERANS OLARAK REF-2024-1831 YAZDIM ARANACAK MI",HESAP HAREKETLERİMİ [EMAIL] ADRESİNE GÖNDERİN MÜŞTERİ NO [MUSTERI_NO]. ÇALIŞAN [AD] [ISYERI] BÜNYESİNDE [YAS] YAŞINDA [CINSIYET]. KAYIP CİHAZ BİLDİRİMİ İMEİ [IMEI] SON KONUM [KONUM]. ŞOFÖR BELGEM YENİLENDİ EHLİYET NO [EHLIYET_NO]. REFERANS OLARAK [REFERANS] YAZDIM ARANACAK MI,[AD] [CINSIYET] [EHLIYET_NO] [EMAIL] [IMEI] [ISYERI] [KONUM] [MUSTERI_NO] [REFERANS] [YAS],[AD] [CINSIYET] [EHLIYET_NO] [EMAIL] [IMEI] [ISYERI] [KONUM] [MUSTERI_NO] [REFERANS] [YAS],HESAP HAREKETLERİMİ [EMAIL] ADRESİNE GÖNDERİN MÜŞTERİ NO [MUSTERI_NO]. ÇALIŞAN [AD] ELAZIĞ ÜNİVERSİTESİ BÜNYESİNDE [YAS] YAŞINDA KADIN. KAYIP CİHAZ BİLDİRİMİ İMEİ [IMEI] SON KONUM [KONUM]. ŞOFÖR [AD] ELAZIĞ ÜNİVERSİTESİ BÜNYESİNDE [YAS] YAŞINDA KADIN. KAYIP CİHAZ BİLDİRİMİ İMEİ [IMEI] SON KONUM [KONUM]. ŞOFÖR [AD] ELAZIĞ ÜNİVERSİTESİ BÜNYESİNDE [ISYERI] YAŞINDA KADIN. KAYIP CİHAZ BİLDİRİMİ İMEİ [IMEI] SON KONUM [KONUM]. ŞOFÖR [AD] ELAZIĞ ÜNİVERSİTESİ BÜNYESİNDE [ISYERI] YAŞINDA KADIN. KAYIP CİHAZ BİLDİRİMİ İMEİ [IMEI] SON KONUM [KONUM]. ŞOFÖR [AD] ELAZIĞ ÜNİVERSİTESİ BÜNYESİNDE [ISYERI] YAŞINDA KADIN. KAYIP CİHAZ BİLDİRİMİ İMEİ [IMEI] SON KONUM [KONUM]. ŞOFÖR [AD] ELAZIĞ ÜNİVERSİTESİ BÜNYESİNDE [ISYERI] YAŞINDA KADIN. KAYIP CİHAZ BİLDİRİMİ İMEİ [IMEI] SON KONUM [KONUM]. ŞOFÖR [AD] ELAZIĞ ÜNİVERSİTESİ BÜNYESİNDE [ISYERI] YAŞINDA KADIN. KAYIP CİHAZ BİLDİRİMİ İMEİ [IMEI] SON KONUM [KONUM]. ŞOFÖR [AD] ELAZIĞ ÜNİVERSİTESİ BÜNYESİNDE [ISYERI] YAŞINDA KADIN. KAYIP CİHAZ BİLD,False,False,False
93,tam,ekli,Kişisel verileri tespit edip ilgili etiketlerle değiştir; başka değişiklik yapma.,ödeme talimatını 5427-5551073-146'ya bağlayın,ödeme talimatını [HESAP_NO]'ya bağlayın,[HESAP_NO],[HESAP_NO],ödeme talimatını [HESAP_NO]'ya bağlayın,True,True,False
94,tam,"kayit,caps",Metindeki tüm kişisel verileri uygun etiketlerle maskele.,"YENİ MÜŞTERİ KAYDI: AİLE DURUMU TEK ÇOCUKLU, PASAPORT NO A12481319, PLAKA 57 TT 1658, İŞYERİ BURSA BÜYÜKŞEHİR BELEDİYESİ, REFERANSI KOÇKAN BULUT, UYRUĞU ALMAN","YENİ MÜŞTERİ KAYDI: AİLE DURUMU [AILE], PASAPORT NO [PASAPORT_NO], PLAKA [PLAKA], İŞYERİ [ISYERI], REFERANSI [REFERANS], UYRUĞU [UYRUK]",[AILE] [ISYERI] [PASAPORT_NO] [PLAKA] [REFERANS] [UYRUK],[AILE] [ISYERI] [PASAPORT_NO] [PLAKA] [REFERANS] [UYRUK],"YENİ MÜŞTERİ KAYDI: AİLE DURUMU [AILE], PASAPORT NO [PASAPORT_NO], PLAKA [PLAKA], İŞYERİ [ISYERI], REFERANSI [REFERANS], UYRUĞU [AD]",False,False,False
95,tam,ekli,Kişisel verileri tespit edip ilgili etiketlerle değiştir; başka değişiklik yapma.,ödeme talimatını beş sekiz yedi yedi yedi sekiz dört sekiz sıfır altı'ya bağlayın,ödeme talimatını [HESAP_NO]'ya bağlayın,[HESAP_NO],[HESAP_NO],ödeme talimatını [HESAP_NO]'ya bağlayın,True,True,False
96,tam,"uzun,caps",Bu kayıtta kişisel veri niteliği taşıyan her şeyi köşeli parantezli etiketle değiştir.,ŞİRKET ARACININ MUAYENESİ YAKLAŞTI PLAKA 59 VZA 2578 RUHSAT NO NT-564104. CİHAZ EŞLEŞTİRME KODU M7RV-T5GX-406D KABUL EDİLMİYOR. ETNİK KÖKEN ALANI RUM YAZILMIŞ BU ALAN ZORUNLU MU. İŞE GİRİŞ EVRAKLARI İÇİN SGK NO 5368755896394 GEREKİYORMUŞ. REFERANS OLARAK HİDİR ÜLKER YAZDIM ARANACAK MI,ŞİRKET ARACININ MUAYENESİ YAKLAŞTI PLAKA [PLAKA] RUHSAT NO [RUHSAT_NO]. CİHAZ EŞLEŞTİRME KODU [CIHAZ_ID] KABUL EDİLMİYOR. ETNİK KÖKEN ALANI [ETNIK_KOKEN] YAZILMIŞ BU ALAN ZORUNLU MU. İŞE GİRİŞ EVRAKLARI İÇİN SGK NO [SGK_NO] GEREKİYORMUŞ. REFERANS OLARAK [REFERANS] YAZDIM ARANACAK MI,[CIHAZ_ID] [ETNIK_KOKEN] [PLAKA] [REFERANS] [RUHSAT_NO] [SGK_NO],[CIHAZ_ID] [ETNIK_KOKEN] [PLAKA] [REFERANS] [RUHSAT_NO] [SGK_NO],ŞİRKET ARACININ MUAYENESİ YAKLAŞTI PLAKA [PLAKA] RUHSAT NO [RUHSAT_NO]. CİHAZ EŞLEŞTİRME KODU [CVV] KABUL EDİLMİYOR. ETNİK KÖKEN ALANI [ETNIK_KOKEN] YAZILMIŞ BU ALAN ZORUNLU MU. İŞE GİRİŞ EVRAKLARI İÇİN SGK NO [SGK_NO] GEREKİYORMUŞ. REFERANS OLARAK [REFERANS] YAZDIM [REFERANS] MI,False,True,False
97,tam,kayit,Kişisel verileri tespit edip ilgili etiketlerle değiştir; başka değişiklik yapma.,"çağrı merkezi notu: kredi notu 1281, anne adı Tercan, cvv 691, referansı RF77865008, sağlık notu böbrek nakli geçmişi, imei 785510516722296","çağrı merkezi notu: kredi notu [KREDI_NOTU], anne adı [ANNE_ADI], cvv [CVV], referansı [REFERANS], sağlık notu [SAGLIK], imei [IMEI]",[ANNE_ADI] [CVV] [IMEI] [KREDI_NOTU] [REFERANS] [SAGLIK],[ANNE_ADI] [CVV] [IMEI] [KREDI_NOTU] [REFERANS] [SAGLIK],"çağrı merkezi notu: kredi notu [KREDI_NOTU], anne adı [ANNE_ADI], cvv [CVV], referansı [REFERANS], sağlık notu [SAGLIK], imei [IMEI]",True,True,False
98,tam,kayit,Aşağıdaki mesajda kimliği belirlenebilir kılan ne varsa etiketiyle ört.,"çağrı merkezi notu: cinsiyeti kadın, sgk no 8179 3240 8501 6, ip 78.103.95.59, uyruğu Alman, cvv 348, IBAN TR0325 8143 2543 9673 5184 6278, işyeri Sivas Devlet Hastanesi, poliçe no P452829937","çağrı merkezi notu: cinsiyeti [CINSIYET], sgk no [SGK_NO], ip [IP_ADRES], uyruğu [UYRUK], cvv [CVV], IBAN [IBAN], işyeri [ISYERI], poliçe no [POLICE_NO]",[CINSIYET] [CVV] [IBAN] [IP_ADRES] [ISYERI] [POLICE_NO] [SGK_NO] [UYRUK],[CINSIYET] [CVV] [IBAN] [IP_ADRES] [ISYERI] [POLICE_NO] [SGK_NO] [UYRUK],"çağrı merkezi notu: cinsiyeti [CINSIYET], sgk no [SGK_NO], ip [IP_ADRES], uyruğu [UYRUK], cvv [CVV], IBAN [IBAN], işyeri [ISYERI], poliçe no [POLICE_NO]",True,False,False
99,tam,ekli,Gizlilik filtresi uygula: tüm kişisel alanlar etikete dönüşsün.,TR60 3826 2623 3291 8348 9135 26'dan gelen ödeme iade edilsin,[IBAN]'dan gelen ödeme iade edilsin,[IBAN],[IBAN],[IBAN]'dan gelen ödeme iade edilsin,True,True,False
100,tam,kayit,Bu satırdaki her kişisel bilgiyi maskeleyerek yeniden yaz.,"acil güncellenecek bilgiler: kart no 4147462686590570, şifresi Lale8302., mail adresi volkan.camurcuoglu@icloud.com, IBAN TR sekiz bir bir sıfır bir dört dört dokuz sekiz altı sıfır bir ..., aile durumu babası emekli","acil güncellenecek bilgiler: kart no [KART], şifresi [SIFRE], mail adresi [EMAIL], IBAN [IBAN], aile durumu [AILE]",[AILE] [EMAIL] [IBAN] [KART] [SIFRE],[AILE] [EMAIL] [IBAN] [KART] [SIFRE],"acil güncellenecek bilgiler: kart no [KART], şifresi [SIFRE], mail adresi [EMAIL], IBAN [IBAN], aile durumu [AILE]",True,True,False
101,tam,cok_kisi,Aşağıdaki mesajda kimliği belirlenebilir kılan ne varsa etiketiyle ört.,kredi başvurumun durumunu öğrenmek istiyorum adım Dilek Akar tc 585 121 045 56 ayrıca melekavci72@hotmail.com'dan gelen talebi Rümeysa Soylu'ya yönlendirin,kredi başvurumun durumunu öğrenmek istiyorum adım [AD] tc [TCKN] ayrıca [EMAIL]'dan gelen talebi [AD]'ya yönlendirin,[AD] [EMAIL] [TCKN],[AD] [EMAIL] [TCKN],kredi başvurumun durumunu öğrenmek istiyorum adım [AD] tc [TCKN] ayrıca melekavci72@hotmail.com'dan gelen talebi [AD]'ya yönlendirin,False,True,False
102,tam,duz,"KVKK gereği bütün kişisel ve hassas alanları gizle; tutar, adet gibi kişisel olmayan sayılara dokunma.",kartımın cvv si 843 pin i 0919 kimseyle paylaşmadım ama şüpheli işlem var,kartımın cvv si [CVV] pin i [PIN] kimseyle paylaşmadım ama şüpheli işlem var,[CVV] [PIN],[CVV] [PIN],kartımın cvv si [CVV] pin i 0919 kimseyle paylaşmadım ama şüpheli işlem var,False,True,False
103,tam,ekli,Bu kayıtta kişisel veri niteliği taşıyan her şeyi köşeli parantezli etiketle değiştir.,yetkiyi İslime Aktaş'tan alıp Hatice Karaca'ya verin,yetkiyi [AD]'tan alıp [AD]'ya verin,[AD],[AD],yetkiyi [AD]'tan alıp [AD]'ya verin,True,True,False
104,tam,ekli,"KVKK gereği bütün kişisel ve hassas alanları gizle; tutar, adet gibi kişisel olmayan sayılara dokunma.",yetkiyi Evrimer Demirel'den alıp Mustafa Hayrioğlu'ya verin,yetkiyi [AD]'den alıp [AD]'ya verin,[AD],[AD],yetkiyi [AD]'den alıp [AD]'ya verin,True,True,False
105,tam,"uzun,caps","Bütün PII alanlarını maskele, metnin geri kalanını aynen koru.",YURTDIŞI HARCAMA ONAYI PASAPORT A45019339 KART BEŞ YEDİ İKİ DÖRT BİR DOKUZ SIFIR BİR SIFIR SIFIR ALTI ÜÇ İKİ BEŞ ALTI BEŞ. ARAÇ SATIŞI İÇİN ŞASİ 28SPLHNRUN0LP07RD MOTOR N91R498113 SORGULANACAK. BİYOMETRİK GİRİŞTE SORUN VAR RETİNA TARAMASI EŞLEŞMİYOR. KAN GRUBUM B RH NEGATİF ACİL KARTIMA İŞLENSİN,YURTDIŞI HARCAMA ONAYI PASAPORT [PASAPORT_NO] KART [KART]. ARAÇ SATIŞI İÇİN ŞASİ [SASI_NO] MOTOR [MOTOR_NO] SORGULANACAK. BİYOMETRİK GİRİŞTE SORUN VAR [BIYOMETRIK] EŞLEŞMİYOR. KAN GRUBUM [KAN_GRUBU] ACİL KARTIMA İŞLENSİN,[BIYOMETRIK] [KAN_GRUBU] [KART] [MOTOR_NO] [PASAPORT_NO] [SASI_NO],[BIYOMETRIK] [KAN_GRUBU] [KART] [MOTOR_NO] [PASAPORT_NO] [SASI_NO],YURTDIŞI HARCAMA ONAYI PASAPORT A45019339 KART [KART]. ARAÇ SATIŞI İÇİN ŞASİ [SASI_NO] MOTOR [MOTOR_NO] SORGULANACAK. BİYOMETRİK GİRİŞTE SORUN VAR [BIYOMETRIK] EŞLEŞMİYOR. KAN GRUBUM [KAN_GRUBU] ACİL KARTIMA İŞLENSİN,False,True,False
106,tam,cok_kisi,Aşağıdaki mesajda kimliği belirlenebilir kılan ne varsa etiketiyle ört.,kredi başvurumun durumunu öğrenmek istiyorum adım Sebattin Ergül tc 1426 4381 256 ayrıca müşteri Ebru Aslan kredi notu 912 çıktı limit artışı uygun mu,kredi başvurumun durumunu öğrenmek istiyorum adım [AD] tc [TCKN] ayrıca müşteri [AD] kredi notu [KREDI_NOTU] çıktı limit artışı uygun mu,[AD] [KREDI_NOTU] [TCKN],[AD] [KREDI_NOTU] [TCKN],kredi başvurumun durumunu öğrenmek istiyorum adım [AD] tc [TCKN] ayrıca müşteri [MUSTERI_NO] kredi notu [KREDI_NOTU] çıktı limit artışı uygun mu,False,True,False
107,tam,ekli,Kişisel verileri tespit edip ilgili etiketlerle değiştir; başka değişiklik yapma.,SC7969'u pasife alın işten ayrıldı,[SICIL_NO]'u pasife alın işten ayrıldı,[SICIL_NO],[SICIL_NO],[SICIL_NO]'u pasife alın işten ayrıldı,True,True,False
108,tam,duz,Aşağıdaki mesajda kimliği belirlenebilir kılan ne varsa etiketiyle ört.,yeni telefon numaram +90 552 785 69 99 sisteme işlenmemiş hâlâ eskisi görünüyor,yeni telefon numaram [TEL] sisteme işlenmemiş hâlâ eskisi görünüyor,[TEL],[TEL],yeni telefon numaram [TEL] sisteme işlenmemiş hâlâ eskisi görünüyor,True,True,False
109,tam,duz,Metindeki tüm kişisel verileri uygun etiketlerle maskele.,internetten yaptığım ödeme görünmüyor kart no 4918937945840868 skt 11/31,internetten yaptığım ödeme görünmüyor kart no [KART] skt [KART_SKT],[KART] [KART_SKT],[KART] [KART_SKT],internetten yaptığım ödeme görünmüyor kart no [KART] skt [KART],False,True,False
110,tam,ekli,Metindeki tüm kişisel verileri uygun etiketlerle maskele.,1977-09-01'de doğanlara özel kampanya Almus Çamurcuoğlu'ya tanımlansın,[DOGUM_TARIHI]'de doğanlara özel kampanya [AD]'ya tanımlansın,[AD] [DOGUM_TARIHI],[AD] [DOGUM_TARIHI],[DOGUM_TARIHI]'de doğanlara özel kampanya [AD]'ya tanımlansın,True,True,False
111,tam,kayit,Gizlilik filtresi uygula: tüm kişisel alanlar etikete dönüşsün.,"acil güncellenecek bilgiler: ilgili kişi Gizem Şafak, şifresi Kartal5819!, müşteri no elli dört kırk altmış dört otuz dokuz, cihaz id 2XMT-B8RZ-LXQJ, mac 7E:1F:84:6C:9E:E8, baba adı Ahmet","acil güncellenecek bilgiler: ilgili kişi [AD], şifresi [SIFRE], müşteri no [MUSTERI_NO], cihaz id [CIHAZ_ID], mac [MAC_ADRES], baba adı [BABA_ADI]",[AD] [BABA_ADI] [CIHAZ_ID] [MAC_ADRES] [MUSTERI_NO] [SIFRE],[AD] [BABA_ADI] [CIHAZ_ID] [MAC_ADRES] [MUSTERI_NO] [SIFRE],"acil güncellenecek bilgiler: ilgili kişi [AD], şifresi [SIFRE], müşteri no [MUSTERI_NO], cihaz id [CIHAZ_ID], mac [MAC_ADRES], baba adı [BABA_ADI]",True,True,False
112,tam,duz,Bu satırdaki her kişisel bilgiyi maskeleyerek yeniden yaz.,internetten yaptığım ödeme görünmüyor kart no 5353983661178934 skt 07/2033,internetten yaptığım ödeme görünmüyor kart no [KART] skt [KART_SKT],[KART] [KART_SKT],[KART] [KART_SKT],internetten yaptığım ödeme görünmüyor kart no [KART] skt [KART],False,True,False
113,tam,sozle,Bu kayıtta kişisel veri niteliği taşıyan her şeyi köşeli parantezli etiketle değiştir.,internetten yaptığım ödeme görünmüyor kart no sekiz beş bir dört dokuz sekiz iki altı beş üç sekiz üç üç iki üç dört skt 05/2028,internetten yaptığım ödeme görünmüyor kart no [KART] skt [KART_SKT],[KART] [KART_SKT],[KART] [KART_SKT],internetten yaptığım ödeme görünmüyor kart no [KART] skt [KART],False,True,False
114,tam,caps,"KVKK gereği bütün kişisel ve hassas alanları gizle; tutar, adet gibi kişisel olmayan sayılara dokunma.","KAYIP CİHAZ BİLDİRİMİ İMEİ 605114521702142 SON KONUM 37.5146, 40.9796",KAYIP CİHAZ BİLDİRİMİ İMEİ [IMEI] SON KONUM [KONUM],[IMEI] [KONUM],[IMEI] [KONUM],KAYIP CİHAZ BİLDİRİMİ İMEİ [IMEI] SON KONUM [KONUM],True,True,False
115,tam,ekli,Bu satırdaki her kişisel bilgiyi maskeleyerek yeniden yaz.,43266717534'ün üzerine kayıtlı hat sayısını öğrenebilir miyim,[TCKN]'ün üzerine kayıtlı hat sayısını öğrenebilir miyim,[TCKN],[TCKN],[TCKN]'ün üzerine kayıtlı hat sayısını öğrenebilir miyim,True,True,False
116,tam,uzun,"Bütün PII alanlarını maskele, metnin geri kalanını aynen koru.",araç satışı için şasi 2ZV7CFU1SA64M6LES motor M68N670446 sorgulanacak. imza doğrulaması için dijital imza özeti BA19F6 kayıtlarda mevcut. yabancı müşteri kaydı uyruğu Ukrayna pasaport U82058889. sözleşme feshi talep ediyorum sözleşme no 5255-88732 tc 468 817 264 62,araç satışı için şasi [SASI_NO] motor [MOTOR_NO] sorgulanacak. imza doğrulaması için [IMZA] kayıtlarda mevcut. yabancı müşteri kaydı uyruğu [UYRUK] pasaport [PASAPORT_NO]. sözleşme feshi talep ediyorum sözleşme no [SOZLESME_NO] tc [TCKN],[IMZA] [MOTOR_NO] [PASAPORT_NO] [SASI_NO] [SOZLESME_NO] [TCKN] [UYRUK],[IMZA] [MOTOR_NO] [PASAPORT_NO] [SASI_NO] [SOZLESME_NO] [TCKN] [UYRUK],araç satışı için şasi [SASI_NO] motor [MOTOR_NO] sorgulanacak. imza doğrulaması için [IMZA] kayıtlarda mevcut. yabancı müşteri kaydı uyruğu [UYRUK] pasaport [UYRUK]. sözleşme feshi talep ediyorum sözleşme no [SOZLESME_NO] tc [TCKN],False,False,False
117,tam,duz,Aşağıdaki mesajda kimliği belirlenebilir kılan ne varsa etiketiyle ört.,çocuğumun okul servisi için adres Yeşilyurt Mah. Orkide Bulvarı No:235 D:28 Kat:6 Battalgazi/Ordu tel (505) 540 14 17,çocuğumun okul servisi için adres [ADRES] tel [TEL],[ADRES] [TEL],[ADRES] [TEL],çocuğumun okul servisi için adres [ADRES] tel (505) 540 14 17,False,True,False
118,tam,duz,Kişisel verileri tespit edip ilgili etiketlerle değiştir; başka değişiklik yapma.,biyometrik girişte sorun var el geometrisi verisi eşleşmiyor,biyometrik girişte sorun var [BIYOMETRIK] eşleşmiyor,[BIYOMETRIK],[BIYOMETRIK],biyometrik girişte sorun var [BIYOMETRIK] eşleşmiyor,True,True,False
119,tam,duz,"KVKK gereği bütün kişisel ve hassas alanları gizle; tutar, adet gibi kişisel olmayan sayılara dokunma.",internetten yaptığım ödeme görünmüyor kart no 5476 1954 6539 0598 skt 10/2030,internetten yaptığım ödeme görünmüyor kart no [KART] skt [KART_SKT],[KART] [KART_SKT],[KART] [KART_SKT],internetten yaptığım ödeme görünmüyor kart no [KART] skt 10/2030,False,True,False
120,tam,cok_kisi,"KVKK gereği bütün kişisel ve hassas alanları gizle; tutar, adet gibi kişisel olmayan sayılara dokunma.",aidat iadesi için ıban paylaşıyorum TR208270803883481028157741 isim Gülter Hayrioğlu ayrıca müşteri Arda Sezgin kredi notu 852 çıktı limit artışı uygun mu,aidat iadesi için ıban paylaşıyorum [IBAN] isim [AD] ayrıca müşteri [AD] kredi notu [KREDI_NOTU] çıktı limit artışı uygun mu,[AD] [IBAN] [KREDI_NOTU],[AD] [IBAN] [KREDI_NOTU],aidat iadesi için ıban paylaşıyorum [IBAN] isim [AD] ayrıca müşteri [AD] kredi notu [KREDI_NOTU] çıktı limit artışı uygun mu,True,True,False
121,tam,kayit,Gizlilik filtresi uygula: tüm kişisel alanlar etikete dönüşsün.,"başvuru detayları: anne kızlık soyadı Dinç, kredi notu 1387, kullanıcı adı dmanco67, şifresi Marmara.9553., ip 163.9.66.141, e-postası eda_ozdemir@gmail.com, cihaz id 143N-YEUO-KE75","başvuru detayları: anne kızlık soyadı [ANNE_KIZLIK], kredi notu [KREDI_NOTU], kullanıcı adı [KULLANICI_ADI], şifresi [SIFRE], ip [IP_ADRES], e-postası [EMAIL], cihaz id [CIHAZ_ID]",[ANNE_KIZLIK] [CIHAZ_ID] [EMAIL] [IP_ADRES] [KREDI_NOTU] [KULLANICI_ADI] [SIFRE],[ANNE_KIZLIK] [CIHAZ_ID] [EMAIL] [IP_ADRES] [KREDI_NOTU] [KULLANICI_ADI] [SIFRE],"başvuru detayları: anne kızlık soyadı [ANNE_KIZLIK], kredi notu [KREDI_NOTU], kullanıcı adı [KULLANICI_ADI], şifresi [SIFRE], ip [IP_ADRES], e-postası [EMAIL], cihaz id [CIHAZ_ID]",True,True,False
122,tam,duz,"KVKK gereği bütün kişisel ve hassas alanları gizle; tutar, adet gibi kişisel olmayan sayılara dokunma.",kartımın cvv si 148 pin i 9316 kimseyle paylaşmadım ama şüpheli işlem var,kartımın cvv si [CVV] pin i [PIN] kimseyle paylaşmadım ama şüpheli işlem var,[CVV] [PIN],[CVV] [PIN],kartımın cvv si [CVV] pin i 9316 kimseyle paylaşmadım ama şüpheli işlem var,False,True,False
123,tam,duz,Bu satırdaki her kişisel bilgiyi maskeleyerek yeniden yaz.,araç satışı için şasi 63EK3GMHEGSGJTZ1X motor M38R206006 sorgulanacak,araç satışı için şasi [SASI_NO] motor [MOTOR_NO] sorgulanacak,[MOTOR_NO] [SASI_NO],[MOTOR_NO] [SASI_NO],araç satışı için şasi [SASI_NO] motor [MOTOR_NO] sorgulanacak,True,True,False
124,tam,duz,Kişisel verileri tespit edip ilgili etiketlerle değiştir; başka değişiklik yapma.,yeni telefon numaram (544) 154 25 22 sisteme işlenmemiş hâlâ eskisi görünüyor,yeni telefon numaram [TEL] sisteme işlenmemiş hâlâ eskisi görünüyor,[TEL],[TEL],yeni telefon numaram [TEL] sisteme işlenmemiş hâlâ eskisi görünüyor,True,True,False
125,tam,duz,"Bütün PII alanlarını maskele, metnin geri kalanını aynen koru.",imza doğrulaması için e-imza sertifika seri no 2403416640 kayıtlarda mevcut,imza doğrulaması için [IMZA] kayıtlarda mevcut,[IMZA],[IMZA],imza doğrulaması için [IMZA] kayıtlarda mevcut,True,True,False
126,tam,ekli,"KVKK gereği bütün kişisel ve hassas alanları gizle; tutar, adet gibi kişisel olmayan sayılara dokunma.",ceren_celik@outlook.com'dan gelen talebi Dilek Şensoy'a yönlendirin,[EMAIL]'dan gelen talebi [AD]'a yönlendirin,[AD] [EMAIL],[AD] [EMAIL],[EMAIL]'dan gelen talebi [AD]'a yönlendirin,True,True,False
127,tam,sozle,"Bütün PII alanlarını maskele, metnin geri kalanını aynen koru.",aidat iadesi için ıban paylaşıyorum sekiz sıfır bir sıfır iki altı yedi üç beş sekiz bir sekiz üç üç beş sıfır isim Burak Çelik,aidat iadesi için ıban paylaşıyorum [IBAN] isim [AD],[AD] [IBAN],[AD] [IBAN],aidat iadesi için ıban paylaşıyorum [IBAN] isim [AD],True,True,False
128,tam,uzun,"Bütün PII alanlarını maskele, metnin geri kalanını aynen koru.","annemin kızlık soyadı Şama güvenlik sorusunda kabul edilmiyor. e-fatura mükellefiyeti için vergi no 5554176901 kayıtlı mı bakar mısınız. doğum yerim Yıldırım nüfusta farklı yazılmış düzeltilsin. kayıp cihaz bildirimi imei 427829289963269 son konum 37.7066, 35.1471. internetten yaptığım ödeme görünmüyor kart no 5795641676528909 skt 04/28",annemin kızlık soyadı [ANNE_KIZLIK] güvenlik sorusunda kabul edilmiyor. e-fatura mükellefiyeti için vergi no [VERGI_NO] kayıtlı mı bakar mısınız. doğum yerim [DOGUM_YERI] nüfusta farklı yazılmış düzeltilsin. kayıp cihaz bildirimi imei [IMEI] son konum [KONUM]. internetten yaptığım ödeme görünmüyor kart no [KART] skt [KART_SKT],[ANNE_KIZLIK] [DOGUM_YERI] [IMEI] [KART] [KART_SKT] [KONUM] [VERGI_NO],[ANNE_KIZLIK] [DOGUM_YERI] [IMEI] [KART] [KART_SKT] [KONUM] [VERGI_NO],annemin kızlık soyadı [ANNE_KIZLIK] güvenlik sorusunda kabul edilmiyor. e-fatura mükellefiyeti için vergi no [VERGI_NO] kayıtlı mı bakar mısınız. doğum yerim [DOGUM_YERI] nüfusta farklı yazılmış düzeltilsin. kayıp cihaz bildirimi imei [IMEI] son konum [KONUM]. internetten yaptığım ödeme görünmüyor kart no [KART] skt [KART],False,True,False
129,tam,uzun,Bu satırdaki her kişisel bilgiyi maskeleyerek yeniden yaz.,kan grubum B Rh negatif acil kartıma işlensin. kredi başvurumun durumunu öğrenmek istiyorum adım Cuman Bilgin tc 58156970326. yeni telefon numaram (544) 614 73 28 sisteme işlenmemiş hâlâ eskisi görünüyor. e-fatura mükellefiyeti için vergi no dokuz dokuz sekiz dört sıfır altı yedi üç yedi dokuz kayıtlı mı bakar mısınız. sağlık raporumda kalp yetmezliği takibi yazıyor sigorta primi değişir mi. vpn erişimi açılsın ip 223.175.109.35 mac BD:55:49:6B:BF:1C,kan grubum [KAN_GRUBU] acil kartıma işlensin. kredi başvurumun durumunu öğrenmek istiyorum adım [AD] tc [TCKN]. yeni telefon numaram [TEL] sisteme işlenmemiş hâlâ eskisi görünüyor. e-fatura mükellefiyeti için vergi no [VERGI_NO] kayıtlı mı bakar mısınız. sağlık raporumda [SAGLIK] yazıyor sigorta primi değişir mi. vpn erişimi açılsın ip [IP_ADRES] mac [MAC_ADRES],[AD] [IP_ADRES] [KAN_GRUBU] [MAC_ADRES] [SAGLIK] [TCKN] [TEL] [VERGI_NO],[AD] [IP_ADRES] [KAN_GRUBU] [MAC_ADRES] [SAGLIK] [TCKN] [TEL] [VERGI_NO],kan grubum [KAN_GRUBU] acil kartıma işlensin. kredi başvurumun durumunu öğrenmek istiyorum adım [AD] tc [TCKN]. yeni telefon numaram [TEL] sisteme işlenmemiş hâlâ eskisi görünüyor. e-fatura mükellefiyeti için vergi no [VERGI_NO] kayıtlı mı bakar mısınız. sağlık raporumda [SAGLIK] yazıyor sigorta primi değişir mi. vpn erişimi açılsın ip [IP_ADRES] mac [MAC_ADRES],True,True,False
130,tam,duz,Aşağıdaki mesajda kimliği belirlenebilir kılan ne varsa etiketiyle ört.,yabancı müşteri kaydı uyruğu İran pasaport U25966852,yabancı müşteri kaydı uyruğu [UYRUK] pasaport [PASAPORT_NO],[PASAPORT_NO] [UYRUK],[PASAPORT_NO] [UYRUK],yabancı müşteri kaydı uyruğu [UYRUK] pasaport [PASAPORT_NO],True,False,False
131,tam,ekli,Bu satırdaki her kişisel bilgiyi maskeleyerek yeniden yaz.,24.04.1989'da doğanlara özel kampanya Barış Aydın'a tanımlansın,[DOGUM_TARIHI]'da doğanlara özel kampanya [AD]'a tanımlansın,[AD] [DOGUM_TARIHI],[AD] [DOGUM_TARIHI],[DOGUM_TARIHI]'da doğanlara özel kampanya [AD]'a tanımlansın,True,True,False
132,tam,uzun,Gizlilik filtresi uygula: tüm kişisel alanlar etikete dönüşsün.,bordro itirazım var sicil SC4716 maaşım 148.500 TL maaş yatmış eksik. işe giriş evrakları için sgk no 5906565706704 gerekiyormuş. araç satışı için şasi SMY2W6YDEL0K4SJZU motor O36B746377 sorgulanacak. çalışan Hüseyin Şafak Bulut Lojistik Ltd. Şti. bünyesinde 74 yaşında erkek. vpn erişimi açılsın ip 229.62.151.71 mac 09:67:B6:2C:8D:DD,bordro itirazım var sicil [SICIL_NO] maaşım [MAAS] yatmış eksik. işe giriş evrakları için sgk no [SGK_NO] gerekiyormuş. araç satışı için şasi [SASI_NO] motor [MOTOR_NO] sorgulanacak. çalışan [AD] [ISYERI] bünyesinde [YAS] yaşında [CINSIYET]. vpn erişimi açılsın ip [IP_ADRES] mac [MAC_ADRES],[AD] [CINSIYET] [IP_ADRES] [ISYERI] [MAAS] [MAC_ADRES] [MOTOR_NO] [SASI_NO] [SGK_NO] [SICIL_NO] [YAS],[AD] [CINSIYET] [IP_ADRES] [ISYERI] [MAAS] [MAC_ADRES] [MOTOR_NO] [SASI_NO] [SGK_NO] [SICIL_NO] [YAS],bordro itirazım var sicil [SICIL_NO] maaşım [MAAS]. işe giriş evrakları için sgk no [SGK_NO] gerekiyormuş. araç satışı için şasi [SASI_NO] motor [MOTOR_NO] sorgulanacak. çalışan [AD] [ISYERI] bünyesinde [YAS] yaşında [AILE]. vpn erişimi açılsın ip [IP_ADRES] mac [MAC_ADRES],False,False,False
133,tam,uzun,"KVKK gereği bütün kişisel ve hassas alanları gizle; tutar, adet gibi kişisel olmayan sayılara dokunma.",din hanesi Müslüman olarak görünüyor değiştirmek istiyorum. sağlık raporumda penisilin alerjisi yazıyor sigorta primi değişir mi. araç satışı için şasi TJ5HVSRZYWYGNAULL motor Z29R201814 sorgulanacak. annemin kızlık soyadı Yaman güvenlik sorusunda kabul edilmiyor,din hanesi [DIN] olarak görünüyor değiştirmek istiyorum. sağlık raporumda [SAGLIK] yazıyor sigorta primi değişir mi. araç satışı için şasi [SASI_NO] motor [MOTOR_NO] sorgulanacak. annemin kızlık soyadı [ANNE_KIZLIK] güvenlik sorusunda kabul edilmiyor,[ANNE_KIZLIK] [DIN] [MOTOR_NO] [SAGLIK] [SASI_NO],[ANNE_KIZLIK] [DIN] [MOTOR_NO] [SAGLIK] [SASI_NO],din hanesi [DIN] olarak görünüyor değiştirmek istiyorum. sağlık raporumda [SAGLIK] yazıyor sigorta primi değişir mi. araç satışı için şasi [SASI_NO] motor [MOTOR_NO] sorgulanacak. annemin kızlık soyadı [ANNE_KIZLIK] güvenlik sorusunda [CEZA_KAYDI] nedeniyle [CEZA_KAYDI] nedeniyle [CEZA_KAYDI] nedeniyle [CEZA_KAYDI] nedeniyle [CEZA_KAYDI] nedeniyle [CEZA_KAYDI] nedeniyle [CEZA_KAYDI] nedeniyle [CEZA_KAYDI] nedeniyle [CEZA_KAYDI] nedeniyle [CEZA_KAYDI] nedeniyle [CEZA_KAYDI] nedeniyle [CEZA_KAYDI] nedeniyle [CEZA_KAYDI] nedeniyle [CEZA_KAYDI] nedeniyle [CEZA_KAYDI] nedeniyle [CEZA_KAYDI] nedeniyle [CEZA_KAYDI] nedeniyle [CEZA_KAYDI] nedeniyle [CEZA_KAYDI] nedeniyle [CEZA_KAYDI] nedeniyle [CEZA_KAYDI] nedeniyle [CEZA_KAYDI] nedeniyle [CEZA_KAYDI] nedeniyle [CEZA_KAYDI] nedeniyle [CEZA_KAYDI] nedeniyle [CEZA_KAYDI] nedeniyle [CEZA_KAYDI] nedeniyle [CEZA_KAYDI] nedeniyle [CEZA_KAYDI] nedeniyle [CEZA_KAYDI] nedeniyle [CEZA_KAYDI] nedeniyle [CEZA_KAYDI] nedeniyle [CEZA_KAYDI] nedeniyle [CEZA_KAYDI] nedeniyle [CEZA_KAYDI] nedeniyle [CEZA_KAYDI] nedeniyle [CEZA_KAYDI] nedeniyle [CEZA_KAYDI] nedeniyle [CEZA_KAYDI] nedeniyle [CEZA_KAYDI] nedeniyle [CEZA_KAYDI] nedeniyle [CEZA_KAYDI] nedeniyle [CEZA_KAYDI] nedeniyle [CEZA_KAYDI] nedeniyle [CEZA_KAYDI] nedeniyle [CEZA_KAYDI] nedeniyle [CEZA_KAYDI] nedeniyle [CEZA_KAYDI] nedeniyle [CEZA_KAYDI] nedeniyle,False,True,False
134,tam,ekli,"KVKK gereği bütün kişisel ve hassas alanları gizle; tutar, adet gibi kişisel olmayan sayılara dokunma.",TR554854500665824370486631'den gelen ödeme iade edilsin,[IBAN]'den gelen ödeme iade edilsin,[IBAN],[IBAN],[IBAN]'den gelen ödeme iade edilsin,True,True,False
135,tam,uzun,Aşağıdaki mesajda kimliği belirlenebilir kılan ne varsa etiketiyle ört.,biyometrik girişte sorun var yüz tanıma verisi eşleşmiyor. etnik köken alanı Ermeni yazılmış bu alan zorunlu mu. sözleşme feshi talep ediyorum sözleşme no 2027/5614-C tc altmış yedi sıfır bir sıfır iki altmış kırk iki sekiz. bordro itirazım var sicil SC0242 maaşım 93.500 TL maaş yatmış eksik,biyometrik girişte sorun var [BIYOMETRIK] eşleşmiyor. etnik köken alanı [ETNIK_KOKEN] yazılmış bu alan zorunlu mu. sözleşme feshi talep ediyorum sözleşme no [SOZLESME_NO] tc [TCKN]. bordro itirazım var sicil [SICIL_NO] maaşım [MAAS] yatmış eksik,[BIYOMETRIK] [ETNIK_KOKEN] [MAAS] [SICIL_NO] [SOZLESME_NO] [TCKN],[BIYOMETRIK] [ETNIK_KOKEN] [MAAS] [SICIL_NO] [SOZLESME_NO] [TCKN],biyometrik girişte sorun var [BIYOMETRIK] eşleşmiyor. etnik köken alanı [ETNIK_KOKEN] yazılmış bu alan zorunlu mu. sözleşme feshi talep ediyorum sözleşme no [SOZLESME_NO] tc [TCKN]. bordro itirazım var sicil [SICIL_NO] maaşım [MAAS] yatmış eksik,True,True,False
136,tam,duz,Aşağıdaki mesajda kimliği belirlenebilir kılan ne varsa etiketiyle ört.,kartımın cvv si 291 pin i 805540 kimseyle paylaşmadım ama şüpheli işlem var,kartımın cvv si [CVV] pin i [PIN] kimseyle paylaşmadım ama şüpheli işlem var,[CVV] [PIN],[CVV] [PIN],kartımın cvv si [CVV] pin i 805540 kimseyle paylaşmadım ama şüpheli işlem var,False,True,False
137,tam,duz,Bu satırdaki her kişisel bilgiyi maskeleyerek yeniden yaz.,müşteri Orçin Zengin kredi notu 1552 çıktı limit artışı uygun mu,müşteri [AD] kredi notu [KREDI_NOTU] çıktı limit artışı uygun mu,[AD] [KREDI_NOTU],[AD] [KREDI_NOTU],müşteri [AD] kredi notu [KREDI_NOTU] çıktı limit artışı uygun mu,True,True,False
138,tam,uzun,Aşağıdaki mesajda kimliği belirlenebilir kılan ne varsa etiketiyle ört.,etnik köken alanı Arnavut yazılmış bu alan zorunlu mu. vpn erişimi açılsın ip 225.246.92.159 mac B8:52:96:D4:11:22. çalışan Furkan Öztürk Yıldız Medya A.Ş. bünyesinde 86 yaşında erkek. aile durumu eşi vefat etmiş olarak güncellendi onaylıyor musunuz. araç satışı için şasi RK30NLPVUCHTET5JR motor N37D458431 sorgulanacak. sözleşme feshi talep ediyorum sözleşme no 5705-64795 tc 9714 2763 672,etnik köken alanı [ETNIK_KOKEN] yazılmış bu alan zorunlu mu. vpn erişimi açılsın ip [IP_ADRES] mac [MAC_ADRES]. çalışan [AD] [ISYERI] bünyesinde [YAS] yaşında [CINSIYET]. aile durumu [AILE] olarak güncellendi onaylıyor musunuz. araç satışı için şasi [SASI_NO] motor [MOTOR_NO] sorgulanacak. sözleşme feshi talep ediyorum sözleşme no [SOZLESME_NO] tc [TCKN],[AD] [AILE] [CINSIYET] [ETNIK_KOKEN] [IP_ADRES] [ISYERI] [MAC_ADRES] [MOTOR_NO] [SASI_NO] [SOZLESME_NO] [TCKN] [YAS],[AD] [AILE] [CINSIYET] [ETNIK_KOKEN] [IP_ADRES] [ISYERI] [MAC_ADRES] [MOTOR_NO] [SASI_NO] [SOZLESME_NO] [TCKN] [YAS],etnik köken alanı [ETNIK_KOKEN] yazılmış bu alan zorunlu mu. vpn erişimi açılsın ip [IP_ADRES] mac [MAC_ADRES]. çalışan [AD] [ISYERI] bünyesinde [AILE]. aile durumu [AILE] olarak güncellendi onaylıyor musunuz. araç satışı için şasi [SASI_NO] motor [MOTOR_NO] sorgulanacak. sözleşme feshi talep ediyorum sözleşme no [SOZLESME_NO] tc [TCKN],False,False,False
139,tam,duz,Bu satırdaki her kişisel bilgiyi maskeleyerek yeniden yaz.,bordro itirazım var sicil SC4707 maaşım 86 bin TL yatmış eksik,bordro itirazım var sicil [SICIL_NO] maaşım [MAAS] yatmış eksik,[MAAS] [SICIL_NO],[MAAS] [SICIL_NO],bordro itirazım var sicil [SICIL_NO] maaşım 86 bin TL yatmış eksik,False,True,False
140,tam,duz,Bu kayıtta kişisel veri niteliği taşıyan her şeyi köşeli parantezli etiketle değiştir.,aile durumu iki çocuğu var olarak güncellendi onaylıyor musunuz,aile durumu [AILE] olarak güncellendi onaylıyor musunuz,[AILE],[AILE],aile durumu [AILE] olarak güncellendi onaylıyor musunuz,True,True,False
141,tam,ekli,Bu kayıtta kişisel veri niteliği taşıyan her şeyi köşeli parantezli etiketle değiştir.,SC4071'i pasife alın işten ayrıldı,[SICIL_NO]'i pasife alın işten ayrıldı,[SICIL_NO],[SICIL_NO],[SICIL_NO]'i pasife alın işten ayrıldı,True,True,False
142,tam,uzun,Bu kayıtta kişisel veri niteliği taşıyan her şeyi köşeli parantezli etiketle değiştir.,sözleşme feshi talep ediyorum sözleşme no 4335-06275 tc 29948216090. referans olarak REF-2024-8751 yazdım aranacak mı. biyometrik girişte sorun var yüz tanıma verisi eşleşmiyor. annemin kızlık soyadı Çelik güvenlik sorusunda kabul edilmiyor. şirket aracının muayenesi yaklaştı plaka 02 LSA 8309 ruhsat no ZO-304303. kredi başvurumun durumunu öğrenmek istiyorum adım Gülsalın Ekinci tc 9843 8656 234,sözleşme feshi talep ediyorum sözleşme no [SOZLESME_NO] tc [TCKN]. referans olarak [REFERANS] yazdım aranacak mı. biyometrik girişte sorun var [BIYOMETRIK] eşleşmiyor. annemin kızlık soyadı [ANNE_KIZLIK] güvenlik sorusunda kabul edilmiyor. şirket aracının muayenesi yaklaştı plaka [PLAKA] ruhsat no [RUHSAT_NO]. kredi başvurumun durumunu öğrenmek istiyorum adım [AD] tc [TCKN],[AD] [ANNE_KIZLIK] [BIYOMETRIK] [PLAKA] [REFERANS] [RUHSAT_NO] [SOZLESME_NO] [TCKN],[AD] [ANNE_KIZLIK] [BIYOMETRIK] [PLAKA] [REFERANS] [RUHSAT_NO] [SOZLESME_NO] [TCKN],sözleşme feshi talep ediyorum sözleşme no [SOZLESME_NO] tc [TCKN]. referans olarak [REFERANS] yazdım aranacak mı. biyometrik girişte sorun var [BIYOMETRIK] eşleşmiyor. annemin kızlık soyadı [ANNE_KIZLIK] güvenlik sorusunda kabul edilmiyor. şirket aracının muayenesi yaklaştı plaka [PLAKA] ruhsat no [RUHSAT_NO]. kredi başvurumun durumunu öğrenmek istiyorum adım [AD] tc [TCKN],True,True,False
143,tam,duz,"Bütün PII alanlarını maskele, metnin geri kalanını aynen koru.",biyometrik girişte sorun var yüz tanıma verisi eşleşmiyor,biyometrik girişte sorun var [BIYOMETRIK] eşleşmiyor,[BIYOMETRIK],[BIYOMETRIK],biyometrik girişte sorun var [BIYOMETRIK] eşleşmiyor,True,True,False
144,tam,sozle,"Bütün PII alanlarını maskele, metnin geri kalanını aynen koru.",sözleşme feshi talep ediyorum sözleşme no 5749-73469 tc iki üç altı sekiz yedi sıfır sıfır dokuz beş sekiz altı sıfır dört dokuz sekiz yedi,sözleşme feshi talep ediyorum sözleşme no [SOZLESME_NO] tc [TCKN],[SOZLESME_NO] [TCKN],[SOZLESME_NO] [TCKN],sözleşme feshi talep ediyorum sözleşme no [SOZLESME_NO] tc [TCKN],True,True,False
145,tam,duz,"Bütün PII alanlarını maskele, metnin geri kalanını aynen koru.",sağlık raporumda epilepsi tanısı yazıyor sigorta primi değişir mi,sağlık raporumda [SAGLIK] yazıyor sigorta primi değişir mi,[SAGLIK],[SAGLIK],sağlık raporumda [SAGLIK] yazıyor sigorta primi değişir mi,True,True,False
146,tam,kayit,"Bütün PII alanlarını maskele, metnin geri kalanını aynen koru.","başvuru detayları: e-postası derya_yildirim@hotmail.com, referansı RF44397114, kan grubu A Rh negatif, poliçe no 3583/030748, ilgili kişi Yurtseven Kaya, kredi notu 486, doğum tarihi 1952-07-07, kullanıcı adı ersatasl42, maaşı 66.500 TL maaş","başvuru detayları: e-postası [EMAIL], referansı [REFERANS], kan grubu [KAN_GRUBU], poliçe no [POLICE_NO], ilgili kişi [AD], kredi notu [KREDI_NOTU], doğum tarihi [DOGUM_TARIHI], kullanıcı adı [KULLANICI_ADI], maaşı [MAAS]",[AD] [DOGUM_TARIHI] [EMAIL] [KAN_GRUBU] [KREDI_NOTU] [KULLANICI_ADI] [MAAS] [POLICE_NO] [REFERANS],[AD] [DOGUM_TARIHI] [EMAIL] [KAN_GRUBU] [KREDI_NOTU] [KULLANICI_ADI] [MAAS] [POLICE_NO] [REFERANS],"başvuru detayları: e-postası [EMAIL], referansı [REFERANS], kan grubu [KAN_GRUBU], poliçe no [POLICE_NO], ilgili kişi [AD], kredi notu [KREDI_NOTU], doğum tarihi [DOGUM_TARIHI], kullanıcı adı [KULLANICI_ADI], maaşı [MAAS]",True,True,False
147,tam,sozle,"Bütün PII alanlarını maskele, metnin geri kalanını aynen koru.",kredi başvurumun durumunu öğrenmek istiyorum adım Berk Yüksel tc sekiz sekiz altı beş dokuz dört yedi sekiz dokuz dört sekiz sekiz bir sekiz beş sekiz,kredi başvurumun durumunu öğrenmek istiyorum adım [AD] tc [TCKN],[AD] [TCKN],[AD] [TCKN],kredi başvurumun durumunu öğrenmek istiyorum adım [AD] tc [TCKN],True,True,False
148,tam,uzun,Gizlilik filtresi uygula: tüm kişisel alanlar etikete dönüşsün.,etnik köken alanı Gürcü yazılmış bu alan zorunlu mu. cihaz eşleştirme kodu LNI2-TO50-9WO0 kabul edilmiyor. sendika kesintisi neden yapıldı sendika üyeliği yok görünüyorum. yabancı müşteri kaydı uyruğu İran pasaport A72437613,etnik köken alanı [ETNIK_KOKEN] yazılmış bu alan zorunlu mu. cihaz eşleştirme kodu [CIHAZ_ID] kabul edilmiyor. sendika kesintisi neden yapıldı [SENDIKA] görünüyorum. yabancı müşteri kaydı uyruğu [UYRUK] pasaport [PASAPORT_NO],[CIHAZ_ID] [ETNIK_KOKEN] [PASAPORT_NO] [SENDIKA] [UYRUK],[CIHAZ_ID] [ETNIK_KOKEN] [PASAPORT_NO] [SENDIKA] [UYRUK],etnik köken alanı [ETNIK_KOKEN] yazılmış bu alan zorunlu mu. cihaz eşleştirme kodu [CIHAZ_ID] kabul edilmiyor. sendika kesintisi neden yapıldı [SENDIKA] görünüyorum. yabancı müşteri kaydı uyruğu [UYRUK] pasaport [PASAPORT_NO],True,False,False
149,tam,duz,Bu satırdaki her kişisel bilgiyi maskeleyerek yeniden yaz.,poliçemi yenilemek istiyorum poliçe no P235690136 doğum tarihim 8 Temmuz 1982,poliçemi yenilemek istiyorum poliçe no [POLICE_NO] doğum tarihim [DOGUM_TARIHI],[DOGUM_TARIHI] [POLICE_NO],[DOGUM_TARIHI] [POLICE_NO],poliçemi yenilemek istiyorum poliçe no [POLICE_NO] doğum tarihim [DOGUM_TARIHI],True,True,False
150,tam,duz,"Bütün PII alanlarını maskele, metnin geri kalanını aynen koru.",çalışan Derya Çamurcuoğlu Tekirdağ Büyükşehir Belediyesi bünyesinde 67 yaşında erkek,çalışan [AD] [ISYERI] bünyesinde [YAS] yaşında [CINSIYET],[AD] [CINSIYET] [ISYERI] [YAS],[AD] [CINSIYET] [ISYERI] [YAS],çalışan [AD] [ISYERI] bünyesinde 67 yaşında [AILE],False,False,False
151,tam,uzun,"KVKK gereği bütün kişisel ve hassas alanları gizle; tutar, adet gibi kişisel olmayan sayılara dokunma.","vpn erişimi açılsın ip 35.224.230.94 mac CA:BB:76:31:2E:77. biyometrik girişte sorun var avuç içi damar izi eşleşmiyor. yabancı müşteri kaydı uyruğu Bulgaristan pasaport A82245300. kayıp cihaz bildirimi imei 895383721542031 son konum 37.7367, 26.9989",vpn erişimi açılsın ip [IP_ADRES] mac [MAC_ADRES]. biyometrik girişte sorun var [BIYOMETRIK] eşleşmiyor. yabancı müşteri kaydı uyruğu [UYRUK] pasaport [PASAPORT_NO]. kayıp cihaz bildirimi imei [IMEI] son konum [KONUM],[BIYOMETRIK] [IMEI] [IP_ADRES] [KONUM] [MAC_ADRES] [PASAPORT_NO] [UYRUK],[BIYOMETRIK] [IMEI] [IP_ADRES] [KONUM] [MAC_ADRES] [PASAPORT_NO] [UYRUK],vpn erişimi açılsın ip [IP_ADRES] mac [MAC_ADRES]. biyometrik girişte sorun var [BIYOMETRIK] eşleşmiyor. yabancı müşteri kaydı uyruğu [UYRUK] pasaport [PASAPORT_NO]. kayıp cihaz bildirimi imei [IMEI] son konum [KONUM],True,False,False
152,tam,cok_kisi,Metindeki tüm kişisel verileri uygun etiketlerle maskele.,çalışan Ahmet Yılmaz Samsun Devlet Hastanesi bünyesinde 22 yaşında erkek ayrıca Adıgün Şimşek'in vekaleti Esra Çakır'a devredildi,çalışan [AD] [ISYERI] bünyesinde [YAS] yaşında [CINSIYET] ayrıca [AD]'in vekaleti [AD]'a devredildi,[AD] [CINSIYET] [ISYERI] [YAS],[AD] [CINSIYET] [ISYERI] [YAS],çalışan [AD] [ISYERI] bünyesinde [AD] yaşında [AILE] ayrıca [AD]'in vekaleti [AD]'a devredildi,False,False,False
153,tam,duz,Gizlilik filtresi uygula: tüm kişisel alanlar etikete dönüşsün.,imza doğrulaması için imza hash 15dfb145 kayıtlarda mevcut,imza doğrulaması için [IMZA] kayıtlarda mevcut,[IMZA],[IMZA],imza doğrulaması için [IMZA] kayıtlarda mevcut,True,True,False
154,tam,ekli,"Bütün PII alanlarını maskele, metnin geri kalanını aynen koru.",38 UY 4994'ün otoyol geçiş borcu var mı,[PLAKA]'ün otoyol geçiş borcu var mı,[PLAKA],[PLAKA],[PLAKA]'ün otoyol geçiş borcu var mı,True,True,False
155,tam,ekli,"Bütün PII alanlarını maskele, metnin geri kalanını aynen koru.",ödeme talimatını 4770-6539536-723'e bağlayın,ödeme talimatını [HESAP_NO]'e bağlayın,[HESAP_NO],[HESAP_NO],ödeme talimatını [HESAP_NO]'e bağlayın,True,True,False
156,tam,caps,Kişisel verileri tespit edip ilgili etiketlerle değiştir; başka değişiklik yapma.,ŞİRKET ARACININ MUAYENESİ YAKLAŞTI PLAKA 61 CFH 8603 RUHSAT NO LN-175797,ŞİRKET ARACININ MUAYENESİ YAKLAŞTI PLAKA [PLAKA] RUHSAT NO [RUHSAT_NO],[PLAKA] [RUHSAT_NO],[PLAKA] [RUHSAT_NO],ŞİRKET ARACININ MUAYENESİ YAKLAŞTI PLAKA [PLAKA] RUHSAT NO LN-175797,False,True,False
157,tam,duz,"Bütün PII alanlarını maskele, metnin geri kalanını aynen koru.",çalışan Ceren Tunç Bereket İnşaat A.Ş. bünyesinde 36 yaşında erkek,çalışan [AD] [ISYERI] bünyesinde [YAS] yaşında [CINSIYET],[AD] [CINSIYET] [ISYERI] [YAS],[AD] [CINSIYET] [ISYERI] [YAS],çalışan [AD] [ISYERI] bünyesinde 36 yaşında [AILE],False,False,False
158,tam,cok_kisi,"Bütün PII alanlarını maskele, metnin geri kalanını aynen koru.",çalışan Tolga Durdu Akdeniz Kimya Ltd. Şti. bünyesinde 29 yaşında kadın ayrıca kredi başvurumun durumunu öğrenmek istiyorum adım Burak Şimşek tc üç üç dokuz altı yedi yedi üç altı dört sıfır sekiz,çalışan [AD] [ISYERI] bünyesinde [YAS] yaşında [CINSIYET] ayrıca kredi başvurumun durumunu öğrenmek istiyorum adım [AD] tc [TCKN],[AD] [CINSIYET] [ISYERI] [TCKN] [YAS],[AD] [CINSIYET] [ISYERI] [TCKN] [YAS],çalışan [AD] [ISYERI] bünyesinde [YAS] yaşında [AILE] ayrıca kredi başvurumun durumunu öğrenmek istiyorum adım [AD] tc [TCKN],False,False,False
159,tam,duz,Aşağıdaki mesajda kimliği belirlenebilir kılan ne varsa etiketiyle ört.,aile durumu annesiyle yaşıyor olarak güncellendi onaylıyor musunuz,aile durumu [AILE] olarak güncellendi onaylıyor musunuz,[AILE],[AILE],aile durumu [AILE] olarak güncellendi onaylıyor musunuz,True,True,False
160,tam,"ekli,caps","Bütün PII alanlarını maskele, metnin geri kalanını aynen koru.",(542) 330 05 03'E DOĞRULAMA KODU GELMİYOR,[TEL]'E DOĞRULAMA KODU GELMİYOR,[TEL],[TEL],[TEL]'E DOĞRULAMA KODU GELMİYOR,True,True,False
161,tam,duz,"KVKK gereği bütün kişisel ve hassas alanları gizle; tutar, adet gibi kişisel olmayan sayılara dokunma.",şoför belgem yenilendi ehliyet no D6099222,şoför belgem yenilendi ehliyet no [EHLIYET_NO],[EHLIYET_NO],[EHLIYET_NO],şoför belgem yenilendi ehliyet no [EHLIYET_NO],True,True,False
162,tam,duz,Aşağıdaki mesajda kimliği belirlenebilir kılan ne varsa etiketiyle ört.,çocuğumun okul servisi için adres Mimar Sinan Mah. Lale Sokak No:225 Maltepe/Bursa tel (532) 859 78 51,çocuğumun okul servisi için adres [ADRES] tel [TEL],[ADRES] [TEL],[ADRES] [TEL],çocuğumun okul servisi için adres [ADRES] tel (532) 859 78 51,False,True,False
163,tam,cok_kisi,"KVKK gereği bütün kişisel ve hassas alanları gizle; tutar, adet gibi kişisel olmayan sayılara dokunma.",aidat iadesi için ıban paylaşıyorum TR78-3084-7760-7414-9124-9631-34 isim Başhan Polat ayrıca Büşra Avcı'nın vekaleti Günar Kaya'ya devredildi,aidat iadesi için ıban paylaşıyorum [IBAN] isim [AD] ayrıca [AD]'nın vekaleti [AD]'ya devredildi,[AD] [IBAN],[AD] [IBAN],aidat iadesi için ıban paylaşıyorum [IBAN] isim [AD] ayrıca [AD]'nın vekaleti [AD]'ya devredildi,True,True,False
164,tam,ekli,Bu satırdaki her kişisel bilgiyi maskeleyerek yeniden yaz.,ozan.sensoy@yandex.com'dan gelen talebi Ali Avcı'ya yönlendirin,[EMAIL]'dan gelen talebi [AD]'ya yönlendirin,[AD] [EMAIL],[AD] [EMAIL],[EMAIL]'dan gelen talebi [AD]'ya yönlendirin,True,True,False
165,tam,kayit,Metindeki tüm kişisel verileri uygun etiketlerle maskele.,"çağrı merkezi notu: müşteri no elli dört otuz iki yirmi kırk altı, gsm 0538 968 18 56, cvv 460, imei 961619283685899, kullanıcı adı eceozc17, şifresi Bulut-1939!, ruhsat no RN-574841, sgk no 3256886314902","çağrı merkezi notu: müşteri no [MUSTERI_NO], gsm [TEL], cvv [CVV], imei [IMEI], kullanıcı adı [KULLANICI_ADI], şifresi [SIFRE], ruhsat no [RUHSAT_NO], sgk no [SGK_NO]",[CVV] [IMEI] [KULLANICI_ADI] [MUSTERI_NO] [RUHSAT_NO] [SGK_NO] [SIFRE] [TEL],[CVV] [IMEI] [KULLANICI_ADI] [MUSTERI_NO] [RUHSAT_NO] [SGK_NO] [SIFRE] [TEL],"çağrı merkezi notu: müşteri no [MUSTERI_NO], gsm [TEL], cvv [CVV], imei [IMEI], kullanıcı adı [KULLANICI_ADI], şifresi [SIFRE], ruhsat no [RUHSAT_NO], sgk no [SGK_NO]",True,True,False
166,tam,kayit,Metindeki tüm kişisel verileri uygun etiketlerle maskele.,"kredi başvuru formu: adli kaydı adli para cezası kaydı, cihaz id B4NM-DN1I-ZANH, ilgili kişi Eren Güler, IBAN TR52 9137 5419 5574 5021 6197 52, mac B0:B3:5E:21:73:EC","kredi başvuru formu: adli kaydı [CEZA_KAYDI], cihaz id [CIHAZ_ID], ilgili kişi [AD], IBAN [IBAN], mac [MAC_ADRES]",[AD] [CEZA_KAYDI] [CIHAZ_ID] [IBAN] [MAC_ADRES],[AD] [CEZA_KAYDI] [CIHAZ_ID] [IBAN] [MAC_ADRES],"kredi başvuru formu: [CEZA_KAYDI], cihaz id [CIHAZ_ID], ilgili kişi [AD], IBAN [IBAN], mac [MAC_ADRES]",False,True,False
167,tam,ekli,Metindeki tüm kişisel verileri uygun etiketlerle maskele.,havale Yusuf Zorlu'ya gitsin dekont da canur_yildiz@hotmail.com'a düşsün,havale [AD]'ya gitsin dekont da [EMAIL]'a düşsün,[AD] [EMAIL],[AD] [EMAIL],havale [AD]'ya gitsin dekont da [EMAIL]'a düşsün,True,True,False
168,tam,uzun,Bu satırdaki her kişisel bilgiyi maskeleyerek yeniden yaz.,şirket aracının muayenesi yaklaştı plaka 61 PAJ 3321 ruhsat no AL-585767. yeni telefon numaram (506) 224 61 91 sisteme işlenmemiş hâlâ eskisi görünüyor. araç satışı için şasi F7W4DFYLXKPWSY3AJ motor M60D370275 sorgulanacak. vpn erişimi açılsın ip 54.2.1.135 mac 19:FB:1D:AF:21:0B. doğum yerim Konya nüfusta farklı yazılmış düzeltilsin. uygulamaya giremiyorum kullanıcı adım hkurt74 şifremi Yaz4837# yapmıştım,şirket aracının muayenesi yaklaştı plaka [PLAKA] ruhsat no [RUHSAT_NO]. yeni telefon numaram [TEL] sisteme işlenmemiş hâlâ eskisi görünüyor. araç satışı için şasi [SASI_NO] motor [MOTOR_NO] sorgulanacak. vpn erişimi açılsın ip [IP_ADRES] mac [MAC_ADRES]. doğum yerim [DOGUM_YERI] nüfusta farklı yazılmış düzeltilsin. uygulamaya giremiyorum kullanıcı adım [KULLANICI_ADI] şifremi [SIFRE] yapmıştım,[DOGUM_YERI] [IP_ADRES] [KULLANICI_ADI] [MAC_ADRES] [MOTOR_NO] [PLAKA] [RUHSAT_NO] [SASI_NO] [SIFRE] [TEL],[DOGUM_YERI] [IP_ADRES] [KULLANICI_ADI] [MAC_ADRES] [MOTOR_NO] [PLAKA] [RUHSAT_NO] [SASI_NO] [SIFRE] [TEL],şirket aracının muayenesi yaklaştı plaka [PLAKA] ruhsat no [RUHSAT_NO]. yeni telefon numaram [TEL] sisteme işlenmemiş hâlâ eskisi görünüyor. araç satışı için şasi [SASI_NO] motor [MOTOR_NO] sorgulanacak. vpn erişimi açılsın ip [IP_ADRES] mac [MAC_ADRES]. doğum yerim [DOGUM_YERI] nüfusta farklı yazılmış düzeltilsin. uygulamaya giremiyorum kullanıcı adım [KULLANICI_ADI] şifremi [SIFRE] yapmıştım,True,True,False
169,tam,uzun,"Bütün PII alanlarını maskele, metnin geri kalanını aynen koru.",çocuğumun okul servisi için adres Fatih Mah. Ihlamur Bulvarı No:143 Şahinbey/Adana tel 05060091828. poliçemi yenilemek istiyorum poliçe no POL-8016956 doğum tarihim 09.04.1956. referans olarak Sema Turan yazdım aranacak mı. aidat iadesi için ıban paylaşıyorum TR04-7941-6790-0478-7466-8055-74 isim Volkan Akdeniz,çocuğumun okul servisi için adres [ADRES] tel [TEL]. poliçemi yenilemek istiyorum poliçe no [POLICE_NO] doğum tarihim [DOGUM_TARIHI]. referans olarak [REFERANS] yazdım aranacak mı. aidat iadesi için ıban paylaşıyorum [IBAN] isim [AD],[ADRES] [AD] [DOGUM_TARIHI] [IBAN] [POLICE_NO] [REFERANS] [TEL],[ADRES] [AD] [DOGUM_TARIHI] [IBAN] [POLICE_NO] [REFERANS] [TEL],çocuğumun okul servisi için adres [ADRES] tel [TEL]. poliçemi yenilemek istiyorum poliçe no [POLICE_NO] doğum tarihim [DOGUM_TARIHI]. referans olarak [REFERANS] yazdım aranacak mı. aidat iadesi için ıban paylaşıyorum [IBAN] isim [AD],True,True,False
170,tam,uzun,Bu satırdaki her kişisel bilgiyi maskeleyerek yeniden yaz.,şirket aracının muayenesi yaklaştı plaka 06 KPV 8290 ruhsat no VA-082323. kan grubum AB Rh pozitif acil kartıma işlensin. çocuğumun okul servisi için adres Yeni Mah. Lale Sokak No:151 D:15 Karşıyaka/Kayseri tel sıfır beş sıfır altı iki altı üç yedi sıfır beş bir. annemin kızlık soyadı Aksu güvenlik sorusunda kabul edilmiyor. çalışan Baran Şimşek Yıldız Lojistik A.Ş. bünyesinde 56 yaşında kadın,şirket aracının muayenesi yaklaştı plaka [PLAKA] ruhsat no [RUHSAT_NO]. kan grubum [KAN_GRUBU] acil kartıma işlensin. çocuğumun okul servisi için adres [ADRES] tel [TEL]. annemin kızlık soyadı [ANNE_KIZLIK] güvenlik sorusunda kabul edilmiyor. çalışan [AD] [ISYERI] bünyesinde [YAS] yaşında [CINSIYET],[ADRES] [AD] [ANNE_KIZLIK] [CINSIYET] [ISYERI] [KAN_GRUBU] [PLAKA] [RUHSAT_NO] [TEL] [YAS],[ADRES] [AD] [ANNE_KIZLIK] [CINSIYET] [ISYERI] [KAN_GRUBU] [PLAKA] [RUHSAT_NO] [TEL] [YAS],şirket aracının muayenesi yaklaştı plaka [PLAKA] ruhsat no [RUHSAT_NO]. kan grubum [KAN_GRUBU] acil kartıma işlensin. çocuğumun okul servisi için adres [ADRES] tel [TEL]. annemin kızlık soyadı [ANNE_KIZLIK] güvenlik sorusunda kabul edilmiyor. çalışan [AD] [ISYERI] bünyesinde [AILE],False,False,False
171,tam,ekli,Gizlilik filtresi uygula: tüm kişisel alanlar etikete dönüşsün.,22/06/2002'de doğanlara özel kampanya İrem Bulut'a tanımlansın,[DOGUM_TARIHI]'de doğanlara özel kampanya [AD]'a tanımlansın,[AD] [DOGUM_TARIHI],[AD] [DOGUM_TARIHI],[DOGUM_TARIHI]'de doğanlara özel kampanya [AD]'a tanımlansın,True,True,False
172,tam,"uzun,caps",Bu satırdaki her kişisel bilgiyi maskeleyerek yeniden yaz.,HESAP NO 641076836 ÜZERİNE OTOMATİK ÖDEME TANIMLANSIN. ŞİRKET ARACININ MUAYENESİ YAKLAŞTI PLAKA 36 LZ 6568 RUHSAT NO YA-663078. SENDİKA KESİNTİSİ NEDEN YAPILDI ÖZ FİNANS-İŞ ÜYESİ GÖRÜNÜYORUM. YENİ TELEFON NUMARAM 0262 525 13 00 SİSTEME İŞLENMEMİŞ HÂLÂ ESKİSİ GÖRÜNÜYOR,HESAP NO [HESAP_NO] ÜZERİNE OTOMATİK ÖDEME TANIMLANSIN. ŞİRKET ARACININ MUAYENESİ YAKLAŞTI PLAKA [PLAKA] RUHSAT NO [RUHSAT_NO]. SENDİKA KESİNTİSİ NEDEN YAPILDI [SENDIKA] GÖRÜNÜYORUM. YENİ TELEFON NUMARAM [TEL] SİSTEME İŞLENMEMİŞ HÂLÂ ESKİSİ GÖRÜNÜYOR,[HESAP_NO] [PLAKA] [RUHSAT_NO] [SENDIKA] [TEL],[HESAP_NO] [PLAKA] [RUHSAT_NO] [SENDIKA] [TEL],HESAP NO [HESAP_NO] ÜZERİNE OTOMATİK ÖDEME TANIMLANSIN. ŞİRKET ARACININ MUAYENESİ YAKLAŞTI PLAKA [PLAKA] RUHSAT NO [RUHSAT_NO]. SENDİKA KESİNTİSİ NEDEN YAPILDI [SENDIKA] GÖRÜNÜYORUM. YENİ TELEFON NUMARAM [TEL] SİSTEME İŞLENMEMİŞ [AD] GÖRÜNÜYOR,False,True,False
173,tam,uzun,Metindeki tüm kişisel verileri uygun etiketlerle maskele.,uygulamaya giremiyorum kullanıcı adım dogankorkmaz36 şifremi Bulut4584. yapmıştım. doğum yerim Manisa nüfusta farklı yazılmış düzeltilsin. kan grubum A Rh pozitif acil kartıma işlensin. çalışan Gizem Arslan Denizli Devlet Hastanesi bünyesinde 29 yaşında erkek. hesap hareketlerimi serafeddinguclu26@yandex.com adresine gönderin müşteri no altmış beş elli sekiz yirmi beş doksan sekiz. babamın adı Yetişal annemin adı Serma form böyle istiyor,uygulamaya giremiyorum kullanıcı adım [KULLANICI_ADI] şifremi [SIFRE] yapmıştım. doğum yerim [DOGUM_YERI] nüfusta farklı yazılmış düzeltilsin. kan grubum [KAN_GRUBU] acil kartıma işlensin. çalışan [AD] [ISYERI] bünyesinde [YAS] yaşında [CINSIYET]. hesap hareketlerimi [EMAIL] adresine gönderin müşteri no [MUSTERI_NO]. babamın adı [BABA_ADI] annemin adı [ANNE_ADI] form böyle istiyor,[AD] [ANNE_ADI] [BABA_ADI] [CINSIYET] [DOGUM_YERI] [EMAIL] [ISYERI] [KAN_GRUBU] [KULLANICI_ADI] [MUSTERI_NO] [SIFRE] [YAS],[AD] [ANNE_ADI] [BABA_ADI] [CINSIYET] [DOGUM_YERI] [EMAIL] [ISYERI] [KAN_GRUBU] [KULLANICI_ADI] [MUSTERI_NO] [SIFRE] [YAS],uygulamaya giremiyorum kullanıcı adım [KULLANICI_ADI] şifremi [SIFRE]. yapmıştım. doğum yerim [DOGUM_YERI] nüfusta farklı yazılmış düzeltilsin. kan grubum [KAN_GRUBU] acil kartıma işlensin. çalışan [AD] [ISYERI] bünyesinde [AILE]. hesap hareketlerimi [EMAIL] adresine gönderin müşteri no [MUSTERI_NO]. babamın adı [BABA_ADI] annemin adı [ANNE_ADI] form böyle istiyor,False,False,False
174,tam,caps,"Bütün PII alanlarını maskele, metnin geri kalanını aynen koru.",ETNİK KÖKEN ALANI BOŞNAK YAZILMIŞ BU ALAN ZORUNLU MU,ETNİK KÖKEN ALANI [ETNIK_KOKEN] YAZILMIŞ BU ALAN ZORUNLU MU,[ETNIK_KOKEN],[ETNIK_KOKEN],ETNİK KÖKEN ALANI BOŞNAK YAZILMIŞ BU ALAN [ETNIK_KOKEN] MU,False,True,False
175,tam,sozle,Aşağıdaki mesajda kimliği belirlenebilir kılan ne varsa etiketiyle ört.,internetten yaptığım ödeme görünmüyor kart no bir sekiz beş sıfır dört sıfır dört üç yedi beş yedi skt 03/28,internetten yaptığım ödeme görünmüyor kart no [KART] skt [KART_SKT],[KART] [KART_SKT],[KART] [KART_SKT],internetten yaptığım ödeme görünmüyor kart no [KART] skt 03/28,False,True,False
176,tam,kayit,"Bütün PII alanlarını maskele, metnin geri kalanını aynen koru.","sisteme girilecek kayıt: müşteri no altmış iki yetmiş altı otuz altı elli üç, maaşı aylık 174.000 TL, işyeri Marmara Sağlık A.Ş., kullanıcı adı baranaslan46, din hanesi Deist, anne kızlık soyadı Akçay, sendika bilgisi Koop-İş üyesi","sisteme girilecek kayıt: müşteri no [MUSTERI_NO], maaşı [MAAS], işyeri [ISYERI], kullanıcı adı [KULLANICI_ADI], din hanesi [DIN], anne kızlık soyadı [ANNE_KIZLIK], sendika bilgisi [SENDIKA]",[ANNE_KIZLIK] [DIN] [ISYERI] [KULLANICI_ADI] [MAAS] [MUSTERI_NO] [SENDIKA],[ANNE_KIZLIK] [DIN] [ISYERI] [KULLANICI_ADI] [MAAS] [MUSTERI_NO] [SENDIKA],"sisteme girilecek kayıt: müşteri no [MUSTERI_NO], maaşı [MAAS], işyeri [ISYERI], kullanıcı adı [KULLANICI_ADI], din hanesi [DIN], anne kızlık soyadı [ANNE_KIZLIK], sendika bilgisi [SENDIKA]",True,True,False
177,tam,duz,"KVKK gereği bütün kişisel ve hassas alanları gizle; tutar, adet gibi kişisel olmayan sayılara dokunma.",imza doğrulaması için imza hash 5737cd92 kayıtlarda mevcut,imza doğrulaması için [IMZA] kayıtlarda mevcut,[IMZA],[IMZA],imza doğrulaması için [IMZA] kayıtlarda mevcut,True,True,False
178,tam,kayit,Aşağıdaki mesajda kimliği belirlenebilir kılan ne varsa etiketiyle ört.,"sisteme girilecek kayıt: uyruğu Suriye, cüzdan adresi bc1q1dh6wbz3w9sqjd42gydai3el7tq123, imza kaydı imza hash 64d13c7f, anne adı Esra, 46 yaşında","sisteme girilecek kayıt: uyruğu [UYRUK], cüzdan adresi [KRIPTO_CUZDAN], imza kaydı [IMZA], anne adı [ANNE_ADI], [YAS] yaşında",[ANNE_ADI] [IMZA] [KRIPTO_CUZDAN] [UYRUK] [YAS],[ANNE_ADI] [IMZA] [KRIPTO_CUZDAN] [UYRUK] [YAS],"sisteme girilecek kayıt: uyruğu [UYRUK], cüzdan adresi [KRIPTO_CUZDAN], imza kaydı [IMZA], anne adı [ANNE_ADI], [YAS] yaşında",True,False,False
179,tam,kayit,Gizlilik filtresi uygula: tüm kişisel alanlar etikete dönüşsün.,"başvuru detayları: cihaz id 482G-PNX7-I0X9, din hanesi Deist, mac 10:66:8F:16:50:D3, kredi notu 1262, kan grubu A Rh negatif, mail adresi bogatimursama95@mynet.com","başvuru detayları: cihaz id [CIHAZ_ID], din hanesi [DIN], mac [MAC_ADRES], kredi notu [KREDI_NOTU], kan grubu [KAN_GRUBU], mail adresi [EMAIL]",[CIHAZ_ID] [DIN] [EMAIL] [KAN_GRUBU] [KREDI_NOTU] [MAC_ADRES],[CIHAZ_ID] [DIN] [EMAIL] [KAN_GRUBU] [KREDI_NOTU] [MAC_ADRES],"başvuru detayları: cihaz id [CIHAZ_ID], din hanesi [DIN], mac [MAC_ADRES], kredi notu [KREDI_NOTU], kan grubu [KAN_GRUBU], mail adresi [EMAIL]",True,True,False
180,tam,duz,Kişisel verileri tespit edip ilgili etiketlerle değiştir; başka değişiklik yapma.,yurtdışı harcama onayı pasaport A75202426 kart 5599638553737165,yurtdışı harcama onayı pasaport [PASAPORT_NO] kart [KART],[KART] [PASAPORT_NO],[KART] [PASAPORT_NO],yurtdışı harcama onayı pasaport [PASAPORT_NO] kart [KART],True,True,False
181,tam,duz,"Bütün PII alanlarını maskele, metnin geri kalanını aynen koru.",yurtdışı harcama onayı pasaport U11880457 kart 5157-0689-2891-3092,yurtdışı harcama onayı pasaport [PASAPORT_NO] kart [KART],[KART] [PASAPORT_NO],[KART] [PASAPORT_NO],yurtdışı harcama onayı pasaport [PASAPORT_NO] kart [KART],True,True,False
182,tam,duz,Bu satırdaki her kişisel bilgiyi maskeleyerek yeniden yaz.,etnik köken alanı Gürcü yazılmış bu alan zorunlu mu,etnik köken alanı [ETNIK_KOKEN] yazılmış bu alan zorunlu mu,[ETNIK_KOKEN],[ETNIK_KOKEN],etnik köken alanı [ETNIK_KOKEN] yazılmış bu alan zorunlu mu,True,True,False
183,tam,sozle,Gizlilik filtresi uygula: tüm kişisel alanlar etikete dönüşsün.,internetten yaptığım ödeme görünmüyor kart no yedi üç sıfır dört iki sekiz sıfır bir dokuz üç skt 02/2030,internetten yaptığım ödeme görünmüyor kart no [KART] skt [KART_SKT],[KART] [KART_SKT],[KART] [KART_SKT],internetten yaptığım ödeme görünmüyor kart no [KART] skt 02/2030,False,True,False
184,tam,cok_kisi,"KVKK gereği bütün kişisel ve hassas alanları gizle; tutar, adet gibi kişisel olmayan sayılara dokunma.",kredi başvurumun durumunu öğrenmek istiyorum adım Mücevher Özcan tc 43353862970 ayrıca yetkiyi İyiyürek Seven'den alıp Kerem Özkan'a verin,kredi başvurumun durumunu öğrenmek istiyorum adım [AD] tc [TCKN] ayrıca yetkiyi [AD]'den alıp [AD]'a verin,[AD] [TCKN],[AD] [TCKN],kredi başvurumun durumunu öğrenmek istiyorum adım [AD] tc [TCKN] ayrıca yetkiyi [AD]'den alıp [AD]'a verin,True,True,False
185,tam,ekli,Kişisel verileri tespit edip ilgili etiketlerle değiştir; başka değişiklik yapma.,+90 535 788 21 42'ye doğrulama kodu gelmiyor,[TEL]'ye doğrulama kodu gelmiyor,[TEL],[TEL],[TEL]'ye doğrulama kodu gelmiyor,True,True,False
186,tam,duz,Gizlilik filtresi uygula: tüm kişisel alanlar etikete dönüşsün.,annemin kızlık soyadı Öcalan güvenlik sorusunda kabul edilmiyor,annemin kızlık soyadı [ANNE_KIZLIK] güvenlik sorusunda kabul edilmiyor,[ANNE_KIZLIK],[ANNE_KIZLIK],annemin kızlık soyadı [ANNE_KIZLIK] güvenlik sorusunda kabul edilmiyor,True,True,False
187,tam,uzun,Metindeki tüm kişisel verileri uygun etiketlerle maskele.,hesap hareketlerimi ozdil_hancer@yandex.com adresine gönderin müşteri no 73107295. kripto çekim adresim 0xb6a39f320d3a9910a09a8681298fca3f931891dd onay bekliyor. etnik köken alanı Arap yazılmış bu alan zorunlu mu. cihaz eşleştirme kodu M02J-91RC-WF4W kabul edilmiyor,hesap hareketlerimi [EMAIL] adresine gönderin müşteri no [MUSTERI_NO]. kripto çekim adresim [KRIPTO_CUZDAN] onay bekliyor. etnik köken alanı [ETNIK_KOKEN] yazılmış bu alan zorunlu mu. cihaz eşleştirme kodu [CIHAZ_ID] kabul edilmiyor,[CIHAZ_ID] [EMAIL] [ETNIK_KOKEN] [KRIPTO_CUZDAN] [MUSTERI_NO],[CIHAZ_ID] [EMAIL] [ETNIK_KOKEN] [KRIPTO_CUZDAN] [MUSTERI_NO],hesap hareketlerimi [EMAIL] adresine gönderin müşteri no [MUSTERI_NO]. kripto çekim adresim [KRIPTO_CUZDAN] onay bekliyor. etnik köken alanı [ETNIK_KOKEN] yazılmış bu alan zorunlu mu. cihaz eşleştirme kodu [CIHAZ_ID] kabul edilmiyor,True,True,False
188,tam,duz,Gizlilik filtresi uygula: tüm kişisel alanlar etikete dönüşsün.,kan grubum 0 Rh pozitif acil kartıma işlensin,kan grubum [KAN_GRUBU] acil kartıma işlensin,[KAN_GRUBU],[KAN_GRUBU],kan grubum [KAN_GRUBU] acil kartıma işlensin,True,True,False
189,tam,duz,Bu kayıtta kişisel veri niteliği taşıyan her şeyi köşeli parantezli etiketle değiştir.,kredi başvurumun durumunu öğrenmek istiyorum adım Ozan Özdemir tc 18709421170,kredi başvurumun durumunu öğrenmek istiyorum adım [AD] tc [TCKN],[AD] [TCKN],[AD] [TCKN],kredi başvurumun durumunu öğrenmek istiyorum adım [AD] tc [TCKN],True,True,False
190,tam,duz,Kişisel verileri tespit edip ilgili etiketlerle değiştir; başka değişiklik yapma.,e-fatura mükellefiyeti için vergi no 4634234570 kayıtlı mı bakar mısınız,e-fatura mükellefiyeti için vergi no [VERGI_NO] kayıtlı mı bakar mısınız,[VERGI_NO],[VERGI_NO],e-fatura mükellefiyeti için vergi no [VERGI_NO] kayıtlı mı bakar mısınız,True,True,False
191,tam,ekli,Metindeki tüm kişisel verileri uygun etiketlerle maskele.,yetmiş sekiz yirmi dört kırk sekiz seksen yedi'ye tanımlı kampanyaları listeler misiniz,[MUSTERI_NO]'ye tanımlı kampanyaları listeler misiniz,[MUSTERI_NO],[MUSTERI_NO],[MUSTERI_NO]'ye tanımlı kampanyaları listeler misiniz,True,True,False
192,tam,cok_kisi,"KVKK gereği bütün kişisel ve hassas alanları gizle; tutar, adet gibi kişisel olmayan sayılara dokunma.",müşteri Yasemin Gülen kredi notu 741 çıktı limit artışı uygun mu ayrıca kredi başvurumun durumunu öğrenmek istiyorum adım Mefharet Tunç tc otuz iki yirmi beş doksan beş seksen yedi yirmi dokuz iki,müşteri [AD] kredi notu [KREDI_NOTU] çıktı limit artışı uygun mu ayrıca kredi başvurumun durumunu öğrenmek istiyorum adım [AD] tc [TCKN],[AD] [KREDI_NOTU] [TCKN],[AD] [KREDI_NOTU] [TCKN],müşteri [AD] kredi notu [KREDI_NOTU] çıktı limit artışı uygun mu ayrıca kredi başvurumun durumunu öğrenmek istiyorum adım [AD] tc [TCKN],True,True,False
193,tam,kayit,Bu satırdaki her kişisel bilgiyi maskeleyerek yeniden yaz.,"personel dosyası güncellemesi: kart no 5295251205708230, cüzdan adresi TpLYxMvikLyEKmvhRMRLbBMVVnRUr4vygn, referansı RF49825806, ruhsat no ZP-510611, sicil no 20571, vergi no 5742760182, telefonu sıfır beş sıfır altı dokuz dokuz yedi üç üç dokuz dokuz","personel dosyası güncellemesi: kart no [KART], cüzdan adresi [KRIPTO_CUZDAN], referansı [REFERANS], ruhsat no [RUHSAT_NO], sicil no [SICIL_NO], vergi no [VERGI_NO], telefonu [TEL]",[KART] [KRIPTO_CUZDAN] [REFERANS] [RUHSAT_NO] [SICIL_NO] [TEL] [VERGI_NO],[KART] [KRIPTO_CUZDAN] [REFERANS] [RUHSAT_NO] [SICIL_NO] [TEL] [VERGI_NO],"personel dosyası güncellemesi: kart no [KART], cüzdan adresi [KRIPTO_CUZDAN], referansı [REFERANS], ruhsat no [RUHSAT_NO], sicil no [SICIL_NO], vergi no [VERGI_NO], telefonu [TEL]",True,True,False
194,tam,duz,Aşağıdaki mesajda kimliği belirlenebilir kılan ne varsa etiketiyle ört.,kredi başvurumun durumunu öğrenmek istiyorum adım Selin Seven tc on sekiz kırk yedi kırk üç yirmi bir yirmi iki dört,kredi başvurumun durumunu öğrenmek istiyorum adım [AD] tc [TCKN],[AD] [TCKN],[AD] [TCKN],kredi başvurumun durumunu öğrenmek istiyorum adım [AD] tc on sekiz kırk yedi kırk üç yirmi bir yirmi iki dört,False,True,False
195,tam,duz,"Bütün PII alanlarını maskele, metnin geri kalanını aynen koru.",aidat iadesi için ıban paylaşıyorum TR999058887056914848039305 isim Nazlı Özkan,aidat iadesi için ıban paylaşıyorum [IBAN] isim [AD],[AD] [IBAN],[AD] [IBAN],aidat iadesi için ıban paylaşıyorum [IBAN] isim [AD],True,True,False
196,tam,kayit,Aşağıdaki mesajda kimliği belirlenebilir kılan ne varsa etiketiyle ört.,"yeni müşteri kaydı: cinsiyeti erkek, sağlık notu insülin bağımlı diyabet, IBAN TR216005588817211184121115, konum 36.0649, 32.7968, maaşı aylık 142.000 TL, kart no 5272 8604 2049 6760, gsm (544) 812 54 71, anne kızlık soyadı Zorlu, cihaz id A88E-MQAW-BUJV","yeni müşteri kaydı: cinsiyeti [CINSIYET], sağlık notu [SAGLIK], IBAN [IBAN], konum [KONUM], maaşı [MAAS], kart no [KART], gsm [TEL], anne kızlık soyadı [ANNE_KIZLIK], cihaz id [CIHAZ_ID]",[ANNE_KIZLIK] [CIHAZ_ID] [CINSIYET] [IBAN] [KART] [KONUM] [MAAS] [SAGLIK] [TEL],[ANNE_KIZLIK] [CIHAZ_ID] [CINSIYET] [IBAN] [KART] [KONUM] [MAAS] [SAGLIK] [TEL],"yeni müşteri kaydı: cinsiyeti [CINSIYET], sağlık notu [SAGLIK], IBAN [IBAN], konum [KONUM], maaşı [MAAS], kart no [KART], gsm [TEL], anne kızlık soyadı [ANNE_KIZLIK], cihaz id [CIHAZ_ID]",True,False,False
197,tam,kayit,"KVKK gereği bütün kişisel ve hassas alanları gizle; tutar, adet gibi kişisel olmayan sayılara dokunma.","bayi ekranından gelen kayıt: mac CD:D8:B6:BF:6F:1B, doğum tarihi 18 Temmuz 1950, tc kimlik no 85054040882, referansı REF-2024-2497, cüzdan adresi 0xdccec11910ba5fbd33bc98182acbeb39e3f1a618, skt 02/33, motor no N32R566291","bayi ekranından gelen kayıt: mac [MAC_ADRES], doğum tarihi [DOGUM_TARIHI], tc kimlik no [TCKN], referansı [REFERANS], cüzdan adresi [KRIPTO_CUZDAN], skt [KART_SKT], motor no [MOTOR_NO]",[DOGUM_TARIHI] [KART_SKT] [KRIPTO_CUZDAN] [MAC_ADRES] [MOTOR_NO] [REFERANS] [TCKN],[DOGUM_TARIHI] [KART_SKT] [KRIPTO_CUZDAN] [MAC_ADRES] [MOTOR_NO] [REFERANS] [TCKN],"bayi ekranından gelen kayıt: mac [MAC_ADRES], doğum tarihi [DOGUM_TARIHI], tc kimlik no [TCKN], referansı [REFERANS], cüzdan adresi [KRIPTO_CUZDAN], skt [KONUM], motor no [MOTOR_NO]",False,True,False
198,tam,uzun,Bu kayıtta kişisel veri niteliği taşıyan her şeyi köşeli parantezli etiketle değiştir.,yurtdışı harcama onayı pasaport A68652334 kart 5268 5969 7679 1398. hesap no 6230 364328 üzerine otomatik ödeme tanımlansın. hesap hareketlerimi ahmetkoc75@icloud.com adresine gönderin müşteri no yetmiş beş elli üç elli bir yirmi altı. vpn erişimi açılsın ip 226.253.7.227 mac E9:9C:9F:44:09:06. cihaz eşleştirme kodu XMZU-Q2UA-MWPE kabul edilmiyor. araç satışı için şasi 9KV0XG9A0C5GPKRHP motor M36B783450 sorgulanacak,yurtdışı harcama onayı pasaport [PASAPORT_NO] kart [KART]. hesap no [HESAP_NO] üzerine otomatik ödeme tanımlansın. hesap hareketlerimi [EMAIL] adresine gönderin müşteri no [MUSTERI_NO]. vpn erişimi açılsın ip [IP_ADRES] mac [MAC_ADRES]. cihaz eşleştirme kodu [CIHAZ_ID] kabul edilmiyor. araç satışı için şasi [SASI_NO] motor [MOTOR_NO] sorgulanacak,[CIHAZ_ID] [EMAIL] [HESAP_NO] [IP_ADRES] [KART] [MAC_ADRES] [MOTOR_NO] [MUSTERI_NO] [PASAPORT_NO] [SASI_NO],[CIHAZ_ID] [EMAIL] [HESAP_NO] [IP_ADRES] [KART] [MAC_ADRES] [MOTOR_NO] [MUSTERI_NO] [PASAPORT_NO] [SASI_NO],yurtdışı harcama onayı pasaport [PASAPORT_NO] kart [KART]. hesap no [HESAP_NO] üzerine otomatik ödeme tanımlansın. hesap hareketlerimi [EMAIL] adresine gönderin müşteri no [MUSTERI_NO]. vpn erişimi açılsın ip [IP_ADRES] mac [MAC_ADRES]. cihaz eşleştirme kodu [CIHAZ_ID] kabul edilmiyor. araç satışı için şasi [SASI_NO] motor [MOTOR_NO] sorgulanacak,True,True,False
199,tam,"ekli,caps",Bu satırdaki her kişisel bilgiyi maskeleyerek yeniden yaz.,IŞİN KOÇ'UN VEKALETİ ECE ÖZCAN'A DEVREDİLDİ,[AD]'UN VEKALETİ [AD]'A DEVREDİLDİ,[AD],[AD],[AD]'UN VEKALETİ ECE ÖZCAN'A DEVREDİLDİ,False,True,False
200,tam,caps,"Bütün PII alanlarını maskele, metnin geri kalanını aynen koru.",HESAP NO 2533 237012 ÜZERİNE OTOMATİK ÖDEME TANIMLANSIN,HESAP NO [HESAP_NO] ÜZERİNE OTOMATİK ÖDEME TANIMLANSIN,[HESAP_NO],[HESAP_NO],HESAP NO [HESAP_NO] ÜZERİNE OTOMATİK ÖDEME TANIMLANSIN,True,True,False
201,tam,duz,"KVKK gereği bütün kişisel ve hassas alanları gizle; tutar, adet gibi kişisel olmayan sayılara dokunma.",hesap no 6013-0392801-117 üzerine otomatik ödeme tanımlansın,hesap no [HESAP_NO] üzerine otomatik ödeme tanımlansın,[HESAP_NO],[HESAP_NO],hesap no 6013-0392801-117 üzerine otomatik ödeme tanımlansın,False,True,False
202,tam,duz,Aşağıdaki mesajda kimliği belirlenebilir kılan ne varsa etiketiyle ört.,çocuğumun okul servisi için adres Cumhuriyet Mah. Fulya Bulvarı No:21 Kat:12 Selçuklu/Eskişehir tel 0212 086 97 28,çocuğumun okul servisi için adres [ADRES] tel [TEL],[ADRES] [TEL],[ADRES] [TEL],çocuğumun okul servisi için adres [ADRES] tel [TEL],True,True,False
203,tam,ekli,Bu satırdaki her kişisel bilgiyi maskeleyerek yeniden yaz.,100 987 895 96'nın üzerine kayıtlı hat sayısını öğrenebilir miyim,[TCKN]'nın üzerine kayıtlı hat sayısını öğrenebilir miyim,[TCKN],[TCKN],[TCKN]'nın üzerine kayıtlı hat sayısını öğrenebilir miyim,True,True,False
204,tam,ekli,Bu satırdaki her kişisel bilgiyi maskeleyerek yeniden yaz.,8212 6664 588'in üzerine kayıtlı hat sayısını öğrenebilir miyim,[TCKN]'in üzerine kayıtlı hat sayısını öğrenebilir miyim,[TCKN],[TCKN],[TCKN]'in üzerine kayıtlı hat sayısını öğrenebilir miyim,True,True,False
205,tam,duz,Gizlilik filtresi uygula: tüm kişisel alanlar etikete dönüşsün.,aidat iadesi için ıban paylaşıyorum TR78 0055 7282 1632 4000 6962 06 isim Zehra Akça,aidat iadesi için ıban paylaşıyorum [IBAN] isim [AD],[AD] [IBAN],[AD] [IBAN],aidat iadesi için ıban paylaşıyorum [IBAN] isim [AD],True,True,False
206,tam,sozle,Metindeki tüm kişisel verileri uygun etiketlerle maskele.,yurtdışı harcama onayı pasaport U76315978 kart bir yedi altı sıfır dört sekiz sekiz sekiz sıfır sekiz üç üç beş üç iki yedi,yurtdışı harcama onayı pasaport [PASAPORT_NO] kart [KART],[KART] [PASAPORT_NO],[KART] [PASAPORT_NO],yurtdışı harcama onayı pasaport [PASAPORT_NO] kart [KART],True,True,False
207,tam,duz,Aşağıdaki mesajda kimliği belirlenebilir kılan ne varsa etiketiyle ört.,kripto çekim adresim TVKd5NZqi0VfXMRQ1P3SoN14kQhlH6XVQg onay bekliyor,kripto çekim adresim [KRIPTO_CUZDAN] onay bekliyor,[KRIPTO_CUZDAN],[KRIPTO_CUZDAN],kripto çekim adresim [KRIPTO_CUZDAN] onay bekliyor,True,True,False
208,tam,ekli,"KVKK gereği bütün kişisel ve hassas alanları gizle; tutar, adet gibi kişisel olmayan sayılara dokunma.",24 Şubat 1998'de doğanlara özel kampanya Volkan Yıldız'a tanımlansın,[DOGUM_TARIHI]'de doğanlara özel kampanya [AD]'a tanımlansın,[AD] [DOGUM_TARIHI],[AD] [DOGUM_TARIHI],[DOGUM_TARIHI]'de doğanlara özel kampanya [AD]'a tanımlansın,True,True,False
209,tam,duz,"Bütün PII alanlarını maskele, metnin geri kalanını aynen koru.",sözleşme feshi talep ediyorum sözleşme no 2023/3037-C tc 91608279530,sözleşme feshi talep ediyorum sözleşme no [SOZLESME_NO] tc [TCKN],[SOZLESME_NO] [TCKN],[SOZLESME_NO] [TCKN],sözleşme feshi talep ediyorum sözleşme no [SOZLESME_NO] tc [TCKN],True,True,False
210,tam,ekli,Aşağıdaki mesajda kimliği belirlenebilir kılan ne varsa etiketiyle ört.,TR83-6711-7308-8707-7284-3701-92'den gelen ödeme iade edilsin,[IBAN]'den gelen ödeme iade edilsin,[IBAN],[IBAN],[IBAN]'den gelen ödeme iade edilsin,True,True,False
211,tam,ekli,Bu kayıtta kişisel veri niteliği taşıyan her şeyi köşeli parantezli etiketle değiştir.,Mustafa Eraslan'ın vekaleti Büşra Şama'ya devredildi,[AD]'ın vekaleti [AD]'ya devredildi,[AD],[AD],[AD]'ın vekaleti [AD]'ya devredildi,True,True,False
212,tam,sozle,"KVKK gereği bütün kişisel ve hassas alanları gizle; tutar, adet gibi kişisel olmayan sayılara dokunma.",sözleşme feshi talep ediyorum sözleşme no 6815-39611 tc beş beş altı yedi sıfır iki sekiz beş dokuz sıfır sıfır dört sıfır altı sekiz iki,sözleşme feshi talep ediyorum sözleşme no [SOZLESME_NO] tc [TCKN],[SOZLESME_NO] [TCKN],[SOZLESME_NO] [TCKN],sözleşme feshi talep ediyorum sözleşme no [SOZLESME_NO] tc [TCKN],True,True,False
213,tam,kayit,Bu satırdaki her kişisel bilgiyi maskeleyerek yeniden yaz.,"personel dosyası güncellemesi: skt 05/2033, mail adresi eda1962@outlook.com, maaşı aylık 182.000 TL, din hanesi Müslüman, köken bilgisi Arap","personel dosyası güncellemesi: skt [KART_SKT], mail adresi [EMAIL], maaşı [MAAS], din hanesi [DIN], köken bilgisi [ETNIK_KOKEN]",[DIN] [EMAIL] [ETNIK_KOKEN] [KART_SKT] [MAAS],[DIN] [EMAIL] [ETNIK_KOKEN] [KART_SKT] [MAAS],"personel dosyası güncellemesi: skt 05/2033, mail adresi [EMAIL], maaşı [MAAS], din hanesi [DIN], köken bilgisi [ETNIK_KOKEN]",False,True,False
214,tam,duz,Metindeki tüm kişisel verileri uygun etiketlerle maskele.,yurtdışı harcama onayı pasaport U38399621 kart dört üç üç yedi sıfır altı altı iki üç dört dokuz bir yedi dört dört iki,yurtdışı harcama onayı pasaport [PASAPORT_NO] kart [KART],[KART] [PASAPORT_NO],[KART] [PASAPORT_NO],yurtdışı harcama onayı pasaport [PASAPORT_NO] kart [KART],True,True,False
215,tam,duz,"KVKK gereği bütün kişisel ve hassas alanları gizle; tutar, adet gibi kişisel olmayan sayılara dokunma.",cihaz eşleştirme kodu 6J1X-TVW3-OB5C kabul edilmiyor,cihaz eşleştirme kodu [CIHAZ_ID] kabul edilmiyor,[CIHAZ_ID],[CIHAZ_ID],cihaz eşleştirme kodu 6J1X-TVW3-OB5C kabul edilmiyor,False,True,False
216,tam,cok_kisi,Metindeki tüm kişisel verileri uygun etiketlerle maskele.,kredi başvurumun durumunu öğrenmek istiyorum adım Nur Çorlu tc 10786835604 ayrıca saydam_ozturk@yandex.com'dan gelen talebi Urhan Şener'e yönlendirin,kredi başvurumun durumunu öğrenmek istiyorum adım [AD] tc [TCKN] ayrıca [EMAIL]'dan gelen talebi [AD]'e yönlendirin,[AD] [EMAIL] [TCKN],[AD] [EMAIL] [TCKN],kredi başvurumun durumunu öğrenmek istiyorum adım [AD] tc [TCKN] ayrıca [EMAIL]'dan gelen talebi [AD]'e yönlendirin,True,True,False
217,tam,ekli,"Bütün PII alanlarını maskele, metnin geri kalanını aynen koru.",28/10/1960'ta doğanlara özel kampanya Ayhan Aktaş'a tanımlansın,[DOGUM_TARIHI]'ta doğanlara özel kampanya [AD]'a tanımlansın,[AD] [DOGUM_TARIHI],[AD] [DOGUM_TARIHI],[DOGUM_TARIHI]'ta doğanlara özel kampanya [AD]'a tanımlansın,True,True,False
218,tam,sozle,Gizlilik filtresi uygula: tüm kişisel alanlar etikete dönüşsün.,aidat iadesi için ıban paylaşıyorum yedi sekiz dört iki beş bir yedi sekiz sekiz üç isim Melike Kurt,aidat iadesi için ıban paylaşıyorum [IBAN] isim [AD],[AD] [IBAN],[AD] [IBAN],aidat iadesi için ıban paylaşıyorum [IBAN] isim [AD],True,True,False
219,tam,"uzun,caps",Bu satırdaki her kişisel bilgiyi maskeleyerek yeniden yaz.,ADLİ SİCİL BELGEMDE ADLİ SİCİL KAYDI TEMİZ İBARESİ VAR İŞE ENGEL Mİ. İŞE GİRİŞ EVRAKLARI İÇİN SGK NO 5624 2216 5741 2 GEREKİYORMUŞ. ŞİRKET ARACININ MUAYENESİ YAKLAŞTI PLAKA 07 DM 6162 RUHSAT NO ZU-561347. ŞOFÖR BELGEM YENİLENDİ EHLİYET NO C0190777. PERSONELİN ENGEL DURUMU %60 GÖRME ENGELLİ OLARAK GÜNCELLENDİ. YENİ TELEFON NUMARAM (535) 401 12 79 SİSTEME İŞLENMEMİŞ HÂLÂ ESKİSİ GÖRÜNÜYOR,ADLİ SİCİL BELGEMDE [CEZA_KAYDI] İBARESİ VAR İŞE ENGEL Mİ. İŞE GİRİŞ EVRAKLARI İÇİN SGK NO [SGK_NO] GEREKİYORMUŞ. ŞİRKET ARACININ MUAYENESİ YAKLAŞTI PLAKA [PLAKA] RUHSAT NO [RUHSAT_NO]. ŞOFÖR BELGEM YENİLENDİ EHLİYET NO [EHLIYET_NO]. PERSONELİN ENGEL DURUMU [ENGEL_DURUMU] OLARAK GÜNCELLENDİ. YENİ TELEFON NUMARAM [TEL] SİSTEME İŞLENMEMİŞ HÂLÂ ESKİSİ GÖRÜNÜYOR,[CEZA_KAYDI] [EHLIYET_NO] [ENGEL_DURUMU] [PLAKA] [RUHSAT_NO] [SGK_NO] [TEL],[CEZA_KAYDI] [EHLIYET_NO] [ENGEL_DURUMU] [PLAKA] [RUHSAT_NO] [SGK_NO] [TEL],ADLİ SİCİL BELGEMDE [CEZA_KAYDI] İBARESİ VAR İŞE ENGEL Mİ. İŞE GİRİŞ EVRAKLARI İÇİN SGK NO [SGK_NO] GEREKİYORMUŞ. ŞİRKET ARACININ MUAYENESİ YAKLAŞTI PLAKA [PLAKA] RUHSAT NO [RUHSAT_NO]. ŞOFÖR BELGEM YENİLENDİ EHLİYET NO [EHLIYET_NO]. PERSONELİN ENGEL DURUMU [ENGEL_DURUMU] OLARAK GÜNCELLENDİ. YENİ TELEFON NUMARAM [TEL] SİSTEME İŞLENMEMİŞ [AD] GÖRÜNÜYOR,False,True,False
220,tam,duz,Bu satırdaki her kişisel bilgiyi maskeleyerek yeniden yaz.,müşteri Hatice Doğan kredi notu 951 çıktı limit artışı uygun mu,müşteri [AD] kredi notu [KREDI_NOTU] çıktı limit artışı uygun mu,[AD] [KREDI_NOTU],[AD] [KREDI_NOTU],müşteri [AD] kredi notu [KREDI_NOTU] çıktı limit artışı uygun mu,True,True,False
221,tam,caps,"KVKK gereği bütün kişisel ve hassas alanları gizle; tutar, adet gibi kişisel olmayan sayılara dokunma.",MÜŞTERİ HANDE ARSLAN KREDİ NOTU 1439 ÇIKTI LİMİT ARTIŞI UYGUN MU,MÜŞTERİ [AD] KREDİ NOTU [KREDI_NOTU] ÇIKTI LİMİT ARTIŞI UYGUN MU,[AD] [KREDI_NOTU],[AD] [KREDI_NOTU],MÜŞTERİ [AD] KREDİ NOTU 1439 ÇIKTI LİMİT ARTIŞI UYGUN MU,False,True,False
222,tam,ekli,Kişisel verileri tespit edip ilgili etiketlerle değiştir; başka değişiklik yapma.,havale Salih Özdemir'e gitsin dekont da neptun1964@yandex.com'a düşsün,havale [AD]'e gitsin dekont da [EMAIL]'a düşsün,[AD] [EMAIL],[AD] [EMAIL],havale [AD]'e gitsin dekont da [EMAIL]'a düşsün,True,True,False
223,tam,kayit,Metindeki tüm kişisel verileri uygun etiketlerle maskele.,"yeni müşteri kaydı: sgk no 3301224567057, kan grubu A Rh pozitif, kredi notu 376, baba adı Çakar, konum 36.4933, 26.5458","yeni müşteri kaydı: sgk no [SGK_NO], kan grubu [KAN_GRUBU], kredi notu [KREDI_NOTU], baba adı [BABA_ADI], konum [KONUM]",[BABA_ADI] [KAN_GRUBU] [KONUM] [KREDI_NOTU] [SGK_NO],[BABA_ADI] [KAN_GRUBU] [KONUM] [KREDI_NOTU] [SGK_NO],"yeni müşteri kaydı: sgk no [SGK_NO], kan grubu [KAN_GRUBU], kredi notu [KREDI_NOTU], baba adı [BABA_ADI], konum [KONUM]",True,True,False
224,tam,ekli,Metindeki tüm kişisel verileri uygun etiketlerle maskele.,yetkiyi Ömer Özdemir'den alıp Gökhan Güneş'e verin,yetkiyi [AD]'den alıp [AD]'e verin,[AD],[AD],yetkiyi [AD]'den alıp [AD]'e verin,True,True,False
225,tam,"cok_kisi,caps","KVKK gereği bütün kişisel ve hassas alanları gizle; tutar, adet gibi kişisel olmayan sayılara dokunma.",AİDAT İADESİ İÇİN IBAN PAYLAŞIYORUM TR29 8515 1834 6031 6490 5653 36 İSİM DİLEK ÇELİK AYRICA EDA KURT'UN VEKALETİ EMİNE HANÇER'E DEVREDİLDİ,AİDAT İADESİ İÇİN IBAN PAYLAŞIYORUM [IBAN] İSİM [AD] AYRICA [AD]'UN VEKALETİ [AD]'E DEVREDİLDİ,[AD] [IBAN],[AD] [IBAN],AİDAT İADESİ İÇİN IBAN PAYLAŞIYORUM [IBAN] İSİM DİLEK ÇELİK AYRICA [AD]'UN VEKALETİ [AD]'E DEVREDİLDİ,False,True,False
226,tam,kayit,Bu satırdaki her kişisel bilgiyi maskeleyerek yeniden yaz.,"yeni müşteri kaydı: vergi no dokuz yedi sıfır üç iki sekiz yedi sekiz dört bir, kart no 4804494759947660, cvv 602, doğum tarihi 15.10.1954, kan grubu AB Rh pozitif, ehliyet no D5462529, adresi Esentepe Mah. Akasya Sokak No:220 Çankaya/Denizli, mac 8F:ED:7B:F7:0B:41","yeni müşteri kaydı: vergi no [VERGI_NO], kart no [KART], cvv [CVV], doğum tarihi [DOGUM_TARIHI], kan grubu [KAN_GRUBU], ehliyet no [EHLIYET_NO], adresi [ADRES], mac [MAC_ADRES]",[ADRES] [CVV] [DOGUM_TARIHI] [EHLIYET_NO] [KAN_GRUBU] [KART] [MAC_ADRES] [VERGI_NO],[ADRES] [CVV] [DOGUM_TARIHI] [EHLIYET_NO] [KAN_GRUBU] [KART] [MAC_ADRES] [VERGI_NO],"yeni müşteri kaydı: vergi no [VERGI_NO], kart no [KART], cvv [CVV], doğum tarihi [DOGUM_TARIHI], kan grubu [KAN_GRUBU], ehliyet no [EHLIYET_NO], adresi [ADRES], mac [MAC_ADRES]",True,True,False
227,tam,"sozle,caps",Kişisel verileri tespit edip ilgili etiketlerle değiştir; başka değişiklik yapma.,İNTERNETTEN YAPTIĞIM ÖDEME GÖRÜNMÜYOR KART NO ÜÇ ÜÇ BİR DOKUZ BİR SIFIR YEDİ DOKUZ ÜÇ BİR YEDİ İKİ BİR BEŞ BEŞ DÖRT SKT 05/33,İNTERNETTEN YAPTIĞIM ÖDEME GÖRÜNMÜYOR KART NO [KART] SKT [KART_SKT],[KART] [KART_SKT],[KART] [KART_SKT],İNTERNETTEN YAPTIĞIM ÖDEME GÖRÜNMÜYOR KART NO [KART] SKT [KART_SKT],True,True,False
228,tam,sozle,"Bütün PII alanlarını maskele, metnin geri kalanını aynen koru.",sözleşme feshi talep ediyorum sözleşme no 2025/8073-A tc dokuz yedi iki altı beş sekiz üç sıfır sekiz sıfır,sözleşme feshi talep ediyorum sözleşme no [SOZLESME_NO] tc [TCKN],[SOZLESME_NO] [TCKN],[SOZLESME_NO] [TCKN],sözleşme feshi talep ediyorum sözleşme no [SOZLESME_NO] tc [TCKN],True,True,False
229,tam,ekli,"Bütün PII alanlarını maskele, metnin geri kalanını aynen koru.",ödeme talimatını 1485 516752'ye bağlayın,ödeme talimatını [HESAP_NO]'ye bağlayın,[HESAP_NO],[HESAP_NO],ödeme talimatını [HESAP_NO]'ye bağlayın,True,True,False
230,tam,duz,"Bütün PII alanlarını maskele, metnin geri kalanını aynen koru.",yabancı müşteri kaydı uyruğu Alman pasaport U65025089,yabancı müşteri kaydı uyruğu [UYRUK] pasaport [PASAPORT_NO],[PASAPORT_NO] [UYRUK],[PASAPORT_NO] [UYRUK],yabancı müşteri kaydı uyruğu [UYRUK] pasaport [PASAPORT_NO],True,False,False
231,tam,"cok_kisi,caps",Kişisel verileri tespit edip ilgili etiketlerle değiştir; başka değişiklik yapma.,MÜŞTERİ RAMAZAN ŞİMŞEK KREDİ NOTU 1785 ÇIKTI LİMİT ARTIŞI UYGUN MU AYRICA HAVALE DİLEK YILDIZ'A GİTSİN DEKONT DA SELİM1982@OUTLOOK.COM'A DÜŞSÜN,MÜŞTERİ [AD] KREDİ NOTU [KREDI_NOTU] ÇIKTI LİMİT ARTIŞI UYGUN MU AYRICA HAVALE [AD]'A GİTSİN DEKONT DA [EMAIL]'A DÜŞSÜN,[AD] [EMAIL] [KREDI_NOTU],[AD] [EMAIL] [KREDI_NOTU],MÜŞTERİ [AD] KREDİ NOTU [KREDI_NOTU] ÇIKTI LİMİT ARTIŞI UYGUN MU AYRICA [AD]'A GİTSİN DEKONT [EMAIL]'A DÜŞSÜN,False,True,False
232,tam,ekli,"KVKK gereği bütün kişisel ve hassas alanları gizle; tutar, adet gibi kişisel olmayan sayılara dokunma.",yetkiyi Seda Aslan'dan alıp Sibel Akgündüz'e verin,yetkiyi [AD]'dan alıp [AD]'e verin,[AD],[AD],yetkiyi [AD]'dan alıp [AD]'e verin,True,True,False
233,tam,kayit,Kişisel verileri tespit edip ilgili etiketlerle değiştir; başka değişiklik yapma.,"yeni müşteri kaydı: konum 39.7138, 34.5846, müşteri Onur Çetin, mail adresi yagizkurt.eroglu@icloud.com, kullanıcı adı psari80, motor no Z52R666501, sgk no 4158 4886 4713 9, müşteri no seksen beş sıfır altı otuz sekiz otuz iki, sicil no SC0255, köken bilgisi Gürcü","yeni müşteri kaydı: konum [KONUM], müşteri [AD], mail adresi [EMAIL], kullanıcı adı [KULLANICI_ADI], motor no [MOTOR_NO], sgk no [SGK_NO], müşteri no [MUSTERI_NO], sicil no [SICIL_NO], köken bilgisi [ETNIK_KOKEN]",[AD] [EMAIL] [ETNIK_KOKEN] [KONUM] [KULLANICI_ADI] [MOTOR_NO] [MUSTERI_NO] [SGK_NO] [SICIL_NO],[AD] [EMAIL] [ETNIK_KOKEN] [KONUM] [KULLANICI_ADI] [MOTOR_NO] [MUSTERI_NO] [SGK_NO] [SICIL_NO],"yeni müşteri kaydı: konum [KONUM], müşteri [AD], mail adresi [EMAIL], kullanıcı adı [KULLANICI_ADI], motor no [MOTOR_NO], sgk no [SGK_NO], müşteri no [MUSTERI_NO], sicil no [SICIL_NO], köken bilgisi [ETNIK_KOKEN]",True,True,False
234,tam,duz,Bu satırdaki her kişisel bilgiyi maskeleyerek yeniden yaz.,sözleşme feshi talep ediyorum sözleşme no 5211-07904 tc 82013270182,sözleşme feshi talep ediyorum sözleşme no [SOZLESME_NO] tc [TCKN],[SOZLESME_NO] [TCKN],[SOZLESME_NO] [TCKN],sözleşme feshi talep ediyorum sözleşme no [SOZLESME_NO] tc [TCKN],True,True,False
235,tam,duz,"Bütün PII alanlarını maskele, metnin geri kalanını aynen koru.",kripto çekim adresim TOdsLUlYZk9gl0GzGptFJA4IqUlfFNzRAg onay bekliyor,kripto çekim adresim [KRIPTO_CUZDAN] onay bekliyor,[KRIPTO_CUZDAN],[KRIPTO_CUZDAN],kripto çekim adresim [KRIPTO_CUZDAN] onay bekliyor,True,True,False
236,tam,duz,"Bütün PII alanlarını maskele, metnin geri kalanını aynen koru.",yabancı müşteri kaydı uyruğu Azerbaycan pasaport A03634629,yabancı müşteri kaydı uyruğu [UYRUK] pasaport [PASAPORT_NO],[PASAPORT_NO] [UYRUK],[PASAPORT_NO] [UYRUK],yabancı müşteri kaydı uyruğu [UYRUK] pasaport [PASAPORT_NO],True,False,False
237,tam,duz,Aşağıdaki mesajda kimliği belirlenebilir kılan ne varsa etiketiyle ört.,sendika kesintisi neden yapıldı Banka Çalışanları Sendikası üyesi görünüyorum,sendika kesintisi neden yapıldı [SENDIKA] görünüyorum,[SENDIKA],[SENDIKA],sendika kesintisi neden yapıldı [SENDIKA] görünüyorum,True,True,False
238,tam,duz,Aşağıdaki mesajda kimliği belirlenebilir kılan ne varsa etiketiyle ört.,uygulamaya giremiyorum kullanıcı adım serkandurdu78 şifremi Marmara2621! yapmıştım,uygulamaya giremiyorum kullanıcı adım [KULLANICI_ADI] şifremi [SIFRE] yapmıştım,[KULLANICI_ADI] [SIFRE],[KULLANICI_ADI] [SIFRE],uygulamaya giremiyorum kullanıcı adım [KULLANICI_ADI] şifremi [SIFRE] yapmıştım,True,True,False
239,tam,uzun,Metindeki tüm kişisel verileri uygun etiketlerle maskele.,bordro itirazım var sicil SC7993 maaşım aylık 78.000 TL yatmış eksik. kan grubum A Rh pozitif acil kartıma işlensin. aidat iadesi için ıban paylaşıyorum TR67-0301-2957-3467-8566-0243-51 isim Kaan Bilir. yabancı müşteri kaydı uyruğu Ukrayna pasaport A32832548,bordro itirazım var sicil [SICIL_NO] maaşım [MAAS] yatmış eksik. kan grubum [KAN_GRUBU] acil kartıma işlensin. aidat iadesi için ıban paylaşıyorum [IBAN] isim [AD]. yabancı müşteri kaydı uyruğu [UYRUK] pasaport [PASAPORT_NO],[AD] [IBAN] [KAN_GRUBU] [MAAS] [PASAPORT_NO] [SICIL_NO] [UYRUK],[AD] [IBAN] [KAN_GRUBU] [MAAS] [PASAPORT_NO] [SICIL_NO] [UYRUK],bordro itirazım var sicil [SICIL_NO] maaşım [MAAS] yatmış eksik. kan grubum [KAN_GRUBU] acil kartıma işlensin. aidat iadesi için ıban paylaşıyorum [IBAN] isim [AD]. yabancı müşteri kaydı uyruğu [UYRUK] pasaport [PASAPORT_NO],True,False,False
240,tam,"cok_kisi,caps",Bu satırdaki her kişisel bilgiyi maskeleyerek yeniden yaz.,AİDAT İADESİ İÇİN IBAN PAYLAŞIYORUM TR094836053970570292477956 İSİM UZBAY AVCI AYRICA SELİN GÜÇLÜ'NÜN VEKALETİ DERYA ERASLAN'A DEVREDİLDİ,AİDAT İADESİ İÇİN IBAN PAYLAŞIYORUM [IBAN] İSİM [AD] AYRICA [AD]'NÜN VEKALETİ [AD]'A DEVREDİLDİ,[AD] [IBAN],[AD] [IBAN],AİDAT İADESİ İÇİN IBAN PAYLAŞIYORUM [IBAN] İSİM UZBAY AVCI AYRICA [AD]'NÜN VEKALETİ [AD]'A DEVREDİLDİ,False,True,False
241,tam,duz,Bu kayıtta kişisel veri niteliği taşıyan her şeyi köşeli parantezli etiketle değiştir.,kripto çekim adresim bc1qpufziux3847a3bhvm2elxsv0jojg9x onay bekliyor,kripto çekim adresim [KRIPTO_CUZDAN] onay bekliyor,[KRIPTO_CUZDAN],[KRIPTO_CUZDAN],kripto çekim adresim [KRIPTO_CUZDAN] onay bekliyor,True,True,False
242,tam,uzun,Gizlilik filtresi uygula: tüm kişisel alanlar etikete dönüşsün.,vpn erişimi açılsın ip 215.242.174.208 mac 9B:64:69:9E:A5:71. personelin engel durumu %50 engelli raporu mevcut olarak güncellendi. biyometrik girişte sorun var yüz tanıma verisi eşleşmiyor. şirket aracının muayenesi yaklaştı plaka 26 U 5108 ruhsat no HD-286010,vpn erişimi açılsın ip [IP_ADRES] mac [MAC_ADRES]. personelin engel durumu [ENGEL_DURUMU] olarak güncellendi. biyometrik girişte sorun var [BIYOMETRIK] eşleşmiyor. şirket aracının muayenesi yaklaştı plaka [PLAKA] ruhsat no [RUHSAT_NO],[BIYOMETRIK] [ENGEL_DURUMU] [IP_ADRES] [MAC_ADRES] [PLAKA] [RUHSAT_NO],[BIYOMETRIK] [ENGEL_DURUMU] [IP_ADRES] [MAC_ADRES] [PLAKA] [RUHSAT_NO],vpn erişimi açılsın ip [IP_ADRES] mac [MAC_ADRES]. personelin engel durumu [ENGEL_DURUMU] olarak güncellendi. biyometrik girişte sorun var [BIYOMETRIK] eşleşmiyor. şirket aracının muayenesi yaklaştı plaka [PLAKA] ruhsat no [RUHSAT_NO],True,True,False
243,tam,sozle,Aşağıdaki mesajda kimliği belirlenebilir kılan ne varsa etiketiyle ört.,internetten yaptığım ödeme görünmüyor kart no altı bir sekiz dört bir altı sıfır sıfır dört bir dört yedi beş sıfır dokuz altı skt 12/30,internetten yaptığım ödeme görünmüyor kart no [KART] skt [KART_SKT],[KART] [KART_SKT],[KART] [KART_SKT],internetten yaptığım ödeme görünmüyor kart no [KART] skt 12/30,False,True,False
244,tam,ekli,Metindeki tüm kişisel verileri uygun etiketlerle maskele.,TR bir üç üç sıfır bir dört üç altı iki sıfır sıfır yedi ...'den gelen ödeme iade edilsin,[IBAN]'den gelen ödeme iade edilsin,[IBAN],[IBAN],[IBAN]'den gelen ödeme iade edilsin,True,True,False
245,tam,duz,"Bütün PII alanlarını maskele, metnin geri kalanını aynen koru.",adli sicil belgemde trafik cezası kaydı ibaresi var işe engel mi,adli sicil belgemde [CEZA_KAYDI] ibaresi var işe engel mi,[CEZA_KAYDI],[CEZA_KAYDI],adli sicil belgemde [CEZA_KAYDI] ibaresi var işe engel mi,True,True,False
246,tam,kayit,Metindeki tüm kişisel verileri uygun etiketlerle maskele.,"yeni müşteri kaydı: şifresi Yaz-1902., uyruğu Kazakistan, baba adı Yoruç, sgk no 4020600796480, maaşı 185 bin TL, adı Aylin Kara, adli kaydı ertelenmiş hapis cezası, din hanesi Deist","yeni müşteri kaydı: şifresi [SIFRE], uyruğu [UYRUK], baba adı [BABA_ADI], sgk no [SGK_NO], maaşı [MAAS], adı [AD], adli kaydı [CEZA_KAYDI], din hanesi [DIN]",[AD] [BABA_ADI] [CEZA_KAYDI] [DIN] [MAAS] [SGK_NO] [SIFRE] [UYRUK],[AD] [BABA_ADI] [CEZA_KAYDI] [DIN] [MAAS] [SGK_NO] [SIFRE] [UYRUK],"yeni müşteri kaydı: şifresi [SIFRE], uyruğu [UYRUK], baba adı [BABA_ADI], sgk no [SGK_NO], maaşı [MAAS], adı [AD], adli kaydı [CEZA_KAYDI], din hanesi [DIN]",True,False,False
247,tam,kayit,Aşağıdaki mesajda kimliği belirlenebilir kılan ne varsa etiketiyle ört.,"yeni müşteri kaydı: köken bilgisi Rum, maaşı 48 bin TL, sendika bilgisi Basisen üyesi, baba adı Oğuz, imza kaydı imza hash baa79aa3, tc si 94458957528, plaka 69 T 450, kart no 4969621955210077, anne adı İklim","yeni müşteri kaydı: köken bilgisi [ETNIK_KOKEN], maaşı [MAAS], sendika bilgisi [SENDIKA], baba adı [BABA_ADI], imza kaydı [IMZA], tc si [TCKN], plaka [PLAKA], kart no [KART], anne adı [ANNE_ADI]",[ANNE_ADI] [BABA_ADI] [ETNIK_KOKEN] [IMZA] [KART] [MAAS] [PLAKA] [SENDIKA] [TCKN],[ANNE_ADI] [BABA_ADI] [ETNIK_KOKEN] [IMZA] [KART] [MAAS] [PLAKA] [SENDIKA] [TCKN],"yeni müşteri kaydı: köken bilgisi [ETNIK_KOKEN], maaşı [MAAS], sendika bilgisi [SENDIKA], baba adı [BABA_ADI], imza kaydı [IMZA], tc si [TCKN], plaka [PLAKA], kart no [KART], anne adı [ANNE_ADI]",True,True,False
248,tam,duz,Bu kayıtta kişisel veri niteliği taşıyan her şeyi köşeli parantezli etiketle değiştir.,uygulamaya giremiyorum kullanıcı adım melisars33 şifremi Güneş2949+ yapmıştım,uygulamaya giremiyorum kullanıcı adım [KULLANICI_ADI] şifremi [SIFRE] yapmıştım,[KULLANICI_ADI] [SIFRE],[KULLANICI_ADI] [SIFRE],uygulamaya giremiyorum kullanıcı adım [KULLANICI_ADI] şifremi [SIFRE] yapmıştım,True,True,False
249,tam,duz,Gizlilik filtresi uygula: tüm kişisel alanlar etikete dönüşsün.,işe giriş evrakları için sgk no 9476 1536 2225 3 gerekiyormuş,işe giriş evrakları için sgk no [SGK_NO] gerekiyormuş,[SGK_NO],[SGK_NO],işe giriş evrakları için sgk no [SGK_NO] gerekiyormuş,True,True,False
250,tam,kayit,Kişisel verileri tespit edip ilgili etiketlerle değiştir; başka değişiklik yapma.,"bayi ekranından gelen kayıt: cihaz id WRMK-3N6E-6PZ5, pasaport no A95121315, pin 3459, konum 39.2056, 43.7507, imei 704801776478926, sözleşme no 9146-84649, ip 20.198.177.64","bayi ekranından gelen kayıt: cihaz id [CIHAZ_ID], pasaport no [PASAPORT_NO], pin [PIN], konum [KONUM], imei [IMEI], sözleşme no [SOZLESME_NO], ip [IP_ADRES]",[CIHAZ_ID] [IMEI] [IP_ADRES] [KONUM] [PASAPORT_NO] [PIN] [SOZLESME_NO],[CIHAZ_ID] [IMEI] [IP_ADRES] [KONUM] [PASAPORT_NO] [PIN] [SOZLESME_NO],"bayi ekranından gelen kayıt: cihaz id [CIHAZ_ID], pasaport no [PASAPORT_NO], pin [PIN], konum [KONUM], imei [IMEI], sözleşme no [SOZLESME_NO], ip [IP_ADRES]",True,True,False
251,beyaz_liste,"sozle,caps",Kapsam yalnızca sözleşme numarası; diğer kişisel veriler bu sefer açık kalacak.,SÖZLEŞME FESHİ TALEP EDİYORUM SÖZLEŞME NO 7795-40173 TC SIFIR BEŞ DÖRT ALTI SEKİZ ÜÇ İKİ YEDİ DOKUZ SEKİZ,SÖZLEŞME FESHİ TALEP EDİYORUM SÖZLEŞME NO [SOZLESME_NO] TC SIFIR BEŞ DÖRT ALTI SEKİZ ÜÇ İKİ YEDİ DOKUZ SEKİZ,[SOZLESME_NO] [TCKN],[SOZLESME_NO],SÖZLEŞME FESHİ TALEP EDİYORUM SÖZLEŞME NO [SOZLESME_NO],False,True,False
252,beyaz_liste,kayit,"Sadece IBAN numarası ve şasi numarası için maskeleme yap, gerisi olduğu gibi kalsın.","kredi başvuru formu: mac 16:23:39:69:55:F8, ıban TR941388098516976532580544, müşteri no otuz dört otuz sekiz doksan üç on üç, poliçe no 2251/659952, sgk no 2499 2472 7663 9, anne adı Zeynep, ilgili kişi Eda Karaca, şasi no 73XEWJZ89GSG55DYS","kredi başvuru formu: mac 16:23:39:69:55:F8, ıban [IBAN], müşteri no otuz dört otuz sekiz doksan üç on üç, poliçe no 2251/659952, sgk no 2499 2472 7663 9, anne adı Zeynep, ilgili kişi Eda Karaca, şasi no [SASI_NO]",[AD] [ANNE_ADI] [IBAN] [MAC_ADRES] [MUSTERI_NO] [POLICE_NO] [SASI_NO] [SGK_NO],[IBAN] [SASI_NO],"kredi başvuru formu: mac 16:23:39:69:55:F8, ıban [IBAN], müşteri no otuz dört otuz sekiz doksan üç on üç, poliçe no 2251/659952, sgk no 2499 2472 7663 9, anne adı Zeynep, ilgili kişi Eda Karaca, şasi no [SASI_NO]",True,True,False
253,beyaz_liste,kayit,Yalnız poliçe numarası ve ehliyet numarası gizlenecek; başka hiçbir şey değişmeyecek.,"sisteme girilecek kayıt: motor no K30N226759, sicil no 75378, ehliyet no B2250668, poliçe no 3755/964753, kredi notu 1147, konum 39.1327, 41.3957, imei 285398692168966","sisteme girilecek kayıt: motor no K30N226759, sicil no 75378, ehliyet no [EHLIYET_NO], poliçe no [POLICE_NO], kredi notu 1147, konum 39.1327, 41.3957, imei 285398692168966",[EHLIYET_NO] [IMEI] [KONUM] [KREDI_NOTU] [MOTOR_NO] [POLICE_NO] [SICIL_NO],[EHLIYET_NO] [POLICE_NO],"sisteme girilecek kayıt: motor no K30N226759, sicil no 75378, ehliyet no [EHLIYET_NO], poliçe no [POLICE_NO], kredi notu 1147, konum 39.1327, 41.3957, imei 285398692168966",True,True,False
254,beyaz_liste,"kayit,caps",Maskeleme talimatı: sadece kan grubu ve [TCKN].,"SİSTEME GİRİLECEK KAYIT: MÜŞTERİ NO MU5106136, KART NO 5527343504789227, TC Sİ 66955555354, ANNE ADI MERBA, ANNE KIZLIK SOYADI SEZGİN, KREDİ NOTU 719, KAN GRUBU A RH NEGATİF, İŞYERİ MALATYA BÜYÜKŞEHİR BELEDİYESİ","SİSTEME GİRİLECEK KAYIT: MÜŞTERİ NO MU5106136, KART NO 5527343504789227, TC Sİ [TCKN], ANNE ADI MERBA, ANNE KIZLIK SOYADI SEZGİN, KREDİ NOTU 719, KAN GRUBU [KAN_GRUBU], İŞYERİ MALATYA BÜYÜKŞEHİR BELEDİYESİ",[ANNE_ADI] [ANNE_KIZLIK] [ISYERI] [KAN_GRUBU] [KART] [KREDI_NOTU] [MUSTERI_NO] [TCKN],[KAN_GRUBU] [TCKN],"SİSTEME GİRİLECEK KAYIT: MÜŞTERİ NO MU5106136, KART NO 5527343504789227, TC Sİ [TCKN], ANNE ADI MERBA, ANNE KIZLIK SOYADI SEZGİN, KREDİ NOTU 719, KAN GRUBU [KAN_GRUBU], İŞYERİ MALATYA BÜYÜKŞEHİR BELEDİYESİ",True,True,False
255,beyaz_liste,kayit,Bu metinde doğum tarihi dışında hiçbir şeyi maskeleme.,"sisteme girilecek kayıt: müşteri no 56625676, skt 11/32, maaşı 85.500 TL maaş, cüzdan adresi TqAvFu97XnfwNe7SqYrBf9xhcT9X8dQrcU, doğum tarihi 1984-11-28, sendika bilgisi Banka Çalışanları Sendikası üyesi, köken bilgisi Türk","sisteme girilecek kayıt: müşteri no 56625676, skt 11/32, maaşı 85.500 TL maaş, cüzdan adresi TqAvFu97XnfwNe7SqYrBf9xhcT9X8dQrcU, doğum tarihi [DOGUM_TARIHI], sendika bilgisi Banka Çalışanları Sendikası üyesi, köken bilgisi Türk",[DOGUM_TARIHI] [ETNIK_KOKEN] [KART_SKT] [KRIPTO_CUZDAN] [MAAS] [MUSTERI_NO] [SENDIKA],[DOGUM_TARIHI],"sisteme girilecek kayıt: müşteri no 56625676, skt 11/32, maaşı 85.500 TL maaş, cüzdan adresi TqAvFu97XnfwNe7SqYrBf9xhcT9X8dQrcU, doğum tarihi [DOGUM_TARIHI], sendika bilgisi Banka Çalışanları Sendikası üyesi, köken bilgisi Türk",True,True,False
256,beyaz_liste,"ekli,caps",Bu metinde [EMAIL] dışında hiçbir şeyi maskeleme.,HAVALE UMUT GÜLEN'E GİTSİN DEKONT DA YASEMİN_KORUTURK@MYNET.COM'A DÜŞSÜN,HAVALE UMUT GÜLEN'E GİTSİN DEKONT DA [EMAIL]'A DÜŞSÜN,[AD] [EMAIL],[EMAIL],[AD]'E GİTSİN DEKONT DA YASEMİN_KORUTURK@MYNET.COM'A DÜŞSÜN,False,True,False
257,beyaz_liste,"kayit,caps","[KAN_GRUBU] alanını etiketle, kalan her şeyi aynen bırak.","SİSTEME GİRİLECEK KAYIT: SGK NO 8141187208322, POLİÇE NO P572105948, SÖZLEŞME NO 7203-60704, KAN GRUBU B RH NEGATİF, ANNE ADI EBRU","SİSTEME GİRİLECEK KAYIT: SGK NO 8141187208322, POLİÇE NO P572105948, SÖZLEŞME NO 7203-60704, KAN GRUBU [KAN_GRUBU], ANNE ADI EBRU",[ANNE_ADI] [KAN_GRUBU] [POLICE_NO] [SGK_NO] [SOZLESME_NO],[KAN_GRUBU],"SİSTEME GİRİLECEK KAYIT: SGK NO [SGK_NO], POLİÇE NO [POLICE_NO], SÖZLEŞME NO [SOZLESME_NO], KAN GRUBU B RH NEGATİF, ANNE ADI [ANNE_ADI]",False,True,False
258,beyaz_liste,"kayit,olmayan_etiket_talebi","Sadece doğum tarihi ve sigorta poliçe no ve şasi numarası için maskeleme yap, gerisi olduğu gibi kalsın.","sisteme girilecek kayıt: kredi notu 659, hesap no 5369 255939, sendika bilgisi sendika üyeliği yok, doğum tarihi 17 Ocak 1953, kullanıcı adı mturan13, skt 11/2027, 80 yaşında, poliçe no 0331/787259, işyeri Pusula Medya Ltd. Şti.","sisteme girilecek kayıt: kredi notu 659, hesap no 5369 255939, sendika bilgisi sendika üyeliği yok, doğum tarihi [DOGUM_TARIHI], kullanıcı adı mturan13, skt 11/2027, 80 yaşında, poliçe no [POLICE_NO], işyeri Pusula Medya Ltd. Şti.",[DOGUM_TARIHI] [HESAP_NO] [ISYERI] [KART_SKT] [KREDI_NOTU] [KULLANICI_ADI] [POLICE_NO] [SENDIKA] [YAS],[DOGUM_TARIHI] [POLICE_NO],"sisteme girilecek kayıt: kredi notu 659, hesap no 5369 255939, sendika bilgisi sendika üyeliği yok, doğum tarihi [DOGUM_TARIHI], kullanıcı adı mturan13, skt 11/2027, 80 yaşında, poliçe no [POLICE_NO], işyeri Pusula Medya Ltd. Şti.",True,True,False
259,beyaz_liste,olmayan_etiket_talebi,Yalnız telefon numarası ve [BABA_ADI] gizlenecek; başka hiçbir şey değişmeyecek.,çocuğumun okul servisi için adres Yeni Mah. Çınar Cad. No:177 D:10 Kat:5 Maltepe/Mersin tel 05385067190,çocuğumun okul servisi için adres Yeni Mah. Çınar Cad. No:177 D:10 Kat:5 Maltepe/Mersin tel [TEL],[ADRES] [TEL],[TEL],çocuğumun okul servisi için adres Yeni Mah. Çınar Cad. No:177 D:10 Kat:5 Maltepe/Mersin tel [TEL],True,True,False
260,beyaz_liste,duz,"IMEI numarası alanını etiketle, kalan her şeyi aynen bırak.","kayıp cihaz bildirimi imei 399398268606945 son konum 37.9503, 30.657","kayıp cihaz bildirimi imei [IMEI] son konum 37.9503, 30.657",[IMEI] [KONUM],[IMEI],kayıp cihaz bildirimi imei 399398268606945 son konum [KONUM],False,True,False
261,beyaz_liste,uzun,Bu talepte tek hedef adli sicil bilgisi; başka alan etiketlenmeyecek.,sözleşme feshi talep ediyorum sözleşme no 2023/9499-A tc 38308946034. müşteri Sadittin Şahin kredi notu 1194 çıktı limit artışı uygun mu. kripto çekim adresim 0x534d1be42c182cb0f3fa8638f4f8af4a161ae309 onay bekliyor. adli sicil belgemde trafik cezası kaydı ibaresi var işe engel mi,sözleşme feshi talep ediyorum sözleşme no 2023/9499-A tc 38308946034. müşteri Sadittin Şahin kredi notu 1194 çıktı limit artışı uygun mu. kripto çekim adresim 0x534d1be42c182cb0f3fa8638f4f8af4a161ae309 onay bekliyor. adli sicil belgemde [CEZA_KAYDI] ibaresi var işe engel mi,[AD] [CEZA_KAYDI] [KREDI_NOTU] [KRIPTO_CUZDAN] [SOZLESME_NO] [TCKN],[CEZA_KAYDI],sözleşme feshi talep ediyorum sözleşme no [SOZLESME_NO] tc [TCKN]. müşteri [MUSTERI_NO] kredi notu [KREDI_NOTU] çıktı limit artışı uygun mu. kripto çekim adresim [KRIPTO_CUZDAN] onay bekliyor. adli sicil belgemde trafik cezası kaydı ibaresi var işe engel mi,False,True,False
262,beyaz_liste,olmayan_etiket_talebi,Kapsam yalnızca [VERGI_NO] ve [SASI_NO]; diğer kişisel veriler bu sefer açık kalacak.,araç satışı için şasi GT38RUAXWSMBV3R5V motor Z43B759960 sorgulanacak,araç satışı için şasi [SASI_NO] motor Z43B759960 sorgulanacak,[MOTOR_NO] [SASI_NO],[SASI_NO],araç satışı için şasi [SASI_NO] motor Z43B759960 sorgulanacak,True,True,False
263,beyaz_liste,kayit,Maskeleme talimatı: sadece IP adresi.,"yeni müşteri kaydı: ip 144.123.31.1, doğum yeri Sivas, pin altı bir bir üç, IBAN TR160656611538539579135882, kan grubu A Rh pozitif, anne adı Ayülker, cihaz id 8B8L-5KQO-SZ9G, tc kimlik no altmış dört on dört on sekiz on altı yetmiş sekiz","yeni müşteri kaydı: ip [IP_ADRES], doğum yeri Sivas, pin altı bir bir üç, IBAN TR160656611538539579135882, kan grubu A Rh pozitif, anne adı Ayülker, cihaz id 8B8L-5KQO-SZ9G, tc kimlik no altmış dört on dört on sekiz on altı yetmiş sekiz",[ANNE_ADI] [CIHAZ_ID] [DOGUM_YERI] [IBAN] [IP_ADRES] [KAN_GRUBU] [PIN] [TCKN],[IP_ADRES],"yeni müşteri kaydı: ip [IP_ADRES], doğum yeri Sivas, pin altı bir bir üç, IBAN TR160656611538539579135882, kan grubu A Rh pozitif, anne adı Ayülker, cihaz id 8B8L-5KQO-SZ9G, tc kimlik no altmış dört on dört on sekiz on altı yetmiş sekiz",True,True,False
264,beyaz_liste,uzun,Yalnız adli sicil bilgisi gizlenecek; başka hiçbir şey değişmeyecek.,adli sicil belgemde adli sicil kaydı temiz ibaresi var işe engel mi. kartımın cvv si 407 pin i 859259 kimseyle paylaşmadım ama şüpheli işlem var. vpn erişimi açılsın ip 122.187.213.116 mac AE:94:28:91:6C:99. şirket aracının muayenesi yaklaştı plaka 01 T 9649 ruhsat no LZ-198362. biyometrik girişte sorun var retina taraması eşleşmiyor,adli sicil belgemde [CEZA_KAYDI] ibaresi var işe engel mi. kartımın cvv si 407 pin i 859259 kimseyle paylaşmadım ama şüpheli işlem var. vpn erişimi açılsın ip 122.187.213.116 mac AE:94:28:91:6C:99. şirket aracının muayenesi yaklaştı plaka 01 T 9649 ruhsat no LZ-198362. biyometrik girişte sorun var retina taraması eşleşmiyor,[BIYOMETRIK] [CEZA_KAYDI] [CVV] [IP_ADRES] [MAC_ADRES] [PIN] [PLAKA] [RUHSAT_NO],[CEZA_KAYDI],adli sicil belgemde [CEZA_KAYDI] ibaresi var işe engel mi. kartımın cvv si 407 pin i 859259 kimseyle paylaşmadım ama şüpheli işlem var. vpn erişimi açılsın ip 122.187.213.116 mac AE:94:28:91:6C:99. şirket aracının muayenesi yaklaştı plaka 01 T 9649 ruhsat no LZ-198362. biyometrik girişte sorun var retina taraması eşleşmiyor,True,True,False
265,beyaz_liste,kayit,Yalnız yaş ve cep telefonu gizlenecek; başka hiçbir şey değişmeyecek.,"acil güncellenecek bilgiler: şasi no ECHZBJ2TFT0EXKEZE, konum 39.8309, 43.838, sicil no 3018, 37 yaşında, telefonu 0505 605 10 68","acil güncellenecek bilgiler: şasi no ECHZBJ2TFT0EXKEZE, konum 39.8309, 43.838, sicil no 3018, [YAS] yaşında, telefonu [TEL]",[KONUM] [SASI_NO] [SICIL_NO] [TEL] [YAS],[TEL] [YAS],"acil güncellenecek bilgiler: şasi no ECHZBJ2TFT0EXKEZE, konum 39.8309, 43.838, sicil no 3018, [YAS] yaşında, telefonu [TEL]",True,False,False
266,beyaz_liste,kayit,Kapsam yalnızca kredi notu; diğer kişisel veriler bu sefer açık kalacak.,"kredi başvuru formu: vergi no üç sekiz üç üç sekiz sıfır beş üç bir üç, sağlık notu çölyak hastalığı, kan grubu A Rh pozitif, işyeri Akdeniz Tarım A.Ş., pin 986438, mail adresi ozger_polat@gmail.com, kredi notu 453","kredi başvuru formu: vergi no üç sekiz üç üç sekiz sıfır beş üç bir üç, sağlık notu çölyak hastalığı, kan grubu A Rh pozitif, işyeri Akdeniz Tarım A.Ş., pin 986438, mail adresi ozger_polat@gmail.com, kredi notu [KREDI_NOTU]",[EMAIL] [ISYERI] [KAN_GRUBU] [KREDI_NOTU] [PIN] [SAGLIK] [VERGI_NO],[KREDI_NOTU],"kredi başvuru formu: vergi no üç sekiz üç üç sekiz sıfır beş üç bir üç, sağlık notu çölyak hastalığı, kan grubu A Rh pozitif, işyeri Akdeniz Tarım A.Ş., pin 986438, mail adresi ozger_polat@gmail.com, kredi notu [KREDI_NOTU]",True,True,False
267,beyaz_liste,"sozle,olmayan_etiket_talebi",Bu talepte tek hedef [ANNE_ADI] ve TC kimlik no; başka alan etiketlenmeyecek.,sözleşme feshi talep ediyorum sözleşme no 2023/8665-C tc altı iki sekiz bir dört sıfır sıfır yedi bir dokuz sıfır,sözleşme feshi talep ediyorum sözleşme no 2023/8665-C tc [TCKN],[SOZLESME_NO] [TCKN],[TCKN],sözleşme feshi talep ediyorum sözleşme no 2023/8665-C tc altı iki sekiz bir dört sıfır sıfır yedi bir dokuz sıfır,False,True,False
268,beyaz_liste,olmayan_etiket_talebi,Kapsam yalnızca kullanıcı adı ve [TCKN]; diğer kişisel veriler bu sefer açık kalacak.,kredi başvurumun durumunu öğrenmek istiyorum adım Burak Kara tc 18111239332,kredi başvurumun durumunu öğrenmek istiyorum adım Burak Kara tc [TCKN],[AD] [TCKN],[TCKN],kredi başvurumun durumunu öğrenmek istiyorum adım Burak Kara tc [TCKN],True,True,False
269,beyaz_liste,duz,Bu talepte tek hedef [BABA_ADI]; başka alan etiketlenmeyecek.,babamın adı Osman annemin adı Gülsü form böyle istiyor,babamın adı [BABA_ADI] annemin adı Gülsü form böyle istiyor,[ANNE_ADI] [BABA_ADI],[BABA_ADI],babamın adı [BABA_ADI] annemin adı Gülsü form böyle istiyor,True,True,False
270,beyaz_liste,duz,Kapsam yalnızca müşteri numarası; diğer kişisel veriler bu sefer açık kalacak.,hesap hareketlerimi gokhanzengin64@icloud.com adresine gönderin müşteri no 33788554,hesap hareketlerimi gokhanzengin64@icloud.com adresine gönderin müşteri no [MUSTERI_NO],[EMAIL] [MUSTERI_NO],[MUSTERI_NO],hesap hareketlerimi gokhanzengin64@icloud.com adresine gönderin müşteri no [MUSTERI_NO],True,True,False
271,beyaz_liste,duz,Bu metinde [AD] dışında hiçbir şeyi maskeleme.,aidat iadesi için ıban paylaşıyorum TR79 0276 0242 6383 2323 7133 47 isim Ali Yavuz,aidat iadesi için ıban paylaşıyorum TR79 0276 0242 6383 2323 7133 47 isim [AD],[AD] [IBAN],[AD],aidat iadesi için ıban paylaşıyorum TR79 0276 0242 6383 2323 7133 47 isim [AD],True,True,False
272,beyaz_liste,duz,"Sadece vatandaşlık bilgisi için maskeleme yap, gerisi olduğu gibi kalsın.",yabancı müşteri kaydı uyruğu Bulgaristan pasaport U39132938,yabancı müşteri kaydı uyruğu [UYRUK] pasaport U39132938,[PASAPORT_NO] [UYRUK],[UYRUK],yabancı müşteri kaydı uyruğu [UYRUK] pasaport U39132938,True,False,False
273,beyaz_liste,duz,Yalnız uyruk gizlenecek; başka hiçbir şey değişmeyecek.,yabancı müşteri kaydı uyruğu Azerbaycan pasaport A46022787,yabancı müşteri kaydı uyruğu [UYRUK] pasaport A46022787,[PASAPORT_NO] [UYRUK],[UYRUK],yabancı müşteri kaydı uyruğu [UYRUK] pasaport A46022787,True,False,False
274,beyaz_liste,olmayan_etiket_talebi,Maskeleme talimatı: sadece [SOZLESME_NO] ve [POLICE_NO].,poliçemi yenilemek istiyorum poliçe no 0191/017004 doğum tarihim 1964-03-04,poliçemi yenilemek istiyorum poliçe no [POLICE_NO] doğum tarihim 1964-03-04,[DOGUM_TARIHI] [POLICE_NO],[POLICE_NO],poliçemi yenilemek istiyorum poliçe no [POLICE_NO] doğum tarihim 1964-03-04,True,True,False
275,beyaz_liste,caps,"Sadece kart numarası için maskeleme yap, gerisi olduğu gibi kalsın.",İNTERNETTEN YAPTIĞIM ÖDEME GÖRÜNMÜYOR KART NO KIRK İKİ YİRMİ ELLİ BİR ON ALTI ON YEDİ DOKSAN DOKUZ ALTMIŞ DÖRT ON BEŞ SKT 05/31,İNTERNETTEN YAPTIĞIM ÖDEME GÖRÜNMÜYOR KART NO [KART] SKT 05/31,[KART] [KART_SKT],[KART],İNTERNETTEN YAPTIĞIM ÖDEME GÖRÜNMÜYOR KART NO [KART] SKT 05/31,True,True,False
276,beyaz_liste,"kayit,olmayan_etiket_talebi",Bu metinde [MOTOR_NO] ve çalıştığı kurum ve [MUSTERI_NO] dışında hiçbir şeyi maskeleme.,"yeni müşteri kaydı: doğum tarihi 1982-04-08, mac 3E:FB:AB:43:33:98, müşteri no MU0337762, motor no O87R072755, sendika bilgisi Banka Çalışanları Sendikası üyesi, uyruğu Bulgaristan, cüzdan adresi TbbMYirJxS2fwZWfkg6P1PHLHooLXWVpMc, anne adı Yepelek","yeni müşteri kaydı: doğum tarihi 1982-04-08, mac 3E:FB:AB:43:33:98, müşteri no [MUSTERI_NO], motor no [MOTOR_NO], sendika bilgisi Banka Çalışanları Sendikası üyesi, uyruğu Bulgaristan, cüzdan adresi TbbMYirJxS2fwZWfkg6P1PHLHooLXWVpMc, anne adı Yepelek",[ANNE_ADI] [DOGUM_TARIHI] [KRIPTO_CUZDAN] [MAC_ADRES] [MOTOR_NO] [MUSTERI_NO] [SENDIKA] [UYRUK],[MOTOR_NO] [MUSTERI_NO],"yeni müşteri kaydı: doğum tarihi 1982-04-08, mac 3E:FB:AB:43:33:98, müşteri no [MUSTERI_NO], motor no [MOTOR_NO], sendika bilgisi Banka Çalışanları Sendikası üyesi, uyruğu Bulgaristan, cüzdan adresi TbbMYirJxS2fwZWfkg6P1PHLHooLXWVpMc, anne adı Yepelek",True,True,False
277,beyaz_liste,sozle,"TC kimlik no alanını etiketle, kalan her şeyi aynen bırak.",sözleşme feshi talep ediyorum sözleşme no 0940-96720 tc dört sekiz yedi sıfır yedi iki beş dokuz sıfır sekiz bir bir sekiz üç bir altı,sözleşme feshi talep ediyorum sözleşme no 0940-96720 tc [TCKN],[SOZLESME_NO] [TCKN],[TCKN],sözleşme feshi talep ediyorum sözleşme no [SOZLESME_NO] tc dört sekiz yedi sıfır yedi iki beş dokuz sıfır sekiz bir bir sekiz üç bir altı,False,True,False
278,beyaz_liste,duz,Yalnız [KREDI_NOTU] gizlenecek; başka hiçbir şey değişmeyecek.,müşteri Ece Şener kredi notu 788 çıktı limit artışı uygun mu,müşteri Ece Şener kredi notu [KREDI_NOTU] çıktı limit artışı uygun mu,[AD] [KREDI_NOTU],[KREDI_NOTU],müşteri Ece Şener kredi notu [KREDI_NOTU] çıktı limit artışı uygun mu,True,True,False
279,beyaz_liste,olmayan_etiket_talebi,"maaş bilgisi ve plaka alanını etiketle, kalan her şeyi aynen bırak.",bordro itirazım var sicil SC6850 maaşım aylık 99.000 TL yatmış eksik,bordro itirazım var sicil SC6850 maaşım [MAAS] yatmış eksik,[MAAS] [SICIL_NO],[MAAS],bordro itirazım var sicil [SICIL_NO] maaşım aylık 99.000 TL yatmış eksik,False,True,False
280,beyaz_liste,kayit,Bu talepte tek hedef [DOGUM_YERI]; başka alan etiketlenmeyecek.,"yeni müşteri kaydı: engel durumu engel durumu yok, hesap no 100650757, adı Arda Karadeniz, plaka 75 NF 8435, mac 9F:17:3A:4F:6B:37, doğum yeri Denizli, doğum tarihi 1969-03-01, mail adresi ozpetekucar35@hotmail.com","yeni müşteri kaydı: engel durumu engel durumu yok, hesap no 100650757, adı Arda Karadeniz, plaka 75 NF 8435, mac 9F:17:3A:4F:6B:37, doğum yeri [DOGUM_YERI], doğum tarihi 1969-03-01, mail adresi ozpetekucar35@hotmail.com",[AD] [DOGUM_TARIHI] [DOGUM_YERI] [EMAIL] [ENGEL_DURUMU] [HESAP_NO] [MAC_ADRES] [PLAKA],[DOGUM_YERI],"yeni müşteri kaydı: engel durumu engel durumu yok, hesap no 100650757, adı Arda Karadeniz, plaka 75 NF 8435, mac 9F:17:3A:4F:6B:37, doğum yeri Denizli, doğum tarihi 1969-03-01, mail adresi ozpetekucar35@hotmail.com",False,True,False
281,beyaz_liste,duz,Yalnız poliçe numarası gizlenecek; başka hiçbir şey değişmeyecek.,poliçemi yenilemek istiyorum poliçe no P944338933 doğum tarihim 03.06.1989,poliçemi yenilemek istiyorum poliçe no [POLICE_NO] doğum tarihim 03.06.1989,[DOGUM_TARIHI] [POLICE_NO],[POLICE_NO],poliçemi yenilemek istiyorum poliçe no [POLICE_NO] doğum tarihim 03.06.1989,True,True,False
282,beyaz_liste,kayit,"Sadece [BIYOMETRIK] için maskeleme yap, gerisi olduğu gibi kalsın.","acil güncellenecek bilgiler: şasi no R3TF14663AB612C4C, pin iki bir yedi beş, pasaport no U87548407, biyometrik kaydı yüz tanıma verisi, sicil no SC6082, konum 41.2057, 31.194, cvv 754","acil güncellenecek bilgiler: şasi no R3TF14663AB612C4C, pin iki bir yedi beş, pasaport no U87548407, biyometrik kaydı [BIYOMETRIK], sicil no SC6082, konum 41.2057, 31.194, cvv 754",[BIYOMETRIK] [CVV] [KONUM] [PASAPORT_NO] [PIN] [SASI_NO] [SICIL_NO],[BIYOMETRIK],"acil güncellenecek bilgiler: şasi no R3TF14663AB612C4C, pin iki bir yedi beş, pasaport no U87548407, biyometrik kaydı [BIYOMETRIK], sicil no SC6082, konum 41.2057, 31.194, cvv 754",True,True,False
283,beyaz_liste,kayit,"uyruk alanını etiketle, kalan her şeyi aynen bırak.","sisteme girilecek kayıt: sicil no 57516, motor no N42B881385, müşteri no MU8068215, konum 38.5363, 44.2887, uyruğu Fransız, 63 yaşında, biyometrik kaydı parmak izi şablonu","sisteme girilecek kayıt: sicil no 57516, motor no N42B881385, müşteri no MU8068215, konum 38.5363, 44.2887, uyruğu [UYRUK], 63 yaşında, biyometrik kaydı parmak izi şablonu",[BIYOMETRIK] [KONUM] [MOTOR_NO] [MUSTERI_NO] [SICIL_NO] [UYRUK] [YAS],[UYRUK],"sisteme girilecek kayıt: sicil no [SICIL_NO], motor no [MOTOR_NO], müşteri no [MUSTERI_NO], konum [KONUM], uyruğu Fransız, [YAS] yaşında, [BIYOMETRIK] parmak izi şablonu",False,False,False
284,beyaz_liste,duz,Bu metinde [KULLANICI_ADI] dışında hiçbir şeyi maskeleme.,uygulamaya giremiyorum kullanıcı adım ececelik63 şifremi Kar.1730+ yapmıştım,uygulamaya giremiyorum kullanıcı adım [KULLANICI_ADI] şifremi Kar.1730+ yapmıştım,[KULLANICI_ADI] [SIFRE],[KULLANICI_ADI],uygulamaya giremiyorum kullanıcı adım [KULLANICI_ADI] şifremi Kar.1730+ yapmıştım,True,True,False
285,beyaz_liste,"uzun,caps","[KRIPTO_CUZDAN] alanını etiketle, kalan her şeyi aynen bırak.",İŞE GİRİŞ EVRAKLARI İÇİN SGK NO 1801780841947 GEREKİYORMUŞ. AİDAT İADESİ İÇİN IBAN PAYLAŞIYORUM TR SEKİZ DOKUZ YEDİ YEDİ ÜÇ ALTI ÜÇ BİR BİR SIFIR YEDİ YEDİ ... İSİM DİLEK ŞİMŞEK. KRİPTO ÇEKİM ADRESİM 0XA06ED23095495E504986E3D8500F7E910978E21B ONAY BEKLİYOR. YENİ TELEFON NUMARAM SIFIR BEŞ BEŞ İKİ ALTI BİR DÖRT SEKİZ ÜÇ DOKUZ İKİ SİSTEME İŞLENMEMİŞ HÂLÂ ESKİSİ GÖRÜNÜYOR,İŞE GİRİŞ EVRAKLARI İÇİN SGK NO 1801780841947 GEREKİYORMUŞ. AİDAT İADESİ İÇİN IBAN PAYLAŞIYORUM TR SEKİZ DOKUZ YEDİ YEDİ ÜÇ ALTI ÜÇ BİR BİR SIFIR YEDİ YEDİ ... İSİM DİLEK ŞİMŞEK. KRİPTO ÇEKİM ADRESİM [KRIPTO_CUZDAN] ONAY BEKLİYOR. YENİ TELEFON NUMARAM SIFIR BEŞ BEŞ İKİ ALTI BİR DÖRT SEKİZ ÜÇ DOKUZ İKİ SİSTEME İŞLENMEMİŞ HÂLÂ ESKİSİ GÖRÜNÜYOR,[AD] [IBAN] [KRIPTO_CUZDAN] [SGK_NO] [TEL],[KRIPTO_CUZDAN],İŞE GİRİŞ EVRAKLARI İÇİN SGK NO [SGK_NO] GEREKİYORMUŞ. AİDAT İADESİ İÇİN IBAN PAYLAŞIYORUM [IBAN] SIFIR YEDİ YEDİ ÜÇ ALTI ÜÇ BİR BİR SIFIR YEDİ YEDİ ... İSİM DİLEK ŞİMŞEK. KRİPTO ÇEKİM ADRESİM 0XA06ED23095495E504986E3D8500F7E910978E21B ONAY BEKLİYOR. YENİ TELEFON NUMARAM [TEL] BİSİSTEME İŞLENMEMİŞ HÂLÂ ESKİSİ GÖRÜNÜYOR,False,True,False
286,beyaz_liste,duz,Bu metinde [POLICE_NO] dışında hiçbir şeyi maskeleme.,poliçemi yenilemek istiyorum poliçe no 8596/419219 doğum tarihim 27 Eylül 1958,poliçemi yenilemek istiyorum poliçe no [POLICE_NO] doğum tarihim 27 Eylül 1958,[DOGUM_TARIHI] [POLICE_NO],[POLICE_NO],poliçemi yenilemek istiyorum poliçe no [POLICE_NO] doğum tarihim 27 Eylül 1958,True,True,False
287,beyaz_liste,duz,"Sadece [TCKN] için maskeleme yap, gerisi olduğu gibi kalsın.",sözleşme feshi talep ediyorum sözleşme no 2023/4576-A tc 414-693-257-78,sözleşme feshi talep ediyorum sözleşme no 2023/4576-A tc [TCKN],[SOZLESME_NO] [TCKN],[TCKN],sözleşme feshi talep ediyorum sözleşme no 2023/4576-A tc [TCKN],True,True,False
288,beyaz_liste,"kayit,olmayan_etiket_talebi",Kapsam yalnızca doğum yeri ve kart son kullanma tarihi; diğer kişisel veriler bu sefer açık kalacak.,"çağrı merkezi notu: kan grubu 0 Rh negatif, skt 03/2029, sözleşme no 8146-93096, sicil no 70012, kullanıcı adı sahmettinozkan22, tc kimlik no 48751876130, konum 41.2401, 44.7057, maaşı 178.500 TL maaş, pin 2340","çağrı merkezi notu: kan grubu 0 Rh negatif, skt [KART_SKT], sözleşme no 8146-93096, sicil no 70012, kullanıcı adı sahmettinozkan22, tc kimlik no 48751876130, konum 41.2401, 44.7057, maaşı 178.500 TL maaş, pin 2340",[KAN_GRUBU] [KART_SKT] [KONUM] [KULLANICI_ADI] [MAAS] [PIN] [SICIL_NO] [SOZLESME_NO] [TCKN],[KART_SKT],"çağrı merkezi notu: kan grubu 0 Rh negatif, skt 03/2029, sözleşme no 8146-93096, sicil no 70012, kullanıcı adı sahmettinozkan22, tc kimlik no 48751876130, konum 41.2401, 44.7057, maaşı 178.500 TL maaş, pin 2340",False,True,False
289,beyaz_liste,"uzun,olmayan_etiket_talebi",Maskeleme talimatı: sadece biyometrik veri ve e-posta adresi ve [IMZA].,müşteri İhsan Aslan kredi notu 777 çıktı limit artışı uygun mu. imza doğrulaması için dijital imza özeti 648EDB kayıtlarda mevcut. şoför belgem yenilendi ehliyet no K0054476. biyometrik girişte sorun var yüz tanıma verisi eşleşmiyor,müşteri İhsan Aslan kredi notu 777 çıktı limit artışı uygun mu. imza doğrulaması için [IMZA] kayıtlarda mevcut. şoför belgem yenilendi ehliyet no K0054476. biyometrik girişte sorun var [BIYOMETRIK] eşleşmiyor,[AD] [BIYOMETRIK] [EHLIYET_NO] [IMZA] [KREDI_NOTU],[BIYOMETRIK] [IMZA],müşteri İhsan Aslan kredi notu 777 çıktı limit artışı uygun mu. imza doğrulaması için [IMZA] kayıtlarda mevcut. şoför belgem yenilendi ehliyet no K0054476. biyometrik girişte sorun var [BIYOMETRIK] eşleşmiyor,True,True,False
290,beyaz_liste,"uzun,olmayan_etiket_talebi","ruhsat numarası ve anne kızlık soyadı ve araç plakası alanını etiketle, kalan her şeyi aynen bırak.",vpn erişimi açılsın ip 44.211.143.48 mac 65:7C:7A:B4:0D:FD. müşteri Yasemin Öztürk kredi notu 1420 çıktı limit artışı uygun mu. şirket aracının muayenesi yaklaştı plaka 29 T 7467 ruhsat no IT-914668. aile durumu babası emekli olarak güncellendi onaylıyor musunuz. sözleşme feshi talep ediyorum sözleşme no 4282-04399 tc on dört on altı sıfır bir seksen sekiz yirmi beş altı. çocuğumun okul servisi için adres Yeni Mah. Lale Bulv. No:200 D:28 Kat:3 Battalgazi/Sivas tel sıfır beş üç iki iki sıfır altı dokuz yedi üç altı,vpn erişimi açılsın ip 44.211.143.48 mac 65:7C:7A:B4:0D:FD. müşteri Yasemin Öztürk kredi notu 1420 çıktı limit artışı uygun mu. şirket aracının muayenesi yaklaştı plaka [PLAKA] ruhsat no [RUHSAT_NO]. aile durumu babası emekli olarak güncellendi onaylıyor musunuz. sözleşme feshi talep ediyorum sözleşme no 4282-04399 tc on dört on altı sıfır bir seksen sekiz yirmi beş altı. çocuğumun okul servisi için adres Yeni Mah. Lale Bulv. No:200 D:28 Kat:3 Battalgazi/Sivas tel sıfır beş üç iki iki sıfır altı dokuz yedi üç altı,[ADRES] [AD] [AILE] [IP_ADRES] [KREDI_NOTU] [MAC_ADRES] [PLAKA] [RUHSAT_NO] [SOZLESME_NO] [TCKN] [TEL],[PLAKA] [RUHSAT_NO],vpn erişimi açılsın ip [IP_ADRES] mac [MAC_ADRES]. müşteri [AD] kredi notu [KREDI_NOTU] çıktı limit artışı uygun mu. şirket aracının muayenesi yaklaştı plaka 29 T 7467 ruhsat no IT-914668. aile durumu [AILE] olarak güncellendi onaylıyor musunuz. sözleşme feshi talep ediyorum sözleşme no [SOZLESME_NO] tc [TCKN]. çocuğumun okul servisi için adres [ADRES] tel [TEL],False,True,False
291,beyaz_liste,kayit,"Sadece sigorta poliçe no için maskeleme yap, gerisi olduğu gibi kalsın.","acil güncellenecek bilgiler: sözleşme no 2027/0242-A, cüzdan adresi bc1qi1pxyaz9ylzqfq4cqqnitsmahg6i46, imza kaydı imza hash cd49a0ae, poliçe no 6566/096330, ip 167.5.32.188","acil güncellenecek bilgiler: sözleşme no 2027/0242-A, cüzdan adresi bc1qi1pxyaz9ylzqfq4cqqnitsmahg6i46, imza kaydı imza hash cd49a0ae, poliçe no [POLICE_NO], ip 167.5.32.188",[IMZA] [IP_ADRES] [KRIPTO_CUZDAN] [POLICE_NO] [SOZLESME_NO],[POLICE_NO],"acil güncellenecek bilgiler: sözleşme no 2027/0242-A, cüzdan adresi bc1qi1pxyaz9ylzqfq4cqqnitsmahg6i46, imza kaydı imza hash cd49a0ae, poliçe no [POLICE_NO], ip 167.5.32.188",True,True,False
292,beyaz_liste,"sozle,caps","Sadece [KART] için maskeleme yap, gerisi olduğu gibi kalsın.",İNTERNETTEN YAPTIĞIM ÖDEME GÖRÜNMÜYOR KART NO ÜÇ SEKİZ BİR DÖRT ALTI BİR ALTI SEKİZ ALTI DOKUZ DÖRT DOKUZ YEDİ BEŞ YEDİ DOKUZ SKT 07/2033,İNTERNETTEN YAPTIĞIM ÖDEME GÖRÜNMÜYOR KART NO [KART] SKT 07/2033,[KART] [KART_SKT],[KART],İNTERNETTEN YAPTIĞIM ÖDEME GÖRÜNMÜYOR KART NO [KART] SKT 07/2033,True,True,False
293,beyaz_liste,"kayit,caps",Bu metinde müşteri numarası dışında hiçbir şeyi maskeleme.,"YENİ MÜŞTERİ KAYDI: ENGEL DURUMU %60 GÖRME ENGELLİ, RUHSAT NO TW-547354, CÜZDAN ADRESİ BC1QY9TL193BHFH08CSOV6B9BB1ROYXF1Q, UYRUĞU T.C., MÜŞTERİ NO 77703295, ŞASİ NO JF26FGG19XXCX0PR4, IBAN TR71 9128 3970 6914 8951 7979 76","YENİ MÜŞTERİ KAYDI: ENGEL DURUMU %60 GÖRME ENGELLİ, RUHSAT NO TW-547354, CÜZDAN ADRESİ BC1QY9TL193BHFH08CSOV6B9BB1ROYXF1Q, UYRUĞU T.C., MÜŞTERİ NO [MUSTERI_NO], ŞASİ NO JF26FGG19XXCX0PR4, IBAN TR71 9128 3970 6914 8951 7979 76",[ENGEL_DURUMU] [IBAN] [KRIPTO_CUZDAN] [MUSTERI_NO] [RUHSAT_NO] [SASI_NO] [UYRUK],[MUSTERI_NO],"YENİ MÜŞTERİ KAYDI: ENGEL DURUMU [ENGEL_DURUMU], RUHSAT NO TW-547354, CÜZDAN ADRESİ BC1QY9TL193BHFH08CSOV6B9BB1ROYXF1Q, UYRUĞU T.C., MÜŞTERİ NO [MUSTERI_NO], ŞASİ NO [SASI_NO], IBAN TR71 9128 3970 6914 8951 7979 76",False,True,False
294,beyaz_liste,duz,Bu metinde IMEI numarası dışında hiçbir şeyi maskeleme.,"kayıp cihaz bildirimi imei 441998116572232 son konum 41.2485, 41.7704","kayıp cihaz bildirimi imei [IMEI] son konum 41.2485, 41.7704",[IMEI] [KONUM],[IMEI],"kayıp cihaz bildirimi imei [IMEI] son konum 41.2485, 41.7704",True,True,False
295,beyaz_liste,duz,Bu metinde kart son kullanma tarihi dışında hiçbir şeyi maskeleme.,internetten yaptığım ödeme görünmüyor kart no kırk sıfır sıfır altmış kırk dört doksan sekiz kırk üç otuz dört elli skt 04/28,internetten yaptığım ödeme görünmüyor kart no kırk sıfır sıfır altmış kırk dört doksan sekiz kırk üç otuz dört elli skt [KART_SKT],[KART] [KART_SKT],[KART_SKT],internetten yaptığım ödeme görünmüyor kart no kırk sıfır sıfır altmış kırk dört doksan sekiz kırk üç otuz dört elli skt 04/28,False,True,False
296,beyaz_liste,ekli,"Sadece [AD] için maskeleme yap, gerisi olduğu gibi kalsın.",omer_eroglu@hotmail.com'dan gelen talebi Sağıt Şimşek'e yönlendirin,omer_eroglu@hotmail.com'dan gelen talebi [AD]'e yönlendirin,[AD] [EMAIL],[AD],omer_eroglu@hotmail.com'dan gelen talebi [AD]'e yönlendirin,True,True,False
297,beyaz_liste,sozle,Kapsam yalnızca [TCKN]; diğer kişisel veriler bu sefer açık kalacak.,sözleşme feshi talep ediyorum sözleşme no 2023/9058-C tc sekiz beş dört altı dokuz sıfır üç dokuz beş sıfır sekiz üç dört bir beş dokuz,sözleşme feshi talep ediyorum sözleşme no 2023/9058-C tc [TCKN],[SOZLESME_NO] [TCKN],[TCKN],sözleşme feshi talep ediyorum sözleşme no 2023/9058-C tc [TCKN],True,True,False
298,beyaz_liste,uzun,Kapsam yalnızca biyometrik veri ve [IMZA]; diğer kişisel veriler bu sefer açık kalacak.,biyometrik girişte sorun var iris taraması eşleşmiyor. kartımın cvv si 810 pin i 589134 kimseyle paylaşmadım ama şüpheli işlem var. imza doğrulaması için e-imza sertifika seri no 1657068697 kayıtlarda mevcut. aile durumu eşi vefat etmiş olarak güncellendi onaylıyor musunuz. bordro itirazım var sicil 6024 maaşım 123 bin TL yatmış eksik,biyometrik girişte sorun var [BIYOMETRIK] eşleşmiyor. kartımın cvv si 810 pin i 589134 kimseyle paylaşmadım ama şüpheli işlem var. imza doğrulaması için [IMZA] kayıtlarda mevcut. aile durumu eşi vefat etmiş olarak güncellendi onaylıyor musunuz. bordro itirazım var sicil 6024 maaşım 123 bin TL yatmış eksik,[AILE] [BIYOMETRIK] [CVV] [IMZA] [MAAS] [PIN] [SICIL_NO],[BIYOMETRIK] [IMZA],biyometrik girişte sorun var [BIYOMETRIK] eşleşmiyor. kartımın cvv si 810 pin i 589134 kimseyle paylaşmadım ama şüpheli işlem var. [IMZA] kayıtlarda mevcut. aile durumu eşi vefat etmiş olarak güncellendi onaylıyor musunuz. bordro itirazım var sicil 6024 maaşım 123 bin TL yatmış eksik,False,True,False
299,beyaz_liste,kayit,Kapsam yalnızca cep telefonu ve adli sicil bilgisi; diğer kişisel veriler bu sefer açık kalacak.,"kredi başvuru formu: adli kaydı adli sicil kaydı temiz, maaşı 31 bin TL, telefonu 0532 990 07 23, işyeri Tekirdağ Devlet Hastanesi, kullanıcı adı ekaradeniz89, engel durumu %40 engelli raporu, ehliyet no A0566746","kredi başvuru formu: adli kaydı [CEZA_KAYDI], maaşı 31 bin TL, telefonu [TEL], işyeri Tekirdağ Devlet Hastanesi, kullanıcı adı ekaradeniz89, engel durumu %40 engelli raporu, ehliyet no A0566746",[CEZA_KAYDI] [EHLIYET_NO] [ENGEL_DURUMU] [ISYERI] [KULLANICI_ADI] [MAAS] [TEL],[CEZA_KAYDI] [TEL],"kredi başvuru formu: [CEZA_KAYDI], maaşı 31 bin TL, telefonu [TEL], işyeri Tekirdağ Devlet Hastanesi, kullanıcı adı ekaradeniz89, engel durumu %40 engelli raporu, ehliyet no A0566746",False,True,False
300,beyaz_liste,uzun,Maskeleme talimatı: sadece [KREDI_NOTU].,müşteri Suat Koç kredi notu 1498 çıktı limit artışı uygun mu. kredi başvurumun durumunu öğrenmek istiyorum adım Balatekin Aksu tc 905-100-648-14. annemin kızlık soyadı Erdoğan güvenlik sorusunda kabul edilmiyor. vpn erişimi açılsın ip 5.126.10.164 mac 90:8B:DB:32:85:CE. uygulamaya giremiyorum kullanıcı adım mugber_erog17 şifremi Yıldız.3194+ yapmıştım,müşteri Suat Koç kredi notu [KREDI_NOTU] çıktı limit artışı uygun mu. kredi başvurumun durumunu öğrenmek istiyorum adım Balatekin Aksu tc 905-100-648-14. annemin kızlık soyadı Erdoğan güvenlik sorusunda kabul edilmiyor. vpn erişimi açılsın ip 5.126.10.164 mac 90:8B:DB:32:85:CE. uygulamaya giremiyorum kullanıcı adım mugber_erog17 şifremi Yıldız.3194+ yapmıştım,[AD] [ANNE_KIZLIK] [IP_ADRES] [KREDI_NOTU] [KULLANICI_ADI] [MAC_ADRES] [SIFRE] [TCKN],[KREDI_NOTU],müşteri Suat Koç kredi notu [KREDI_NOTU] çıktı limit artışı uygun mu. kredi başvurumun durumunu öğrenmek istiyorum adım Balatekin Aksu tc 905-100-648-14. annemin kızlık soyadı Erdoğan güvenlik sorusunda kabul edilmiyor. vpn erişimi açılsın ip 5.126.10.164 mac 90:8B:DB:32:85:CE. uygulamaya giremiyorum kullanıcı adım mugber_erog17 şifremi Yıldız.3194+ yapmıştım,True,True,False
301,beyaz_liste,ekli,"Sadece [DOGUM_TARIHI] için maskeleme yap, gerisi olduğu gibi kalsın.",12.12.1966'da doğanlara özel kampanya Ahmet Zorlu'ya tanımlansın,[DOGUM_TARIHI]'da doğanlara özel kampanya Ahmet Zorlu'ya tanımlansın,[AD] [DOGUM_TARIHI],[DOGUM_TARIHI],[DOGUM_TARIHI]'da doğanlara özel kampanya Ahmet Zorlu'ya tanımlansın,True,True,False
302,beyaz_liste,duz,Yalnız motor numarası gizlenecek; başka hiçbir şey değişmeyecek.,araç satışı için şasi JFD6ZT247G8676JLZ motor O55N273294 sorgulanacak,araç satışı için şasi JFD6ZT247G8676JLZ motor [MOTOR_NO] sorgulanacak,[MOTOR_NO] [SASI_NO],[MOTOR_NO],araç satışı için şasi [SASI_NO] motor [MOTOR_NO] sorgulanacak,False,True,False
303,beyaz_liste,"kayit,caps,olmayan_etiket_talebi","[IBAN] ve biyometrik veri alanını etiketle, kalan her şeyi aynen bırak.","YENİ MÜŞTERİ KAYDI: BİYOMETRİK KAYDI SES İMZASI KAYDI, ADI MELİKE KARACA, TC Sİ 56463996008, PİN SIFIR DÖRT İKİ SIFIR, BABA ADI TÜMER","YENİ MÜŞTERİ KAYDI: BİYOMETRİK KAYDI [BIYOMETRIK], ADI MELİKE KARACA, TC Sİ 56463996008, PİN SIFIR DÖRT İKİ SIFIR, BABA ADI TÜMER",[AD] [BABA_ADI] [BIYOMETRIK] [PIN] [TCKN],[BIYOMETRIK],"YENİ MÜŞTERİ KAYDI: BİYOMETRİK KAYDI SES İMZASI KAYDI, ADI [AD], TC Sİ [TCKN], PİN SIFIR DÖRT İKİ SIFIR, BABA ADI [BABA_ADI]",False,True,False
304,beyaz_liste,kayit,Bu talepte tek hedef müşteri numarası ve maaş bilgisi; başka alan etiketlenmeyecek.,"yeni müşteri kaydı: maaşı aylık 55.000 TL, cvv 722, telefonu sıfır beş üç beş bir bir bir dört dört altı iki, imza kaydı imza hash 5f624dec, müşteri no MU8056762, sözleşme no 6328-64620, referansı REF-2025-2401, cihaz id 60TF-7SLC-F40O","yeni müşteri kaydı: maaşı [MAAS], cvv 722, telefonu sıfır beş üç beş bir bir bir dört dört altı iki, imza kaydı imza hash 5f624dec, müşteri no [MUSTERI_NO], sözleşme no 6328-64620, referansı REF-2025-2401, cihaz id 60TF-7SLC-F40O",[CIHAZ_ID] [CVV] [IMZA] [MAAS] [MUSTERI_NO] [REFERANS] [SOZLESME_NO] [TEL],[MAAS] [MUSTERI_NO],"yeni müşteri kaydı: maaşı aylık 55.000 TL, cvv [CVV], telefonu [TEL], imza kaydı imza hash 5f624dec, müşteri no [MUSTERI_NO], sözleşme no 6328-64620, referansı REF-2025-2401, cihaz id [CIHAZ_ID]",False,True,False
305,beyaz_liste,duz,"[ISYERI] alanını etiketle, kalan her şeyi aynen bırak.",çalışan Ebru Eroğlu Bereket Kimya AŞ bünyesinde 47 yaşında kadın,çalışan Ebru Eroğlu [ISYERI] bünyesinde 47 yaşında kadın,[AD] [CINSIYET] [ISYERI] [YAS],[ISYERI],çalışan [AD] Bereket Kimya AŞ bünyesinde [YAS] yaşında [CINSIYET],False,True,False
306,beyaz_liste,duz,Bu metinde kart numarası dışında hiçbir şeyi maskeleme.,yurtdışı harcama onayı pasaport U32792551 kart 4251 0570 4451 6538,yurtdışı harcama onayı pasaport U32792551 kart [KART],[KART] [PASAPORT_NO],[KART],yurtdışı harcama onayı pasaport U32792551 kart [KART],True,True,False
307,beyaz_liste,kayit,Yalnız yaş ve referans bilgisi gizlenecek; başka hiçbir şey değişmeyecek.,"çağrı merkezi notu: 87 yaşında, cvv 494, pasaport no U18468381, referansı REF-2026-0391, IBAN TR028489051290469377059966","çağrı merkezi notu: [YAS] yaşında, cvv 494, pasaport no U18468381, referansı [REFERANS], IBAN TR028489051290469377059966",[CVV] [IBAN] [PASAPORT_NO] [REFERANS] [YAS],[REFERANS] [YAS],"çağrı merkezi notu: 87 yaşında, cvv 494, pasaport no U18468381, referansı [REFERANS], IBAN TR028489051290469377059966",False,False,False
308,beyaz_liste,uzun,Yalnız [PLAKA] gizlenecek; başka hiçbir şey değişmeyecek.,kredi başvurumun durumunu öğrenmek istiyorum adım Rakide Zengin tc 236 999 682 60. şoför belgem yenilendi ehliyet no B3030582. cihaz eşleştirme kodu SOS3-MSCQ-7XSZ kabul edilmiyor. adli sicil belgemde kabahat kaydı mevcut ibaresi var işe engel mi. şirket aracının muayenesi yaklaştı plaka 79 DFD 2556 ruhsat no PV-367242. araç satışı için şasi 6EWHUVVM9VRNG1RD8 motor N77R847788 sorgulanacak,kredi başvurumun durumunu öğrenmek istiyorum adım Rakide Zengin tc 236 999 682 60. şoför belgem yenilendi ehliyet no B3030582. cihaz eşleştirme kodu SOS3-MSCQ-7XSZ kabul edilmiyor. adli sicil belgemde kabahat kaydı mevcut ibaresi var işe engel mi. şirket aracının muayenesi yaklaştı plaka [PLAKA] ruhsat no PV-367242. araç satışı için şasi 6EWHUVVM9VRNG1RD8 motor N77R847788 sorgulanacak,[AD] [CEZA_KAYDI] [CIHAZ_ID] [EHLIYET_NO] [MOTOR_NO] [PLAKA] [RUHSAT_NO] [SASI_NO] [TCKN],[PLAKA],kredi başvurumun durumunu öğrenmek istiyorum adım Rakide Zengin tc 236 999 682 60. şoför belgem yenilendi ehliyet no B3030582. cihaz eşleştirme kodu SOS3-MSCQ-7XSZ kabul edilmiyor. adli sicil belgemde kabahat kaydı mevcut ibaresi var işe engel mi. şirket aracının muayenesi yaklaştı plaka [PLAKA] ruhsat no PV-367242. araç satışı için şasi 6EWHUVVM9VRNG1RD8 motor N77R847788 sorgulanacak,True,True,False
309,beyaz_liste,duz,Kapsam yalnızca motor numarası; diğer kişisel veriler bu sefer açık kalacak.,araç satışı için şasi EYMG3VP1Z2E2JCYT0 motor K20B655104 sorgulanacak,araç satışı için şasi EYMG3VP1Z2E2JCYT0 motor [MOTOR_NO] sorgulanacak,[MOTOR_NO] [SASI_NO],[MOTOR_NO],araç satışı için şasi EYMG3VP1Z2E2JCYT0 motor [MOTOR_NO] sorgulanacak,True,True,False
310,beyaz_liste,uzun,Bu metinde [KART] dışında hiçbir şeyi maskeleme.,referans olarak REF-2024-1409 yazdım aranacak mı. etnik köken alanı Rum yazılmış bu alan zorunlu mu. yurtdışı harcama onayı pasaport U94006775 kart 4932629702522490. cihaz eşleştirme kodu O38W-33Y6-GMFT kabul edilmiyor,referans olarak REF-2024-1409 yazdım aranacak mı. etnik köken alanı Rum yazılmış bu alan zorunlu mu. yurtdışı harcama onayı pasaport U94006775 kart [KART]. cihaz eşleştirme kodu O38W-33Y6-GMFT kabul edilmiyor,[CIHAZ_ID] [ETNIK_KOKEN] [KART] [PASAPORT_NO] [REFERANS],[KART],referans olarak REF-2024-1409 yazdım aranacak mı. etnik köken alanı Rum yazılmış bu alan zorunlu mu. yurtdışı harcama onayı pasaport U94006775 kart [KART]. cihaz eşleştirme kodu O38W-33Y6-GMFT kabul edilmiyor,True,True,False
311,beyaz_liste,caps,Yalnız [TCKN] gizlenecek; başka hiçbir şey değişmeyecek.,KREDİ BAŞVURUMUN DURUMUNU ÖĞRENMEK İSTİYORUM ADIM MUSTAFA EROĞLU TC DOKSAN BEŞ YİRMİ SEKİZ ON SEKİZ DOKSAN YEDİ ELLİ DÖRT SEKİZ,KREDİ BAŞVURUMUN DURUMUNU ÖĞRENMEK İSTİYORUM ADIM MUSTAFA EROĞLU TC [TCKN],[AD] [TCKN],[TCKN],KREDİ BAŞVURUMUN DURUMUNU ÖĞRENMEK İSTİYORUM ADIM MUSTAFA EROĞLU TC [TCKN],True,True,False
312,beyaz_liste,olmayan_etiket_talebi,Bu talepte tek hedef ad soyad ve [KAN_GRUBU]; başka alan etiketlenmeyecek.,müşteri Eda Turan kredi notu 814 çıktı limit artışı uygun mu,müşteri [AD] kredi notu 814 çıktı limit artışı uygun mu,[AD] [KREDI_NOTU],[AD],müşteri Eda Turan kredi notu 814 çıktı limit artışı uygun mu,False,True,False
313,beyaz_liste,"uzun,olmayan_etiket_talebi",Bu metinde PIN kodu ve MAC adresi dışında hiçbir şeyi maskeleme.,kripto çekim adresim bc1q8gnbbd10026qcht1lw0v57eaw6md1s onay bekliyor. sağlık raporumda çölyak hastalığı yazıyor sigorta primi değişir mi. personelin engel durumu %40 engelli raporu olarak güncellendi. adli sicil belgemde icra takibi kaydı ibaresi var işe engel mi. yabancı müşteri kaydı uyruğu Alman pasaport A32091711. kartımın cvv si 699 pin i bir sekiz beş yedi kimseyle paylaşmadım ama şüpheli işlem var,kripto çekim adresim bc1q8gnbbd10026qcht1lw0v57eaw6md1s onay bekliyor. sağlık raporumda çölyak hastalığı yazıyor sigorta primi değişir mi. personelin engel durumu %40 engelli raporu olarak güncellendi. adli sicil belgemde icra takibi kaydı ibaresi var işe engel mi. yabancı müşteri kaydı uyruğu Alman pasaport A32091711. kartımın cvv si 699 pin i [PIN] kimseyle paylaşmadım ama şüpheli işlem var,[CEZA_KAYDI] [CVV] [ENGEL_DURUMU] [KRIPTO_CUZDAN] [PASAPORT_NO] [PIN] [SAGLIK] [UYRUK],[PIN],kripto çekim adresim bc1q8gnbbd10026qcht1lw0v57eaw6md1s onay bekliyor. sağlık raporumda çölyak hastalığı yazıyor sigorta primi değişir mi. personelin engel durumu %40 engelli raporu olarak güncellendi. adli sicil belgemde icra takibi kaydı ibaresi var işe engel mi. yabancı müşteri kaydı uyruğu Alman pasaport A32091711. kartımın cvv si 699 pin i bir sekiz beş yedi kimseyle paylaşmadım ama şüpheli işlem var,False,True,False
314,beyaz_liste,duz,"Sadece [KONUM] için maskeleme yap, gerisi olduğu gibi kalsın.","kayıp cihaz bildirimi imei 399211257201350 son konum 36.4567, 33.0882",kayıp cihaz bildirimi imei 399211257201350 son konum [KONUM],[IMEI] [KONUM],[KONUM],kayıp cihaz bildirimi imei 399211257201350 son konum [KONUM],True,True,False
315,beyaz_liste,"uzun,olmayan_etiket_talebi",Yalnız [CIHAZ_ID] ve [KULLANICI_ADI] ve [SIFRE] gizlenecek; başka hiçbir şey değişmeyecek.,yurtdışı harcama onayı pasaport A61204629 kart 5202360910837969. uygulamaya giremiyorum kullanıcı adım erenkar41 şifremi Aslan4046. yapmıştım. kredi başvurumun durumunu öğrenmek istiyorum adım Coşkun Akçay tc 874 308 784 54. kan grubum A Rh pozitif acil kartıma işlensin. müşteri Barış Akar kredi notu 1174 çıktı limit artışı uygun mu,yurtdışı harcama onayı pasaport A61204629 kart 5202360910837969. uygulamaya giremiyorum kullanıcı adım [KULLANICI_ADI] şifremi [SIFRE] yapmıştım. kredi başvurumun durumunu öğrenmek istiyorum adım Coşkun Akçay tc 874 308 784 54. kan grubum A Rh pozitif acil kartıma işlensin. müşteri Barış Akar kredi notu 1174 çıktı limit artışı uygun mu,[AD] [KAN_GRUBU] [KART] [KREDI_NOTU] [KULLANICI_ADI] [PASAPORT_NO] [SIFRE] [TCKN],[KULLANICI_ADI] [SIFRE],yurtdışı harcama onayı pasaport A61204629 kart 5202360910837969. uygulamaya giremiyorum kullanıcı adım [KULLANICI_ADI] şifremi [SIFRE]. yapmıştım. kredi başvurumun durumunu öğrenmek istiyorum adım Coşkun Akçay tc 874 308 784 54. kan grubum A Rh pozitif acil kartıma işlensin. müşteri Barış Akar kredi notu 1174 çıktı limit artışı uygun mu,False,True,False
316,beyaz_liste,"kayit,olmayan_etiket_talebi",Maskeleme talimatı: sadece [ISYERI] ve vergi kimlik numarası.,"çağrı merkezi notu: gsm 0312 551 80 46, cinsiyeti erkek, hesap no 6208 052718, imza kaydı dijital imza özeti 5791BB, vergi no 8075130780, ruhsat no MH-332986","çağrı merkezi notu: gsm 0312 551 80 46, cinsiyeti erkek, hesap no 6208 052718, imza kaydı dijital imza özeti 5791BB, vergi no [VERGI_NO], ruhsat no MH-332986",[CINSIYET] [HESAP_NO] [IMZA] [RUHSAT_NO] [TEL] [VERGI_NO],[VERGI_NO],"çağrı merkezi notu: gsm 0312 551 80 46, cinsiyeti erkek, hesap no 6208 052718, imza kaydı dijital imza özeti 5791BB, vergi no [VERGI_NO], ruhsat no MH-332986",True,True,False
317,beyaz_liste,ekli,"isim alanını etiketle, kalan her şeyi aynen bırak.",havale Zinnure Özkan'a gitsin dekont da birgul_celik@mynet.com'a düşsün,havale [AD]'a gitsin dekont da birgul_celik@mynet.com'a düşsün,[AD] [EMAIL],[AD],havale Zinnure Özkan'a gitsin dekont [EMAIL]'a düşsün,False,True,False
318,beyaz_liste,duz,"[CINSIYET] alanını etiketle, kalan her şeyi aynen bırak.",çalışan Dilek Ülker Bursa Büyükşehir Belediyesi bünyesinde 36 yaşında kadın,çalışan Dilek Ülker Bursa Büyükşehir Belediyesi bünyesinde 36 yaşında [CINSIYET],[AD] [CINSIYET] [ISYERI] [YAS],[CINSIYET],çalışan [AD] Bursa Büyükşehir Belediyesi bünyesinde 36 yaşında kadın,False,False,False
319,beyaz_liste,duz,"Sadece kart güvenlik kodu için maskeleme yap, gerisi olduğu gibi kalsın.",kartımın cvv si 706 pin i 843656 kimseyle paylaşmadım ama şüpheli işlem var,kartımın cvv si [CVV] pin i 843656 kimseyle paylaşmadım ama şüpheli işlem var,[CVV] [PIN],[CVV],kartımın cvv si [CVV] pin i 843656 kimseyle paylaşmadım ama şüpheli işlem var,True,True,False
320,beyaz_liste,uzun,Yalnız [RUHSAT_NO] ve inanç bilgisi gizlenecek; başka hiçbir şey değişmeyecek.,işe giriş evrakları için sgk no 4341 6711 1370 1 gerekiyormuş. annemin kızlık soyadı Aydın güvenlik sorusunda kabul edilmiyor. din hanesi Ateist olarak görünüyor değiştirmek istiyorum. imza doğrulaması için e-imza sertifika seri no 7178100140 kayıtlarda mevcut. şirket aracının muayenesi yaklaştı plaka 30 Z 5144 ruhsat no RC-574255,işe giriş evrakları için sgk no 4341 6711 1370 1 gerekiyormuş. annemin kızlık soyadı Aydın güvenlik sorusunda kabul edilmiyor. din hanesi [DIN] olarak görünüyor değiştirmek istiyorum. imza doğrulaması için e-imza sertifika seri no 7178100140 kayıtlarda mevcut. şirket aracının muayenesi yaklaştı plaka 30 Z 5144 ruhsat no [RUHSAT_NO],[ANNE_KIZLIK] [DIN] [IMZA] [PLAKA] [RUHSAT_NO] [SGK_NO],[DIN] [RUHSAT_NO],işe giriş evrakları için sgk no 4341 6711 1370 1 gerekiyormuş. annemin kızlık soyadı Aydın güvenlik sorusunda kabul edilmiyor. din hanesi [DIN] olarak görünüyor değiştirmek istiyorum. imza doğrulaması için e-imza sertifika seri no 7178100140 kayıtlarda mevcut. şirket aracının muayenesi yaklaştı plaka 30 Z 5144 ruhsat no [RUHSAT_NO],True,True,False
321,beyaz_liste,kayit,Yalnız [CIHAZ_ID] ve kredi notu gizlenecek; başka hiçbir şey değişmeyecek.,"yeni müşteri kaydı: imei 392592102133267, adresi Yeni Mah. Zambak Cad. No:161 D:5 Kat:10 Tepebaşı/Bursa, cihaz id PB5U-LKG1-1TEW, kredi notu 539, telefonu +90 538 161 52 65, kan grubu AB Rh negatif","yeni müşteri kaydı: imei 392592102133267, adresi Yeni Mah. Zambak Cad. No:161 D:5 Kat:10 Tepebaşı/Bursa, cihaz id [CIHAZ_ID], kredi notu [KREDI_NOTU], telefonu +90 538 161 52 65, kan grubu AB Rh negatif",[ADRES] [CIHAZ_ID] [IMEI] [KAN_GRUBU] [KREDI_NOTU] [TEL],[CIHAZ_ID] [KREDI_NOTU],"yeni müşteri kaydı: imei 392592102133267, adresi Yeni Mah. Zambak Cad. No:161 D:5 Kat:10 Tepebaşı/Bursa, cihaz id [CIHAZ_ID], kredi notu [KREDI_NOTU], telefonu +90 538 161 52 65, kan grubu AB Rh negatif",True,True,False
322,beyaz_liste,"uzun,olmayan_etiket_talebi",Kapsam yalnızca engel durumu ve [KREDI_NOTU] ve vergi no; diğer kişisel veriler bu sefer açık kalacak.,personelin engel durumu engel durumu yok olarak güncellendi. şirket aracının muayenesi yaklaştı plaka 34 YUL 4662 ruhsat no TL-428402. kan grubum AB Rh negatif acil kartıma işlensin. e-fatura mükellefiyeti için vergi no 1752733154 kayıtlı mı bakar mısınız,personelin engel durumu [ENGEL_DURUMU] olarak güncellendi. şirket aracının muayenesi yaklaştı plaka 34 YUL 4662 ruhsat no TL-428402. kan grubum AB Rh negatif acil kartıma işlensin. e-fatura mükellefiyeti için vergi no [VERGI_NO] kayıtlı mı bakar mısınız,[ENGEL_DURUMU] [KAN_GRUBU] [PLAKA] [RUHSAT_NO] [VERGI_NO],[ENGEL_DURUMU] [VERGI_NO],personelin engel durumu [ENGEL_DURUMU] olarak güncellendi. şirket aracının muayenesi yaklaştı plaka 34 YUL 4662 ruhsat no TL-428402. kan grubum AB Rh negatif acil kartıma işlensin. e-fatura mükellefiyeti için vergi no [VERGI_NO] kayıtlı mı bakar mısınız,True,True,False
323,beyaz_liste,kayit,"anne adı ve inanç bilgisi alanını etiketle, kalan her şeyi aynen bırak.","başvuru detayları: ip 33.110.75.243, din hanesi Agnostik, şifresi Toros7955#, anne adı Nazlı, cihaz id F6FE-4NPO-EN7R, sözleşme no 2023/4444-B","başvuru detayları: ip 33.110.75.243, din hanesi [DIN], şifresi Toros7955#, anne adı [ANNE_ADI], cihaz id F6FE-4NPO-EN7R, sözleşme no 2023/4444-B",[ANNE_ADI] [CIHAZ_ID] [DIN] [IP_ADRES] [SIFRE] [SOZLESME_NO],[ANNE_ADI] [DIN],"başvuru detayları: ip 33.110.75.243, din hanesi Agnostik, şifresi [SIFRE], anne adı Nazlı, cihaz id [CIHAZ_ID], sözleşme no [SOZLESME_NO]",False,True,False
324,beyaz_liste,"uzun,caps",Maskeleme talimatı: sadece [CINSIYET].,HESAP NO ALTI ALTI SIFIR SEKİZ ÜÇ ALTI BEŞ SEKİZ YEDİ BEŞ ÜZERİNE OTOMATİK ÖDEME TANIMLANSIN. İNTERNETTEN YAPTIĞIM ÖDEME GÖRÜNMÜYOR KART NO ELLİ DOKUZ YİRMİ SEKİZ ALTMIŞ DOKUZ ALTMIŞ SEKSEN DOKUZ SIFIR ALTI YETMİŞ İKİ SEKSEN SKT 05/2030. ÇALIŞAN MUARRA DURDU BURSA BÜYÜKŞEHİR BELEDİYESİ BÜNYESİNDE 80 YAŞINDA ERKEK. KARTIMIN CVV Sİ 482 PİN İ 1316 KİMSEYLE PAYLAŞMADIM AMA ŞÜPHELİ İŞLEM VAR. ŞOFÖR BELGEM YENİLENDİ EHLİYET NO C6328711. İŞE GİRİŞ EVRAKLARI İÇİN SGK NO 2426 5724 9158 8 GEREKİYORMUŞ,HESAP NO ALTI ALTI SIFIR SEKİZ ÜÇ ALTI BEŞ SEKİZ YEDİ BEŞ ÜZERİNE OTOMATİK ÖDEME TANIMLANSIN. İNTERNETTEN YAPTIĞIM ÖDEME GÖRÜNMÜYOR KART NO ELLİ DOKUZ YİRMİ SEKİZ ALTMIŞ DOKUZ ALTMIŞ SEKSEN DOKUZ SIFIR ALTI YETMİŞ İKİ SEKSEN SKT 05/2030. ÇALIŞAN MUARRA DURDU BURSA BÜYÜKŞEHİR BELEDİYESİ BÜNYESİNDE 80 YAŞINDA [CINSIYET]. KARTIMIN CVV Sİ 482 PİN İ 1316 KİMSEYLE PAYLAŞMADIM AMA ŞÜPHELİ İŞLEM VAR. ŞOFÖR BELGEM YENİLENDİ EHLİYET NO C6328711. İŞE GİRİŞ EVRAKLARI İÇİN SGK NO 2426 5724 9158 8 GEREKİYORMUŞ,[AD] [CINSIYET] [CVV] [EHLIYET_NO] [HESAP_NO] [ISYERI] [KART] [KART_SKT] [PIN] [SGK_NO] [YAS],[CINSIYET],HESAP NO ALTI ALTI SIFIR SEKİZ ÜÇ ALTI BEŞ SEKİZ YEDİ BEŞ ÜZERİNE OTOMATİK ÖDEME TANIMLANSIN. İNTERNETTEN YAPTIĞIM ÖDEME GÖRÜNMÜYOR KART NO ELLİ DOKUZ YİRMİ SEKİZ ALTMIŞ DOKUZ ALTMIŞ SEKSEN DOKUZ SIFIR ALTI YETMİŞ İKİ SEKSEN SKT 05/2030. ÇALIŞAN MUARRA DURDU BURSA BÜYÜKŞEHİR BELEDİYESİ BÜNYESİNDE 80 YAŞINDA ERKEK. KARTIMIN CVV Sİ 482 PİN İ 1316 KİMSEYLE PAYLAŞMADIM AMA ŞÜPHELİ İŞLEM VAR. ŞOFÖR BELGEM YENİLENDİ EHLİYET NO C6328711. İŞE GİRİŞ EVRAKLARI İÇİN SGK NO 2426 5724 9158 8 GEREKİYORMUŞ,False,False,False
325,beyaz_liste,kayit,"Sadece [PIN] ve MAC adresi için maskeleme yap, gerisi olduğu gibi kalsın.","sisteme girilecek kayıt: pasaport no A18664115, pin 267843, sağlık notu kalp yetmezliği takibi, mac D4:4D:76:A3:0F:C0, kredi notu 884, cvv 281","sisteme girilecek kayıt: pasaport no A18664115, pin [PIN], sağlık notu kalp yetmezliği takibi, mac [MAC_ADRES], kredi notu 884, cvv 281",[CVV] [KREDI_NOTU] [MAC_ADRES] [PASAPORT_NO] [PIN] [SAGLIK],[MAC_ADRES] [PIN],"sisteme girilecek kayıt: pasaport no A18664115, pin [PIN], sağlık notu kalp yetmezliği takibi, mac [MAC_ADRES], kredi notu 884, cvv 281",True,True,False
326,beyaz_liste,"kayit,olmayan_etiket_talebi",Kapsam yalnızca [IP_ADRES] ve PIN kodu; diğer kişisel veriler bu sefer açık kalacak.,"çağrı merkezi notu: doğum tarihi 16/11/2003, kan grubu 0 Rh negatif, pin 6547, IBAN TR32-0028-9929-4040-8507-2846-34, referansı REF-2026-3308","çağrı merkezi notu: doğum tarihi 16/11/2003, kan grubu 0 Rh negatif, pin [PIN], IBAN TR32-0028-9929-4040-8507-2846-34, referansı REF-2026-3308",[DOGUM_TARIHI] [IBAN] [KAN_GRUBU] [PIN] [REFERANS],[PIN],"çağrı merkezi notu: doğum tarihi 16/11/2003, kan grubu 0 Rh negatif, pin [PIN], IBAN TR32-0028-9929-4040-8507-2846-34, referansı REF-2026-3308",True,True,False
327,beyaz_liste,ekli,Kapsam yalnızca [EMAIL]; diğer kişisel veriler bu sefer açık kalacak.,birgul.arsoy@hotmail.com'dan gelen talebi Tuğba Güneş'e yönlendirin,[EMAIL]'dan gelen talebi Tuğba Güneş'e yönlendirin,[AD] [EMAIL],[EMAIL],[EMAIL]'dan gelen talebi Tuğba Güneş'e yönlendirin,True,True,False
328,beyaz_liste,kayit,Kapsam yalnızca müşteri numarası ve doğum tarihi; diğer kişisel veriler bu sefer açık kalacak.,"acil güncellenecek bilgiler: din hanesi Deist, ehliyet no F0411833, müşteri no MU5525244, doğum tarihi 25/10/1984, şasi no 2FA31WSP94R003YLM, şifresi Ruzgar_6490!, doğum yeri Trabzon","acil güncellenecek bilgiler: din hanesi Deist, ehliyet no F0411833, müşteri no [MUSTERI_NO], doğum tarihi [DOGUM_TARIHI], şasi no 2FA31WSP94R003YLM, şifresi Ruzgar_6490!, doğum yeri Trabzon",[DIN] [DOGUM_TARIHI] [DOGUM_YERI] [EHLIYET_NO] [MUSTERI_NO] [SASI_NO] [SIFRE],[DOGUM_TARIHI] [MUSTERI_NO],"acil güncellenecek bilgiler: din hanesi Deist, ehliyet no F0411833, müşteri no [MUSTERI_NO], doğum tarihi [DOGUM_TARIHI], şasi no 2FA31WSP94R003YLM, şifresi Ruzgar_6490!, doğum yeri [DOGUM_YERI]",False,True,False
329,beyaz_liste,kayit,Kapsam yalnızca [REFERANS] ve etnik köken bilgisi; diğer kişisel veriler bu sefer açık kalacak.,"yeni müşteri kaydı: müşteri no altmış yedi elli dokuz on beş yetmiş dokuz, doğum tarihi 07/12/1978, referansı RF46947529, din hanesi Deist, kan grubu B Rh pozitif, hesap no 3679 913561, anne adı Dilfeza, köken bilgisi Boşnak, maaşı 184 bin TL","yeni müşteri kaydı: müşteri no altmış yedi elli dokuz on beş yetmiş dokuz, doğum tarihi 07/12/1978, referansı [REFERANS], din hanesi Deist, kan grubu B Rh pozitif, hesap no 3679 913561, anne adı Dilfeza, köken bilgisi [ETNIK_KOKEN], maaşı 184 bin TL",[ANNE_ADI] [DIN] [DOGUM_TARIHI] [ETNIK_KOKEN] [HESAP_NO] [KAN_GRUBU] [MAAS] [MUSTERI_NO] [REFERANS],[ETNIK_KOKEN] [REFERANS],"yeni müşteri kaydı: müşteri no altmış yedi elli dokuz on beş yetmiş dokuz, doğum tarihi 07/12/1978, referansı [REFERANS], din hanesi Deist, kan grubu B Rh pozitif, hesap no 3679 913561, anne adı Dilfeza, köken bilgisi [ETNIK_KOKEN], maaşı 184 bin TL",True,True,False
330,beyaz_liste,kayit,"Sadece [CVV] için maskeleme yap, gerisi olduğu gibi kalsın.","yeni müşteri kaydı: maaşı 71 bin TL, sicil no 4781, referansı REF-2024-5747, cvv 502, vergi no 8075552751, mac 4A:A4:45:8B:3B:C7, pin 4603, ehliyet no K4826890","yeni müşteri kaydı: maaşı 71 bin TL, sicil no 4781, referansı REF-2024-5747, cvv [CVV], vergi no 8075552751, mac 4A:A4:45:8B:3B:C7, pin 4603, ehliyet no K4826890",[CVV] [EHLIYET_NO] [MAAS] [MAC_ADRES] [PIN] [REFERANS] [SICIL_NO] [VERGI_NO],[CVV],"yeni müşteri kaydı: maaşı 71 bin TL, sicil no 4781, referansı REF-2024-5747, cvv [CVV], vergi no 8075552751, mac 4A:A4:45:8B:3B:C7, pin 4603, ehliyet no K4826890",True,True,False
331,beyaz_liste,kayit,Bu metinde aile bilgisi ve cep telefonu dışında hiçbir şeyi maskeleme.,"acil güncellenecek bilgiler: sağlık notu hipertansiyon tedavisi, şifresi Marmara.4501+, imza kaydı imza hash c81eaac3, mail adresi ferihan.sahin@mynet.com, gsm 0212 963 59 60, aile durumu üç kardeşi var","acil güncellenecek bilgiler: sağlık notu hipertansiyon tedavisi, şifresi Marmara.4501+, imza kaydı imza hash c81eaac3, mail adresi ferihan.sahin@mynet.com, gsm [TEL], aile durumu [AILE]",[AILE] [EMAIL] [IMZA] [SAGLIK] [SIFRE] [TEL],[AILE] [TEL],"acil güncellenecek bilgiler: sağlık notu hipertansiyon tedavisi, şifresi Marmara.4501+, imza kaydı imza hash c81eaac3, mail adresi ferihan.sahin@mynet.com, gsm [TEL], aile durumu [AILE]",True,True,False
332,beyaz_liste,"kayit,olmayan_etiket_talebi",Kapsam yalnızca işyeri bilgisi ve [PASAPORT_NO]; diğer kişisel veriler bu sefer açık kalacak.,"sisteme girilecek kayıt: sendika bilgisi Koop-İş üyesi, tc si 879 406 679 06, ip 43.152.61.238, şasi no VCSWP85FCKFFD5WHF, doğum yeri Ankara, cinsiyeti erkek, cvv 306, pasaport no A11072498, kredi notu 1541","sisteme girilecek kayıt: sendika bilgisi Koop-İş üyesi, tc si 879 406 679 06, ip 43.152.61.238, şasi no VCSWP85FCKFFD5WHF, doğum yeri Ankara, cinsiyeti erkek, cvv 306, pasaport no [PASAPORT_NO], kredi notu 1541",[CINSIYET] [CVV] [DOGUM_YERI] [IP_ADRES] [KREDI_NOTU] [PASAPORT_NO] [SASI_NO] [SENDIKA] [TCKN],[PASAPORT_NO],"sisteme girilecek kayıt: sendika bilgisi Koop-İş üyesi, tc si 879 406 679 06, ip 43.152.61.238, şasi no VCSWP85FCKFFD5WHF, doğum yeri Ankara, cinsiyeti erkek, cvv 306, pasaport no [PASAPORT_NO], kredi notu 1541",True,True,False
333,beyaz_liste,"kayit,olmayan_etiket_talebi",Maskeleme talimatı: sadece [KRIPTO_CUZDAN] ve [BABA_ADI] ve [EHLIYET_NO].,"acil güncellenecek bilgiler: sağlık notu penisilin alerjisi, skt 03/2029, mail adresi onursu.bulut@hotmail.com, cüzdan adresi TR2e3EMcGO2VyeJykqOlad6HSE3NA2F7HK, referansı Samurtay Bilir, şasi no S3PBLZ5PKTF3AE474, ehliyet no D3764795","acil güncellenecek bilgiler: sağlık notu penisilin alerjisi, skt 03/2029, mail adresi onursu.bulut@hotmail.com, cüzdan adresi [KRIPTO_CUZDAN], referansı Samurtay Bilir, şasi no S3PBLZ5PKTF3AE474, ehliyet no [EHLIYET_NO]",[EHLIYET_NO] [EMAIL] [KART_SKT] [KRIPTO_CUZDAN] [REFERANS] [SAGLIK] [SASI_NO],[EHLIYET_NO] [KRIPTO_CUZDAN],"acil güncellenecek bilgiler: sağlık notu penisilin alerjisi, skt 03/2029, mail adresi onursu.bulut@hotmail.com, cüzdan adresi [KRIPTO_CUZDAN], referansı Samurtay Bilir, şasi no S3PBLZ5PKTF3AE474, ehliyet no [EHLIYET_NO]",True,True,False
334,beyaz_liste,"ekli,caps",Bu metinde [AD] dışında hiçbir şeyi maskeleme.,05.05.2002'DE DOĞANLARA ÖZEL KAMPANYA YEŞİL AKDENİZ'E TANIMLANSIN,05.05.2002'DE DOĞANLARA ÖZEL KAMPANYA [AD]'E TANIMLANSIN,[AD] [DOGUM_TARIHI],[AD],[DOGUM_TARIHI]'DE DOĞANLARA ÖZEL KAMPANYA YEŞİL AKDENİZ'E TANIMLANSIN,False,True,False
335,beyaz_liste,"uzun,olmayan_etiket_talebi",Kapsam yalnızca [SASI_NO] ve [CINSIYET]; diğer kişisel veriler bu sefer açık kalacak.,vpn erişimi açılsın ip 182.13.227.53 mac 6D:5B:74:B7:C0:97. referans olarak REF-2024-5231 yazdım aranacak mı. müşteri Baran Karaca kredi notu 1319 çıktı limit artışı uygun mu. çalışan Firdevis Aydın Ege Medya A.Ş. bünyesinde 34 yaşında erkek. işe giriş evrakları için sgk no 9495 8532 0194 6 gerekiyormuş,vpn erişimi açılsın ip 182.13.227.53 mac 6D:5B:74:B7:C0:97. referans olarak REF-2024-5231 yazdım aranacak mı. müşteri Baran Karaca kredi notu 1319 çıktı limit artışı uygun mu. çalışan Firdevis Aydın Ege Medya A.Ş. bünyesinde 34 yaşında [CINSIYET]. işe giriş evrakları için sgk no 9495 8532 0194 6 gerekiyormuş,[AD] [CINSIYET] [IP_ADRES] [ISYERI] [KREDI_NOTU] [MAC_ADRES] [REFERANS] [SGK_NO] [YAS],[CINSIYET],vpn erişimi açılsın ip 182.13.227.53 mac 6D:5B:74:B7:C0:97. referans olarak REF-2024-5231 yazdım aranacak mı. müşteri Baran Karaca kredi notu 1319 çıktı limit artışı uygun mu. çalışan Firdevis Aydın Ege Medya A.Ş. bünyesinde 34 yaşında [AILE]. işe giriş evrakları için sgk no 9495 8532 0194 6 gerekiyormuş,False,False,False
336,beyaz_liste,duz,Maskeleme talimatı: sadece TC kimlik no.,kredi başvurumun durumunu öğrenmek istiyorum adım Yasin Zengin tc dokuz sıfır dokuz sıfır altı sekiz dört dokuz beş dört dört,kredi başvurumun durumunu öğrenmek istiyorum adım Yasin Zengin tc [TCKN],[AD] [TCKN],[TCKN],kredi başvurumun durumunu öğrenmek istiyorum adım Yasin Zengin tc [TCKN],True,True,False
337,beyaz_liste,olmayan_etiket_talebi,"[IBAN] ve [MAAS] alanını etiketle, kalan her şeyi aynen bırak.",aidat iadesi için ıban paylaşıyorum TR60 0278 4291 3459 7624 8923 44 isim Dalan Aydın,aidat iadesi için ıban paylaşıyorum [IBAN] isim Dalan Aydın,[AD] [IBAN],[IBAN],aidat iadesi için ıban paylaşıyorum TR60 0278 4291 3459 7624 8923 44 isim [AD],False,True,False
338,beyaz_liste,kayit,Yalnız [IMEI] gizlenecek; başka hiçbir şey değişmeyecek.,"personel dosyası güncellemesi: ruhsat no AL-813051, imei 773515645199513, doğum yeri Eskişehir, tc si 9018 1417 810, şifresi Lale_1438+, şasi no TAU1EUDLMKBSHXE0G, konum 39.931, 30.7329","personel dosyası güncellemesi: ruhsat no AL-813051, imei [IMEI], doğum yeri Eskişehir, tc si 9018 1417 810, şifresi Lale_1438+, şasi no TAU1EUDLMKBSHXE0G, konum 39.931, 30.7329",[DOGUM_YERI] [IMEI] [KONUM] [RUHSAT_NO] [SASI_NO] [SIFRE] [TCKN],[IMEI],"personel dosyası güncellemesi: ruhsat no AL-813051, imei [IMEI], doğum yeri Eskişehir, tc si 9018 1417 810, şifresi Lale_1438+, şasi no TAU1EUDLMKBSHXE0G, konum 39.931, 30.7329",True,True,False
339,beyaz_liste,duz,Bu talepte tek hedef ad-soyad bilgisi; başka alan etiketlenmeyecek.,aidat iadesi için ıban paylaşıyorum TR180925275540754561056308 isim Andiç Koç,aidat iadesi için ıban paylaşıyorum TR180925275540754561056308 isim [AD],[AD] [IBAN],[AD],aidat iadesi için ıban paylaşıyorum [IBAN] isim Andiç Koç,False,True,False
340,beyaz_liste,olmayan_etiket_talebi,Kapsam yalnızca [SASI_NO] ve kart numarası; diğer kişisel veriler bu sefer açık kalacak.,araç satışı için şasi MEY7KWGLBFM43VEYM motor N74D730584 sorgulanacak,araç satışı için şasi [SASI_NO] motor N74D730584 sorgulanacak,[MOTOR_NO] [SASI_NO],[SASI_NO],araç satışı için şasi [SASI_NO] motor N74D730584 sorgulanacak,True,True,False
341,beyaz_liste,kayit,Maskeleme talimatı: sadece inanç bilgisi ve poliçe numarası.,"kredi başvuru formu: ehliyet no C2855869, vergi no iki dört beş altı beş yedi sıfır altı yedi sekiz, kullanıcı adı tseven61, poliçe no POL-0142282, din hanesi Sünni, 36 yaşında","kredi başvuru formu: ehliyet no C2855869, vergi no iki dört beş altı beş yedi sıfır altı yedi sekiz, kullanıcı adı tseven61, poliçe no [POLICE_NO], din hanesi [DIN], 36 yaşında",[DIN] [EHLIYET_NO] [KULLANICI_ADI] [POLICE_NO] [VERGI_NO] [YAS],[DIN] [POLICE_NO],"kredi başvuru formu: ehliyet no C2855869, vergi no iki dört beş altı beş yedi sıfır altı yedi sekiz, kullanıcı adı tseven61, poliçe no [POLICE_NO], din hanesi [DIN], 36 yaşında",True,True,False
342,beyaz_liste,kayit,Yalnız [POLICE_NO] ve referans bilgisi gizlenecek; başka hiçbir şey değişmeyecek.,"başvuru detayları: doğum yeri Balıkesir, sendika bilgisi Koop-İş üyesi, poliçe no P100346545, referansı RF64446224, kan grubu A Rh pozitif","başvuru detayları: doğum yeri Balıkesir, sendika bilgisi Koop-İş üyesi, poliçe no [POLICE_NO], referansı [REFERANS], kan grubu A Rh pozitif",[DOGUM_YERI] [KAN_GRUBU] [POLICE_NO] [REFERANS] [SENDIKA],[POLICE_NO] [REFERANS],"başvuru detayları: doğum yeri Balıkesir, sendika bilgisi Koop-İş üyesi, poliçe no [POLICE_NO], referansı [REFERANS], kan grubu A Rh pozitif",True,True,False
343,beyaz_liste,olmayan_etiket_talebi,"vergi no ve telefon numarası alanını etiketle, kalan her şeyi aynen bırak.",çocuğumun okul servisi için adres Bahçelievler Mah. Menekşe Sok. No:60 Muratpaşa/Manisa tel 0212 799 98 49,çocuğumun okul servisi için adres Bahçelievler Mah. Menekşe Sok. No:60 Muratpaşa/Manisa tel [TEL],[ADRES] [TEL],[TEL],çocuğumun okul servisi için adres [ADRES] tel 0212 799 98 49,False,True,False
344,beyaz_liste,duz,"Sadece MAC adresi için maskeleme yap, gerisi olduğu gibi kalsın.",vpn erişimi açılsın ip 253.119.41.105 mac EC:71:22:13:CA:DC,vpn erişimi açılsın ip 253.119.41.105 mac [MAC_ADRES],[IP_ADRES] [MAC_ADRES],[MAC_ADRES],vpn erişimi açılsın ip 253.119.41.105 mac [MAC_ADRES],True,True,False
345,beyaz_liste,duz,Maskeleme talimatı: sadece [PLAKA].,şirket aracının muayenesi yaklaştı plaka 12 TT 4991 ruhsat no MW-181657,şirket aracının muayenesi yaklaştı plaka [PLAKA] ruhsat no MW-181657,[PLAKA] [RUHSAT_NO],[PLAKA],şirket aracının muayenesi yaklaştı plaka [PLAKA] ruhsat no MW-181657,True,True,False
346,beyaz_liste,uzun,"Sadece [ETNIK_KOKEN] ve motor numarası için maskeleme yap, gerisi olduğu gibi kalsın.",internetten yaptığım ödeme görünmüyor kart no 5592-2608-1079-1922 skt 03/33. yurtdışı harcama onayı pasaport A72335490 kart 5914223140566771. araç satışı için şasi NCATS72SB1GNS20SX motor Z76N815036 sorgulanacak. etnik köken alanı Ermeni yazılmış bu alan zorunlu mu. babamın adı Cem annemin adı Belgizar form böyle istiyor,internetten yaptığım ödeme görünmüyor kart no 5592-2608-1079-1922 skt 03/33. yurtdışı harcama onayı pasaport A72335490 kart 5914223140566771. araç satışı için şasi NCATS72SB1GNS20SX motor [MOTOR_NO] sorgulanacak. etnik köken alanı [ETNIK_KOKEN] yazılmış bu alan zorunlu mu. babamın adı Cem annemin adı Belgizar form böyle istiyor,[ANNE_ADI] [BABA_ADI] [ETNIK_KOKEN] [KART] [KART_SKT] [MOTOR_NO] [PASAPORT_NO] [SASI_NO],[ETNIK_KOKEN] [MOTOR_NO],internetten yaptığım ödeme görünmüyor kart no 5592-2608-1079-1922 skt 03/33. yurtdışı harcama onayı pasaport A72335490 kart 5914223140566771. araç satışı için şasi NCATS72SB1GNS20SX motor [MOTOR_NO] sorgulanacak. etnik köken alanı [ETNIK_KOKEN] yazılmış bu alan zorunlu mu. babamın adı Cem annemin adı Belgizar form böyle istiyor,True,True,False
347,beyaz_liste,duz,"Sadece [SOZLESME_NO] için maskeleme yap, gerisi olduğu gibi kalsın.",sözleşme feshi talep ediyorum sözleşme no 2024/1865-A tc 86504163328,sözleşme feshi talep ediyorum sözleşme no [SOZLESME_NO] tc 86504163328,[SOZLESME_NO] [TCKN],[SOZLESME_NO],sözleşme feshi talep ediyorum sözleşme no [SOZLESME_NO] tc 86504163328,True,True,False
348,beyaz_liste,uzun,"[KART] alanını etiketle, kalan her şeyi aynen bırak.",doğum yerim Şahinbey nüfusta farklı yazılmış düzeltilsin. aile durumu tek çocuklu olarak güncellendi onaylıyor musunuz. din hanesi Musevi olarak görünüyor değiştirmek istiyorum. internetten yaptığım ödeme görünmüyor kart no 5656 5375 4140 1434 skt 04/2033. aidat iadesi için ıban paylaşıyorum TR140926951807778161422460 isim Osman İhsanoğlu. sözleşme feshi talep ediyorum sözleşme no 2025/9243-A tc 43097476426,doğum yerim Şahinbey nüfusta farklı yazılmış düzeltilsin. aile durumu tek çocuklu olarak güncellendi onaylıyor musunuz. din hanesi Musevi olarak görünüyor değiştirmek istiyorum. internetten yaptığım ödeme görünmüyor kart no [KART] skt 04/2033. aidat iadesi için ıban paylaşıyorum TR140926951807778161422460 isim Osman İhsanoğlu. sözleşme feshi talep ediyorum sözleşme no 2025/9243-A tc 43097476426,[AD] [AILE] [DIN] [DOGUM_YERI] [IBAN] [KART] [KART_SKT] [SOZLESME_NO] [TCKN],[KART],doğum yerim [DOGUM_YERI] nüfusta farklı yazılmış düzeltilsin. aile durumu [AILE] olarak güncellendi onaylıyor musunuz. din hanesi [DIN] olarak görünüyor değiştirmek istiyorum. internetten yaptığım ödeme görünmüyor kart no 5656 5375 4140 1434 skt [KART]. aidat iadesi için ıban paylaşıyorum [IBAN] isim [AD]. sözleşme feshi talep ediyorum sözleşme no [SOZLESME_NO] tc [TCKN],False,True,False
349,beyaz_liste,sozle,Kapsam yalnızca T.C. kimlik numarası; diğer kişisel veriler bu sefer açık kalacak.,kredi başvurumun durumunu öğrenmek istiyorum adım Ahmet Özdemir tc dört altı beş bir iki sekiz beş altı sıfır sekiz,kredi başvurumun durumunu öğrenmek istiyorum adım Ahmet Özdemir tc [TCKN],[AD] [TCKN],[TCKN],kredi başvurumun durumunu öğrenmek istiyorum adım Ahmet Özdemir tc [TCKN],True,True,False
350,beyaz_liste,kayit,Bu metinde adres bilgisi dışında hiçbir şeyi maskeleme.,"çağrı merkezi notu: anne kızlık soyadı Eroğlu, aile durumu yeni evli, cinsiyeti erkek, adresi Yıldız Mah. Ihlamur Sok. No:132 D:18 Muratpaşa/Gaziantep, engel durumu %60 görme engelli, ip 49.54.58.248","çağrı merkezi notu: anne kızlık soyadı Eroğlu, aile durumu yeni evli, cinsiyeti erkek, adresi [ADRES], engel durumu %60 görme engelli, ip 49.54.58.248",[ADRES] [AILE] [ANNE_KIZLIK] [CINSIYET] [ENGEL_DURUMU] [IP_ADRES],[ADRES],"çağrı merkezi notu: anne kızlık soyadı Eroğlu, aile durumu yeni evli, cinsiyeti erkek, adresi [ADRES], engel durumu %60 görme engelli, ip 49.54.58.248",True,True,False
351,beyaz_liste,kayit,"Sadece ruhsat numarası için maskeleme yap, gerisi olduğu gibi kalsın.","acil güncellenecek bilgiler: ruhsat no SK-199021, anne adı Ayhan, mac 95:0C:EF:A8:1D:94, maaşı 151.500 TL maaş, plaka 55 FRD 2194, poliçe no 6401/316549, sağlık notu astım tanısı, sendika bilgisi Koop-İş üyesi, pasaport no U61652749","acil güncellenecek bilgiler: ruhsat no [RUHSAT_NO], anne adı Ayhan, mac 95:0C:EF:A8:1D:94, maaşı 151.500 TL maaş, plaka 55 FRD 2194, poliçe no 6401/316549, sağlık notu astım tanısı, sendika bilgisi Koop-İş üyesi, pasaport no U61652749",[ANNE_ADI] [MAAS] [MAC_ADRES] [PASAPORT_NO] [PLAKA] [POLICE_NO] [RUHSAT_NO] [SAGLIK] [SENDIKA],[RUHSAT_NO],"acil güncellenecek bilgiler: ruhsat no [RUHSAT_NO], anne adı Ayhan, mac 95:0C:EF:A8:1D:94, maaşı 151.500 TL maaş, plaka 55 FRD 2194, poliçe no 6401/316549, sağlık notu astım tanısı, sendika bilgisi Koop-İş üyesi, pasaport no U61652749",True,True,False
352,beyaz_liste,duz,Bu metinde baba adı dışında hiçbir şeyi maskeleme.,babamın adı İsak annemin adı Melek form böyle istiyor,babamın adı [BABA_ADI] annemin adı Melek form böyle istiyor,[ANNE_ADI] [BABA_ADI],[BABA_ADI],babamın adı [BABA_ADI] annemin adı Melek form böyle istiyor,True,True,False
353,beyaz_liste,"kayit,olmayan_etiket_talebi",Bu metinde [SIFRE] ve [CEZA_KAYDI] dışında hiçbir şeyi maskeleme.,"başvuru detayları: müşteri no MU8039255, ehliyet no C8363097, baba adı Mustafa, işyeri Konya Üniversitesi, adli kaydı icra takibi kaydı, pin sekiz dokuz dört altı, vergi no altı bir sıfır yedi yedi beş dört sıfır beş dört, kredi notu 1560, doğum tarihi 23 Ağustos 1953","başvuru detayları: müşteri no MU8039255, ehliyet no C8363097, baba adı Mustafa, işyeri Konya Üniversitesi, adli kaydı [CEZA_KAYDI], pin sekiz dokuz dört altı, vergi no altı bir sıfır yedi yedi beş dört sıfır beş dört, kredi notu 1560, doğum tarihi 23 Ağustos 1953",[BABA_ADI] [CEZA_KAYDI] [DOGUM_TARIHI] [EHLIYET_NO] [ISYERI] [KREDI_NOTU] [MUSTERI_NO] [PIN] [VERGI_NO],[CEZA_KAYDI],"başvuru detayları: müşteri no MU8039255, ehliyet no C8363097, baba adı Mustafa, işyeri Konya Üniversitesi, adli kaydı [CEZA_KAYDI], pin sekiz dokuz dört altı, vergi no altı bir sıfır yedi yedi beş dört sıfır beş dört, kredi notu 1560, doğum tarihi 23 Ağustos 1953",True,True,False
354,beyaz_liste,ekli,Bu talepte tek hedef e-posta adresi; başka alan etiketlenmeyecek.,havale Yasin Çelik'e gitsin dekont da mahter.ertas@outlook.com'a düşsün,havale Yasin Çelik'e gitsin dekont da [EMAIL]'a düşsün,[AD] [EMAIL],[EMAIL],havale [AD]'e gitsin dekont da mahter.ertas@outlook.com'a düşsün,False,True,False
355,beyaz_liste,kayit,"Sadece referans bilgisi için maskeleme yap, gerisi olduğu gibi kalsın.","bayi ekranından gelen kayıt: referansı Tülin Erdoğan, konum 39.4375, 30.3172, 34 yaşında, anne adı Züheyla, köken bilgisi Gürcü","bayi ekranından gelen kayıt: referansı [REFERANS], konum 39.4375, 30.3172, 34 yaşında, anne adı Züheyla, köken bilgisi Gürcü",[ANNE_ADI] [ETNIK_KOKEN] [KONUM] [REFERANS] [YAS],[REFERANS],"bayi ekranından gelen kayıt: referansı [REFERANS], konum 39.4375, 30.3172, 34 yaşında, anne adı Züheyla, köken bilgisi Gürcü",True,True,False
356,beyaz_liste,duz,"cinsiyet ve işyeri bilgisi alanını etiketle, kalan her şeyi aynen bırak.",çalışan Burak Polat Erzurum Devlet Hastanesi bünyesinde 55 yaşında kadın,çalışan Burak Polat [ISYERI] bünyesinde 55 yaşında [CINSIYET],[AD] [CINSIYET] [ISYERI] [YAS],[CINSIYET] [ISYERI],çalışan [AD] Erzurum Devlet Hastanesi bünyesinde 55 yaşında kadın,False,False,False
357,beyaz_liste,duz,"[EMAIL] alanını etiketle, kalan her şeyi aynen bırak.",hesap hareketlerimi murat.koc@mynet.com adresine gönderin müşteri no 48678908,hesap hareketlerimi [EMAIL] adresine gönderin müşteri no 48678908,[EMAIL] [MUSTERI_NO],[EMAIL],hesap hareketlerimi murat.koc@mynet.com adresine gönderin müşteri no [MUSTERI_NO],False,True,False
358,beyaz_liste,sozle,Maskeleme talimatı: sadece kimlik numarası.,sözleşme feshi talep ediyorum sözleşme no 4973-65977 tc yedi beş altı sıfır dört yedi iki dört bir sıfır üç,sözleşme feshi talep ediyorum sözleşme no 4973-65977 tc [TCKN],[SOZLESME_NO] [TCKN],[TCKN],sözleşme feshi talep ediyorum sözleşme no 4973-65977 tc [TCKN],True,True,False
359,beyaz_liste,kayit,Kapsam yalnızca [SASI_NO] ve IBAN; diğer kişisel veriler bu sefer açık kalacak.,"yeni müşteri kaydı: ıban TR81 8546 3043 7248 9030 5556 39, şasi no 1R34ADTU7RN955PT3, cinsiyeti kadın, anne adı Esra, sgk no 5723735514960","yeni müşteri kaydı: ıban [IBAN], şasi no [SASI_NO], cinsiyeti kadın, anne adı Esra, sgk no 5723735514960",[ANNE_ADI] [CINSIYET] [IBAN] [SASI_NO] [SGK_NO],[IBAN] [SASI_NO],"yeni müşteri kaydı: ıban [IBAN], şasi no [SASI_NO], cinsiyeti kadın, anne adı Esra, sgk no 5723735514960",True,True,False
360,beyaz_liste,kayit,Maskeleme talimatı: sadece e-imza bilgisi ve ruhsat numarası.,"sisteme girilecek kayıt: mac 4A:2F:2B:6C:9F:FF, anne kızlık soyadı Arslan, ruhsat no ZK-937099, imza kaydı dijital imza özeti 1A0127, doğum yeri Tepebaşı","sisteme girilecek kayıt: mac 4A:2F:2B:6C:9F:FF, anne kızlık soyadı Arslan, ruhsat no [RUHSAT_NO], imza kaydı [IMZA], doğum yeri Tepebaşı",[ANNE_KIZLIK] [DOGUM_YERI] [IMZA] [MAC_ADRES] [RUHSAT_NO],[IMZA] [RUHSAT_NO],"sisteme girilecek kayıt: mac 4A:2F:2B:6C:9F:FF, anne kızlık soyadı Arslan, ruhsat no [RUHSAT_NO], imza kaydı [IMZA], doğum yeri Tepebaşı",True,True,False
361,beyaz_liste,caps,Yalnız [MAAS] gizlenecek; başka hiçbir şey değişmeyecek.,BORDRO İTİRAZIM VAR SİCİL SC7637 MAAŞIM 163 BİN TL YATMIŞ EKSİK,BORDRO İTİRAZIM VAR SİCİL SC7637 MAAŞIM [MAAS] YATMIŞ EKSİK,[MAAS] [SICIL_NO],[MAAS],BORDRO İTİRAZIM VAR SİCİL SC7637 MAAŞIM [MAAS] YATMIŞ EKSİK,True,True,False
362,beyaz_liste,kayit,Yalnız [MOTOR_NO] gizlenecek; başka hiçbir şey değişmeyecek.,"çağrı merkezi notu: cihaz id J4QC-CADI-EQMD, müşteri no on iki otuz beş otuz yedi otuz üç, sağlık notu penisilin alerjisi, uyruğu Türk, sgk no 6032 9225 9090 7, motor no N78B041777, doğum yeri Kepez","çağrı merkezi notu: cihaz id J4QC-CADI-EQMD, müşteri no on iki otuz beş otuz yedi otuz üç, sağlık notu penisilin alerjisi, uyruğu Türk, sgk no 6032 9225 9090 7, motor no [MOTOR_NO], doğum yeri Kepez",[CIHAZ_ID] [DOGUM_YERI] [MOTOR_NO] [MUSTERI_NO] [SAGLIK] [SGK_NO] [UYRUK],[MOTOR_NO],"çağrı merkezi notu: cihaz id J4QC-CADI-EQMD, müşteri no on iki otuz beş otuz yedi otuz üç, sağlık notu penisilin alerjisi, uyruğu Türk, sgk no 6032 9225 9090 7, motor no [MOTOR_NO], doğum yeri Kepez",True,True,False
363,beyaz_liste,kayit,Kapsam yalnızca kredi kartı numarası ve ev/iş adresi; diğer kişisel veriler bu sefer açık kalacak.,"başvuru detayları: şifresi Lale_2939*, anne kızlık soyadı Güler, aile durumu yeni evli, baba adı Özüdoğru, kart no 5805299673855956, adresi Esentepe Mah. Akasya Sokak No:164 Melikgazi/Kahramanmaraş","başvuru detayları: şifresi Lale_2939*, anne kızlık soyadı Güler, aile durumu yeni evli, baba adı Özüdoğru, kart no [KART], adresi [ADRES]",[ADRES] [AILE] [ANNE_KIZLIK] [BABA_ADI] [KART] [SIFRE],[ADRES] [KART],"başvuru detayları: şifresi Lale_2939*, anne kızlık soyadı Güler, aile durumu yeni evli, baba adı Özüdoğru, kart no [KART], adresi [ADRES]",True,True,False
364,beyaz_liste,"uzun,olmayan_etiket_talebi",Maskeleme talimatı: sadece kart numarası ve [ADRES].,kredi başvurumun durumunu öğrenmek istiyorum adım Can Çelik tc 79205651522. yurtdışı harcama onayı pasaport U89008922 kart 4154 6964 6956 8423. işe giriş evrakları için sgk no 3068 7380 0519 8 gerekiyormuş. şoför belgem yenilendi ehliyet no B4043725,kredi başvurumun durumunu öğrenmek istiyorum adım Can Çelik tc 79205651522. yurtdışı harcama onayı pasaport U89008922 kart [KART]. işe giriş evrakları için sgk no 3068 7380 0519 8 gerekiyormuş. şoför belgem yenilendi ehliyet no B4043725,[AD] [EHLIYET_NO] [KART] [PASAPORT_NO] [SGK_NO] [TCKN],[KART],kredi başvurumun durumunu öğrenmek istiyorum adım Can Çelik tc 79205651522. yurtdışı harcama onayı pasaport U89008922 kart [KART]. işe giriş evrakları için sgk no 3068 7380 0519 8 gerekiyormuş. şoför belgem yenilendi ehliyet no B4043725,True,True,False
365,beyaz_liste,"uzun,caps",Maskeleme talimatı: sadece cep telefonu ve müşteri numarası.,VPN ERİŞİMİ AÇILSIN İP 117.235.37.224 MAC 9F:F4:00:6F:36:A4. YENİ TELEFON NUMARAM 0262 271 43 15 SİSTEME İŞLENMEMİŞ HÂLÂ ESKİSİ GÖRÜNÜYOR. E-FATURA MÜKELLEFİYETİ İÇİN VERGİ NO YEDİ YEDİ İKİ BEŞ İKİ YEDİ ÜÇ YEDİ ALTI SEKİZ KAYITLI MI BAKAR MISINIZ. HESAP HAREKETLERİMİ TOLGAMANCO66@MYNET.COM ADRESİNE GÖNDERİN MÜŞTERİ NO SIFIR SEKİZ SIFIR DOKUZ YİRMİ YEDİ SIFIR DOKUZ. BİYOMETRİK GİRİŞTE SORUN VAR SES İMZASI KAYDI EŞLEŞMİYOR. SAĞLIK RAPORUMDA İNSÜLİN BAĞIMLI DİYABET YAZIYOR SİGORTA PRİMİ DEĞİŞİR Mİ,VPN ERİŞİMİ AÇILSIN İP 117.235.37.224 MAC 9F:F4:00:6F:36:A4. YENİ TELEFON NUMARAM [TEL] SİSTEME İŞLENMEMİŞ HÂLÂ ESKİSİ GÖRÜNÜYOR. E-FATURA MÜKELLEFİYETİ İÇİN VERGİ NO YEDİ YEDİ İKİ BEŞ İKİ YEDİ ÜÇ YEDİ ALTI SEKİZ KAYITLI MI BAKAR MISINIZ. HESAP HAREKETLERİMİ TOLGAMANCO66@MYNET.COM ADRESİNE GÖNDERİN MÜŞTERİ NO [MUSTERI_NO]. BİYOMETRİK GİRİŞTE SORUN VAR SES İMZASI KAYDI EŞLEŞMİYOR. SAĞLIK RAPORUMDA İNSÜLİN BAĞIMLI DİYABET YAZIYOR SİGORTA PRİMİ DEĞİŞİR Mİ,[BIYOMETRIK] [EMAIL] [IP_ADRES] [MAC_ADRES] [MUSTERI_NO] [SAGLIK] [TEL] [VERGI_NO],[MUSTERI_NO] [TEL],VPN ERİŞİMİ AÇILSIN İP 117.235.37.224 MAC 9F:F4:00:6F:36:A4. YENİ TELEFON NUMARAM [TEL] SİSTEME İŞLENMEMİŞ HÂLÂ ESKİSİ GÖRÜNÜYOR. E-FATURA MÜKELLEFİYETİ İÇİN VERGİ NO YEDİ YEDİ İKİ BEŞ İKİ YEDİ ÜÇ YEDİ ALTI SEKİZ KAYITLI MI BAKAR MISINIZ. HESAP HAREKETLERİMİ TOLGAMANCO66@MYNET.COM ADRESİNE GÖNDERİN MÜŞTERİ NO [MUSTERI_NO]. BİYOMETRİK GİRİŞTE SORUN VAR [BIYOMETRIK] EŞLEŞMİYOR. SAĞLIK RAPORUMDA İNSÜLİN BAĞIMLI DİYABET YAZIYOR SİGORTA PRİMİ DEĞİŞİR Mİ,False,True,False
366,beyaz_liste,kayit,"Sadece [UYRUK] için maskeleme yap, gerisi olduğu gibi kalsın.","sisteme girilecek kayıt: köken bilgisi Arap, doğum tarihi 09/03/2001, ilgili kişi Topuz Polat, ip 244.253.116.98, uyruğu Alman, pasaport no A27161365","sisteme girilecek kayıt: köken bilgisi Arap, doğum tarihi 09/03/2001, ilgili kişi Topuz Polat, ip 244.253.116.98, uyruğu [UYRUK], pasaport no A27161365",[AD] [DOGUM_TARIHI] [ETNIK_KOKEN] [IP_ADRES] [PASAPORT_NO] [UYRUK],[UYRUK],"sisteme girilecek kayıt: köken bilgisi Arap, doğum tarihi 09/03/2001, ilgili kişi Topuz Polat, ip 244.253.116.98, uyruğu [UYRUK], pasaport no A27161365",True,False,False
367,beyaz_liste,sozle,Bu metinde [KART] dışında hiçbir şeyi maskeleme.,yurtdışı harcama onayı pasaport U63216413 kart dokuz iki iki üç dört beş sekiz altı iki altı dokuz,yurtdışı harcama onayı pasaport U63216413 kart [KART],[KART] [PASAPORT_NO],[KART],yurtdışı harcama onayı pasaport U63216413 kart dokuz iki iki üç dört beş sekiz altı iki altı dokuz,False,True,False
368,beyaz_liste,duz,"kart numarası alanını etiketle, kalan her şeyi aynen bırak.",internetten yaptığım ödeme görünmüyor kart no 4957 7540 4178 4962 skt 10/28,internetten yaptığım ödeme görünmüyor kart no [KART] skt 10/28,[KART] [KART_SKT],[KART],internetten yaptığım ödeme görünmüyor kart no 4957 7540 4178 4962 skt 10/28,False,True,False
369,beyaz_liste,sozle,"[IBAN] alanını etiketle, kalan her şeyi aynen bırak.",aidat iadesi için ıban paylaşıyorum yedi dokuz dokuz beş sıfır üç beş üç dört sekiz dört isim Feden Dumanlı,aidat iadesi için ıban paylaşıyorum [IBAN] isim Feden Dumanlı,[AD] [IBAN],[IBAN],aidat iadesi için ıban paylaşıyorum yedi dokuz dokuz beş sıfır üç beş üç dört sekiz dört isim [AD],False,True,False
370,beyaz_liste,duz,"Sadece müşteri numarası için maskeleme yap, gerisi olduğu gibi kalsın.",hesap hareketlerimi umut_zorlu@outlook.com adresine gönderin müşteri no MU8342560,hesap hareketlerimi umut_zorlu@outlook.com adresine gönderin müşteri no [MUSTERI_NO],[EMAIL] [MUSTERI_NO],[MUSTERI_NO],hesap hareketlerimi umut_zorlu@outlook.com adresine gönderin müşteri no [MUSTERI_NO],True,True,False
371,beyaz_liste,sozle,Kapsam yalnızca sözleşme numarası; diğer kişisel veriler bu sefer açık kalacak.,sözleşme feshi talep ediyorum sözleşme no 2023/2404-B tc sıfır bir sıfır dokuz dört üç yedi dokuz dokuz bir,sözleşme feshi talep ediyorum sözleşme no [SOZLESME_NO] tc sıfır bir sıfır dokuz dört üç yedi dokuz dokuz bir,[SOZLESME_NO] [TCKN],[SOZLESME_NO],sözleşme feshi talep ediyorum sözleşme no [SOZLESME_NO] tc sıfır bir sıfır dokuz dört üç yedi dokuz dokuz bir,True,True,False
372,beyaz_liste,kayit,Yalnız MAC adresi gizlenecek; başka hiçbir şey değişmeyecek.,"çağrı merkezi notu: pasaport no U97660697, cvv 966, motor no O89R581060, din hanesi Musevi, cihaz id W63J-ZMO2-S4QT, maaşı 93.500 TL maaş, mac BA:0B:C1:23:3E:4F, aile durumu eşi vefat etmiş","çağrı merkezi notu: pasaport no U97660697, cvv 966, motor no O89R581060, din hanesi Musevi, cihaz id W63J-ZMO2-S4QT, maaşı 93.500 TL maaş, mac [MAC_ADRES], aile durumu eşi vefat etmiş",[AILE] [CIHAZ_ID] [CVV] [DIN] [MAAS] [MAC_ADRES] [MOTOR_NO] [PASAPORT_NO],[MAC_ADRES],"çağrı merkezi notu: pasaport no U97660697, cvv 966, motor no O89R581060, din hanesi Musevi, cihaz id W63J-ZMO2-S4QT, maaşı 93.500 TL maaş, mac [MAC_ADRES], aile durumu eşi vefat etmiş",True,True,False
373,beyaz_liste,"kayit,caps","imza verisi alanını etiketle, kalan her şeyi aynen bırak.","SİSTEME GİRİLECEK KAYIT: İMZA KAYDI E-İMZA SERTİFİKA SERİ NO 4884587800, UYRUĞU BULGARİSTAN, KONUM 40.9798, 36.4428, KÖKEN BİLGİSİ ERMENİ, BABA ADI DENİZ, ADLİ KAYDI KABAHAT KAYDI MEVCUT","SİSTEME GİRİLECEK KAYIT: İMZA KAYDI [IMZA], UYRUĞU BULGARİSTAN, KONUM 40.9798, 36.4428, KÖKEN BİLGİSİ ERMENİ, BABA ADI DENİZ, ADLİ KAYDI KABAHAT KAYDI MEVCUT",[BABA_ADI] [CEZA_KAYDI] [ETNIK_KOKEN] [IMZA] [KONUM] [UYRUK],[IMZA],"SİSTEME GİRİLECEK KAYIT: İMZA KAYDI E-İMZA SERTİFİKA SERİ NO 4884587800, UYRUĞU BULGARİSTAN, KONUM [KONUM], KÖKEN BİLGİSİ [ETNIK_KOKEN], BABA ADI [BABA_ADI], ADLİ KAYDI KABAHAT KAYDI MEVCUT",False,True,False
374,beyaz_liste,uzun,"Sadece [KART] için maskeleme yap, gerisi olduğu gibi kalsın.",internetten yaptığım ödeme görünmüyor kart no kırk iki yetmiş sekiz doksan üç sıfır sıfır on dört kırk dokuz yirmi beş seksen altı skt 12/30. aidat iadesi için ıban paylaşıyorum TR358194934304548650000545 isim Gül Korkmaz. uygulamaya giremiyorum kullanıcı adım rezzakakgunduz91 şifremi Cagla-9898! yapmıştım. vpn erişimi açılsın ip 59.28.139.189 mac 00:B1:8B:A6:84:8E. poliçemi yenilemek istiyorum poliçe no P171003601 doğum tarihim 1 Nisan 1994. babamın adı Beyda annemin adı Pınar form böyle istiyor,internetten yaptığım ödeme görünmüyor kart no [KART] skt 12/30. aidat iadesi için ıban paylaşıyorum TR358194934304548650000545 isim Gül Korkmaz. uygulamaya giremiyorum kullanıcı adım rezzakakgunduz91 şifremi Cagla-9898! yapmıştım. vpn erişimi açılsın ip 59.28.139.189 mac 00:B1:8B:A6:84:8E. poliçemi yenilemek istiyorum poliçe no P171003601 doğum tarihim 1 Nisan 1994. babamın adı Beyda annemin adı Pınar form böyle istiyor,[AD] [ANNE_ADI] [BABA_ADI] [DOGUM_TARIHI] [IBAN] [IP_ADRES] [KART] [KART_SKT] [KULLANICI_ADI] [MAC_ADRES] [POLICE_NO] [SIFRE],[KART],internetten yaptığım ödeme görünmüyor kart no [KART]. aidat iadesi için ıban paylaşıyorum TR358194934304548650000545 isim Gül Korkmaz. uygulamaya giremiyorum kullanıcı adım rezzakakgunduz91 şifremi Cagla-9898! yapmıştım. vpn erişimi açılsın ip 59.28.139.189 mac [MAC_ADRES]. poliçemi yenilemek istiyorum poliçe no P171003601 doğum tarihim 1 Nisan 1994. babamın adı Beyda annemin adı Pınar form böyle istiyor,False,True,False
375,beyaz_liste,olmayan_etiket_talebi,Maskeleme talimatı: sadece MAC adresi ve [VERGI_NO].,vpn erişimi açılsın ip 11.228.199.199 mac 1A:68:A9:D6:2D:A5,vpn erişimi açılsın ip 11.228.199.199 mac [MAC_ADRES],[IP_ADRES] [MAC_ADRES],[MAC_ADRES],vpn erişimi açılsın ip 11.228.199.199 mac [MAC_ADRES],True,True,False
376,beyaz_liste,duz,Yalnız [KART_SKT] gizlenecek; başka hiçbir şey değişmeyecek.,internetten yaptığım ödeme görünmüyor kart no 4627 4636 4420 7110 skt 08/2033,internetten yaptığım ödeme görünmüyor kart no 4627 4636 4420 7110 skt [KART_SKT],[KART] [KART_SKT],[KART_SKT],internetten yaptığım ödeme görünmüyor kart no [KART] skt 08/2033,False,True,False
377,beyaz_liste,"uzun,caps",Kapsam yalnızca [KART]; diğer kişisel veriler bu sefer açık kalacak.,ŞOFÖR BELGEM YENİLENDİ EHLİYET NO E0220574. İNTERNETTEN YAPTIĞIM ÖDEME GÖRÜNMÜYOR KART NO 5564001915357791 SKT 01/33. AİLE DURUMU YENİ EVLİ OLARAK GÜNCELLENDİ ONAYLIYOR MUSUNUZ. ETNİK KÖKEN ALANI RUM YAZILMIŞ BU ALAN ZORUNLU MU. UYGULAMAYA GİREMİYORUM KULLANICI ADIM UGUR_OZDE58 ŞİFREMİ KAR8581# YAPMIŞTIM. E-FATURA MÜKELLEFİYETİ İÇİN VERGİ NO SEKİZ SIFIR ALTI ÜÇ YEDİ SIFIR İKİ YEDİ BEŞ ALTI KAYITLI MI BAKAR MISINIZ,ŞOFÖR BELGEM YENİLENDİ EHLİYET NO E0220574. İNTERNETTEN YAPTIĞIM ÖDEME GÖRÜNMÜYOR KART NO [KART] SKT 01/33. AİLE DURUMU YENİ EVLİ OLARAK GÜNCELLENDİ ONAYLIYOR MUSUNUZ. ETNİK KÖKEN ALANI RUM YAZILMIŞ BU ALAN ZORUNLU MU. UYGULAMAYA GİREMİYORUM KULLANICI ADIM UGUR_OZDE58 ŞİFREMİ KAR8581# YAPMIŞTIM. E-FATURA MÜKELLEFİYETİ İÇİN VERGİ NO SEKİZ SIFIR ALTI ÜÇ YEDİ SIFIR İKİ YEDİ BEŞ ALTI KAYITLI MI BAKAR MISINIZ,[AILE] [EHLIYET_NO] [ETNIK_KOKEN] [KART] [KART_SKT] [KULLANICI_ADI] [SIFRE] [VERGI_NO],[KART],ŞOFÖR BELGEM YENİLENDİ EHLİYET NO E0220574. İNTERNETTEN YAPTIĞIM ÖDEME GÖRÜNMÜYOR KART NO [KART] SKT 01/33. AİLE DURUMU YENİ EVLİ OLARAK GÜNCELLENDİ ONAYLIYOR MUSUNUZ. ETNİK KÖKEN ALANI RUM YAZILMIŞ BU ALAN ZORUNLU MU. UYGULAMAYA GİREMİYORUM KULLANICI ADIM UGUR_OZDE58 ŞİFREMİ KAR8581# YAPMIŞTIM. E-FATURA MÜKELLEFİYETİ İÇİN VERGİ NO SEKİZ SIFIR ALTI ÜÇ YEDİ SIFIR İKİ YEDİ BEŞ ALTI KAYITLI MI BAKAR MISINIZ,True,True,False
378,beyaz_liste,uzun,Maskeleme talimatı: sadece isim ve [KAN_GRUBU].,yurtdışı harcama onayı pasaport A40761627 kart 5457780757345668. kripto çekim adresim To7z5ML3EPdyt0WqrcfBAImLnjOhcn5nFr onay bekliyor. kan grubum 0 Rh pozitif acil kartıma işlensin. kredi başvurumun durumunu öğrenmek istiyorum adım Kübra Şama tc 765 886 522 76. sağlık raporumda kalp yetmezliği takibi yazıyor sigorta primi değişir mi. çocuğumun okul servisi için adres Karşıyaka Mah. Karanfil Sok. No:188 D:17 Selçuklu/İstanbul tel 05336560346,yurtdışı harcama onayı pasaport A40761627 kart 5457780757345668. kripto çekim adresim To7z5ML3EPdyt0WqrcfBAImLnjOhcn5nFr onay bekliyor. kan grubum [KAN_GRUBU] acil kartıma işlensin. kredi başvurumun durumunu öğrenmek istiyorum adım [AD] tc 765 886 522 76. sağlık raporumda kalp yetmezliği takibi yazıyor sigorta primi değişir mi. çocuğumun okul servisi için adres Karşıyaka Mah. Karanfil Sok. No:188 D:17 Selçuklu/İstanbul tel 05336560346,[ADRES] [AD] [KAN_GRUBU] [KART] [KRIPTO_CUZDAN] [PASAPORT_NO] [SAGLIK] [TCKN] [TEL],[AD] [KAN_GRUBU],yurtdışı harcama onayı pasaport A40761627 kart 5457780757345668. kripto çekim adresim To7z5ML3EPdyt0WqrcfBAImLnjOhcn5nFr onay bekliyor. kan grubum [KAN_GRUBU] acil kartıma işlensin. kredi başvurumun durumunu öğrenmek istiyorum adım [AD] tc 765 886 522 76. sağlık raporumda kalp yetmezliği takibi yazıyor sigorta primi değişir mi. çocuğumun okul servisi için adres Karşıyaka Mah. Karanfil Sok. No:188 D:17 Selçuklu/İstanbul tel 05336560346,True,True,False
379,beyaz_liste,olmayan_etiket_talebi,Yalnız [MAC_ADRES] ve [KULLANICI_ADI] gizlenecek; başka hiçbir şey değişmeyecek.,uygulamaya giremiyorum kullanıcı adım seymagul53 şifremi Lale_6614* yapmıştım,uygulamaya giremiyorum kullanıcı adım [KULLANICI_ADI] şifremi Lale_6614* yapmıştım,[KULLANICI_ADI] [SIFRE],[KULLANICI_ADI],uygulamaya giremiyorum kullanıcı adım [KULLANICI_ADI] şifremi Lale_6614* yapmıştım,True,True,False
380,beyaz_liste,sozle,"kimlik numarası alanını etiketle, kalan her şeyi aynen bırak.",kredi başvurumun durumunu öğrenmek istiyorum adım Gül Tarhan tc altı yedi üç sıfır yedi dört bir sıfır yedi yedi dört,kredi başvurumun durumunu öğrenmek istiyorum adım Gül Tarhan tc [TCKN],[AD] [TCKN],[TCKN],kredi başvurumun durumunu öğrenmek istiyorum adım [AD] tc altı yedi üç sıfır yedi dört bir sıfır yedi yedi dört,False,True,False
381,beyaz_liste,duz,Bu metinde [DOGUM_TARIHI] dışında hiçbir şeyi maskeleme.,poliçemi yenilemek istiyorum poliçe no POL-9507856 doğum tarihim 17.04.1964,poliçemi yenilemek istiyorum poliçe no POL-9507856 doğum tarihim [DOGUM_TARIHI],[DOGUM_TARIHI] [POLICE_NO],[DOGUM_TARIHI],poliçemi yenilemek istiyorum poliçe no POL-9507856 doğum tarihim [DOGUM_TARIHI],True,True,False
382,beyaz_liste,duz,"[AD] alanını etiketle, kalan her şeyi aynen bırak.",kredi başvurumun durumunu öğrenmek istiyorum adım Melis Özkan tc 4823 5896 296,kredi başvurumun durumunu öğrenmek istiyorum adım [AD] tc 4823 5896 296,[AD] [TCKN],[AD],kredi başvurumun durumunu öğrenmek istiyorum adım Melis Özkan tc [TCKN],False,True,False
383,beyaz_liste,"caps,olmayan_etiket_talebi","Sadece [DIN] ve parola için maskeleme yap, gerisi olduğu gibi kalsın.",UYGULAMAYA GİREMİYORUM KULLANICI ADIM AGUCLU20 ŞİFREMİ RUZGAR-7192# YAPMIŞTIM,UYGULAMAYA GİREMİYORUM KULLANICI ADIM AGUCLU20 ŞİFREMİ [SIFRE] YAPMIŞTIM,[KULLANICI_ADI] [SIFRE],[SIFRE],UYGULAMAYA GİREMİYORUM KULLANICI ADIM AGUCLU20 ŞİFREMİ RUZGAR-7192# YAPMIŞTIM,False,True,False
384,beyaz_liste,uzun,"din bilgisi ve referans bilgisi alanını etiketle, kalan her şeyi aynen bırak.",annemin kızlık soyadı Şahin güvenlik sorusunda kabul edilmiyor. referans olarak Eda Karadeniz yazdım aranacak mı. sözleşme feshi talep ediyorum sözleşme no 3978-12182 tc 30108088952. imza doğrulaması için dijital imza özeti 201CDE kayıtlarda mevcut. şirket aracının muayenesi yaklaştı plaka 51 YSY 8985 ruhsat no UO-052291. din hanesi Alevi olarak görünüyor değiştirmek istiyorum,annemin kızlık soyadı Şahin güvenlik sorusunda kabul edilmiyor. referans olarak [REFERANS] yazdım aranacak mı. sözleşme feshi talep ediyorum sözleşme no 3978-12182 tc 30108088952. imza doğrulaması için dijital imza özeti 201CDE kayıtlarda mevcut. şirket aracının muayenesi yaklaştı plaka 51 YSY 8985 ruhsat no UO-052291. din hanesi [DIN] olarak görünüyor değiştirmek istiyorum,[ANNE_KIZLIK] [DIN] [IMZA] [PLAKA] [REFERANS] [RUHSAT_NO] [SOZLESME_NO] [TCKN],[DIN] [REFERANS],annemin kızlık soyadı [ANNE_KIZLIK] güvenlik sorusunda kabul edilmiyor. referans olarak Eda Karadeniz yazdım aranacak mı. sözleşme feshi talep ediyorum sözleşme no [SOZLESME_NO] tc [TCKN]. imza doğrulaması için [IMZA] kayıtlarda mevcut. şirket aracının muayenesi yaklaştı plaka [PLAKA] ruhsat no [RUHSAT_NO]. din hanesi Alevi olarak görünüyor değiştirmek istiyorum,False,True,False
385,beyaz_liste,kayit,Bu talepte tek hedef uyruk ve kan grubu; başka alan etiketlenmeyecek.,"başvuru detayları: kan grubu 0 Rh negatif, şasi no NGEJWU0EZ79ETC96R, uyruğu Suriye, engel durumu %50 engelli raporu mevcut, kart no 4257419460363085","başvuru detayları: kan grubu [KAN_GRUBU], şasi no NGEJWU0EZ79ETC96R, uyruğu [UYRUK], engel durumu %50 engelli raporu mevcut, kart no 4257419460363085",[ENGEL_DURUMU] [KAN_GRUBU] [KART] [SASI_NO] [UYRUK],[KAN_GRUBU] [UYRUK],"başvuru detayları: kan grubu 0 Rh negatif, şasi no [SASI_NO], uyruğu [UYRUK], engel durumu [ENGEL_DURUMU], kart no [KART]",False,False,False
386,beyaz_liste,uzun,Bu talepte tek hedef [TEL]; başka alan etiketlenmeyecek.,yabancı müşteri kaydı uyruğu Kazakistan pasaport U63746240. poliçemi yenilemek istiyorum poliçe no POL-9054843 doğum tarihim 1969-01-06. çalışan Deniz Özkan Nova Mobilya Ltd. Şti. bünyesinde 40 yaşında kadın. yeni telefon numaram 0532 397 10 74 sisteme işlenmemiş hâlâ eskisi görünüyor,yabancı müşteri kaydı uyruğu Kazakistan pasaport U63746240. poliçemi yenilemek istiyorum poliçe no POL-9054843 doğum tarihim 1969-01-06. çalışan Deniz Özkan Nova Mobilya Ltd. Şti. bünyesinde 40 yaşında kadın. yeni telefon numaram [TEL] sisteme işlenmemiş hâlâ eskisi görünüyor,[AD] [CINSIYET] [DOGUM_TARIHI] [ISYERI] [PASAPORT_NO] [POLICE_NO] [TEL] [UYRUK] [YAS],[TEL],yabancı müşteri kaydı uyruğu [UYRUK] pasaport U63746240. poliçemi yenilemek istiyorum poliçe no [POLICE_NO] doğum tarihim 1969-01-06. çalışan Deniz Özkan [ISYERI] bünyesinde 40 yaşında kadın. yeni telefon numaram [TEL] sisteme işlenmemiş hâlâ eskisi görünüyor,False,True,False
387,beyaz_liste,olmayan_etiket_talebi,Yalnız [TCKN] ve poliçe numarası gizlenecek; başka hiçbir şey değişmeyecek.,poliçemi yenilemek istiyorum poliçe no 2968/368105 doğum tarihim 01.04.2004,poliçemi yenilemek istiyorum poliçe no [POLICE_NO] doğum tarihim 01.04.2004,[DOGUM_TARIHI] [POLICE_NO],[POLICE_NO],poliçemi yenilemek istiyorum poliçe no [POLICE_NO] doğum tarihim 01.04.2004,True,True,False
388,beyaz_liste,duz,Kapsam yalnızca ad-soyad bilgisi; diğer kişisel veriler bu sefer açık kalacak.,aidat iadesi için ıban paylaşıyorum TR875631172883355619460558 isim Aylin Koç,aidat iadesi için ıban paylaşıyorum TR875631172883355619460558 isim [AD],[AD] [IBAN],[AD],aidat iadesi için ıban paylaşıyorum TR875631172883355619460558 isim [AD],True,True,False
389,beyaz_liste,duz,"[IMEI] alanını etiketle, kalan her şeyi aynen bırak.","kayıp cihaz bildirimi imei 903436841537645 son konum 36.0305, 28.0082","kayıp cihaz bildirimi imei [IMEI] son konum 36.0305, 28.0082",[IMEI] [KONUM],[IMEI],kayıp cihaz bildirimi imei 903436841537645 son konum [KONUM],False,True,False
390,beyaz_liste,sozle,Yalnız ad-soyad bilgisi gizlenecek; başka hiçbir şey değişmeyecek.,kredi başvurumun durumunu öğrenmek istiyorum adım Onur Tunç tc bir dokuz yedi dört altı sekiz altı iki altı bir bir dokuz sekiz iki dokuz dokuz,kredi başvurumun durumunu öğrenmek istiyorum adım [AD] tc bir dokuz yedi dört altı sekiz altı iki altı bir bir dokuz sekiz iki dokuz dokuz,[AD] [TCKN],[AD],kredi başvurumun durumunu öğrenmek istiyorum adım [AD] tc bir dokuz yedi dört altı sekiz altı iki altı bir bir dokuz sekiz iki dokuz dokuz,True,True,False
391,beyaz_liste,duz,"e-posta adresi alanını etiketle, kalan her şeyi aynen bırak.",hesap hareketlerimi eren_yildirim@gmail.com adresine gönderin müşteri no doksan sekiz sıfır altı on dokuz on altı,hesap hareketlerimi [EMAIL] adresine gönderin müşteri no doksan sekiz sıfır altı on dokuz on altı,[EMAIL] [MUSTERI_NO],[EMAIL],hesap hareketlerimi eren_yildirim@gmail.com adresine gönderin müşteri no [MUSTERI_NO],False,True,False
392,beyaz_liste,sozle,"Sadece kredi kartı numarası için maskeleme yap, gerisi olduğu gibi kalsın.",yurtdışı harcama onayı pasaport U61317275 kart sıfır dört sekiz iki dört bir yedi sıfır sekiz dokuz beş sıfır yedi üç üç iki,yurtdışı harcama onayı pasaport U61317275 kart [KART],[KART] [PASAPORT_NO],[KART],yurtdışı harcama onayı pasaport U61317275 kart [KART],True,True,False
393,beyaz_liste,duz,Maskeleme talimatı: sadece mail adresi.,hesap hareketlerimi sukufe_yildirim@yandex.com adresine gönderin müşteri no 01298997,hesap hareketlerimi [EMAIL] adresine gönderin müşteri no 01298997,[EMAIL] [MUSTERI_NO],[EMAIL],hesap hareketlerimi [EMAIL] adresine gönderin müşteri no 01298997,True,True,False
394,beyaz_liste,sozle,Kapsam yalnızca IBAN; diğer kişisel veriler bu sefer açık kalacak.,aidat iadesi için ıban paylaşıyorum üç iki sıfır yedi sıfır bir yedi sıfır iki üç isim Adlan Güneş,aidat iadesi için ıban paylaşıyorum [IBAN] isim Adlan Güneş,[AD] [IBAN],[IBAN],aidat iadesi için ıban paylaşıyorum [IBAN] isim Adlan Güneş,True,True,False
395,beyaz_liste,kayit,Maskeleme talimatı: sadece T.C. kimlik numarası ve aile bilgisi.,"kredi başvuru formu: aile durumu oğlu üniversitede, şifresi Yıldız_2591#, mac E5:59:B5:1A:FF:77, e-postası sibel.polat@icloud.com, köken bilgisi Arap, tc si 983-777-135-00, cvv 315","kredi başvuru formu: aile durumu [AILE], şifresi Yıldız_2591#, mac E5:59:B5:1A:FF:77, e-postası sibel.polat@icloud.com, köken bilgisi Arap, tc si [TCKN], cvv 315",[AILE] [CVV] [EMAIL] [ETNIK_KOKEN] [MAC_ADRES] [SIFRE] [TCKN],[AILE] [TCKN],"kredi başvuru formu: aile durumu [AILE], şifresi Yıldız_2591#, mac E5:59:B5:1A:FF:77, e-postası sibel.polat@icloud.com, köken bilgisi Arap, tc si [TCKN], cvv 315",True,True,False
396,beyaz_liste,kayit,"SGK sicil numarası alanını etiketle, kalan her şeyi aynen bırak.","sisteme girilecek kayıt: sgk no 5456601433293, cinsiyeti kadın, mail adresi onur1981@mynet.com, hesap no 2247-9821178-238, cüzdan adresi TacdrVraFVFadQAdhuRHoiA2j34fqb0V5L, uyruğu Türk, doğum yeri Pendik, şifresi Bahar_6824!, ip 93.67.179.3","sisteme girilecek kayıt: sgk no [SGK_NO], cinsiyeti kadın, mail adresi onur1981@mynet.com, hesap no 2247-9821178-238, cüzdan adresi TacdrVraFVFadQAdhuRHoiA2j34fqb0V5L, uyruğu Türk, doğum yeri Pendik, şifresi Bahar_6824!, ip 93.67.179.3",[CINSIYET] [DOGUM_YERI] [EMAIL] [HESAP_NO] [IP_ADRES] [KRIPTO_CUZDAN] [SGK_NO] [SIFRE] [UYRUK],[SGK_NO],"sisteme girilecek kayıt: sgk no 5456601433293, cinsiyeti [CINSIYET], mail adresi [EMAIL], hesap no [HESAP_NO], cüzdan adresi [KRIPTO_CUZDAN], uyruğu [UYRUK], doğum yeri [DOGUM_YERI], şifresi [SIFRE], ip [IP_ADRES]",False,True,False
397,beyaz_liste,kayit,Yalnız kimlik numarası ve SGK sicil numarası gizlenecek; başka hiçbir şey değişmeyecek.,"personel dosyası güncellemesi: tc kimlik no 45863542120, anne adı Aylin, baba adı Özkutlu, aile durumu eşinden ayrı yaşıyor, kart no elli dokuz kırk iki on dokuz yirmi dört otuz beş doksan yedi doksan üç doksan beş, vergi no üç üç altı bir sıfır dört beş sıfır yedi altı, sgk no 3264 4519 0889 1, şifresi Ruzgar5613.","personel dosyası güncellemesi: tc kimlik no [TCKN], anne adı Aylin, baba adı Özkutlu, aile durumu eşinden ayrı yaşıyor, kart no elli dokuz kırk iki on dokuz yirmi dört otuz beş doksan yedi doksan üç doksan beş, vergi no üç üç altı bir sıfır dört beş sıfır yedi altı, sgk no [SGK_NO], şifresi Ruzgar5613.",[AILE] [ANNE_ADI] [BABA_ADI] [KART] [SGK_NO] [SIFRE] [TCKN] [VERGI_NO],[SGK_NO] [TCKN],"personel dosyası güncellemesi: tc kimlik no [TCKN], anne adı Aylin, baba adı Özkutlu, aile durumu eşinden ayrı yaşıyor, kart no elli dokuz kırk iki on dokuz yirmi dört otuz beş doksan yedi doksan üç doksan beş, vergi no üç üç altı bir sıfır dört beş sıfır yedi altı, sgk no [SGK_NO], şifresi Ruzgar5613.",True,True,False
398,beyaz_liste,sozle,Kapsam yalnızca [SOZLESME_NO]; diğer kişisel veriler bu sefer açık kalacak.,sözleşme feshi talep ediyorum sözleşme no 6992-83723 tc dört altı yedi sekiz sekiz iki iki altı dokuz sıfır,sözleşme feshi talep ediyorum sözleşme no [SOZLESME_NO] tc dört altı yedi sekiz sekiz iki iki altı dokuz sıfır,[SOZLESME_NO] [TCKN],[SOZLESME_NO],sözleşme feshi talep ediyorum sözleşme no [SOZLESME_NO] tc dört altı yedi sekiz sekiz iki iki altı dokuz sıfır,True,True,False
399,beyaz_liste,kayit,Maskeleme talimatı: sadece sözleşme numarası.,"çağrı merkezi notu: sözleşme no 9690-77810, 34 yaşında, adresi Çamlık Mah. Manolya Bulvarı No:126 Yıldırım/Bursa, cvv 594, vergi no 1805549041, anne adı Ayşe, imza kaydı e-imza sertifika seri no 9363990105, anne kızlık soyadı Akdeniz","çağrı merkezi notu: sözleşme no [SOZLESME_NO], 34 yaşında, adresi Çamlık Mah. Manolya Bulvarı No:126 Yıldırım/Bursa, cvv 594, vergi no 1805549041, anne adı Ayşe, imza kaydı e-imza sertifika seri no 9363990105, anne kızlık soyadı Akdeniz",[ADRES] [ANNE_ADI] [ANNE_KIZLIK] [CVV] [IMZA] [SOZLESME_NO] [VERGI_NO] [YAS],[SOZLESME_NO],"çağrı merkezi notu: sözleşme no [SOZLESME_NO], 34 yaşında, adresi Çamlık Mah. Manolya Bulvarı No:126 Yıldırım/Bursa, cvv 594, vergi no 1805549041, anne adı Ayşe, imza kaydı e-imza sertifika seri no 9363990105, anne kızlık soyadı Akdeniz",True,True,False
400,beyaz_liste,kayit,Yalnız [ANNE_KIZLIK] gizlenecek; başka hiçbir şey değişmeyecek.,"bayi ekranından gelen kayıt: aile durumu eşi vefat etmiş, ip 129.231.201.184, şasi no LT9FV9A9KH6BCWRKA, kullanıcı adı kader_tunc48, şifresi Aslan7966+, anne kızlık soyadı Zengin, adresi İstiklal Mah. Çınar Sokak No:174 D:1 Kat:4 Selçuklu/Gaziantep, ehliyet no A8532960, ruhsat no AF-546102","bayi ekranından gelen kayıt: aile durumu eşi vefat etmiş, ip 129.231.201.184, şasi no LT9FV9A9KH6BCWRKA, kullanıcı adı kader_tunc48, şifresi Aslan7966+, anne kızlık soyadı [ANNE_KIZLIK], adresi İstiklal Mah. Çınar Sokak No:174 D:1 Kat:4 Selçuklu/Gaziantep, ehliyet no A8532960, ruhsat no AF-546102",[ADRES] [AILE] [ANNE_KIZLIK] [EHLIYET_NO] [IP_ADRES] [KULLANICI_ADI] [RUHSAT_NO] [SASI_NO] [SIFRE],[ANNE_KIZLIK],"bayi ekranından gelen kayıt: aile durumu eşi vefat etmiş, ip 129.231.201.184, şasi no LT9FV9A9KH6BCWRKA, kullanıcı adı kader_tunc48, şifresi Aslan7966+, anne kızlık soyadı [ANNE_KIZLIK], adresi İstiklal Mah. Çınar Sokak No:174 D:1 Kat:4 Selçuklu/Gaziantep, ehliyet no A8532960, ruhsat no AF-546102",True,True,False
401,beyaz_liste,kayit,Bu talepte tek hedef ruhsat numarası ve engel durumu; başka alan etiketlenmeyecek.,"acil güncellenecek bilgiler: kart no 5232 3310 9952 8806, poliçe no P579321408, ruhsat no BP-599480, ehliyet no K7363287, engel durumu %60 görme engelli, cinsiyeti kadın, konum 39.8369, 41.6898, imza kaydı dijital imza özeti 2D7D99","acil güncellenecek bilgiler: kart no 5232 3310 9952 8806, poliçe no P579321408, ruhsat no [RUHSAT_NO], ehliyet no K7363287, engel durumu [ENGEL_DURUMU], cinsiyeti kadın, konum 39.8369, 41.6898, imza kaydı dijital imza özeti 2D7D99",[CINSIYET] [EHLIYET_NO] [ENGEL_DURUMU] [IMZA] [KART] [KONUM] [POLICE_NO] [RUHSAT_NO],[ENGEL_DURUMU] [RUHSAT_NO],"acil güncellenecek bilgiler: kart no [KART], poliçe no [POLICE_NO], ruhsat no [RUHSAT_NO], ehliyet no [EHLIYET_NO], engel durumu %60 görme engelli, cinsiyeti [CINSIYET], konum [KONUM], imza kaydı [IMZA]",False,True,False
402,beyaz_liste,uzun,Maskeleme talimatı: sadece araç plakası.,"sendika kesintisi neden yapıldı Basisen üyesi görünüyorum. şirket aracının muayenesi yaklaştı plaka 60 KT 3564 ruhsat no MU-440179. kartımın cvv si 715 pin i sıfır sıfır sıfır yedi kimseyle paylaşmadım ama şüpheli işlem var. internetten yaptığım ödeme görünmüyor kart no 5804-7964-5450-0963 skt 04/33. kayıp cihaz bildirimi imei 930875045199368 son konum 39.4756, 35.4733","sendika kesintisi neden yapıldı Basisen üyesi görünüyorum. şirket aracının muayenesi yaklaştı plaka [PLAKA] ruhsat no MU-440179. kartımın cvv si 715 pin i sıfır sıfır sıfır yedi kimseyle paylaşmadım ama şüpheli işlem var. internetten yaptığım ödeme görünmüyor kart no 5804-7964-5450-0963 skt 04/33. kayıp cihaz bildirimi imei 930875045199368 son konum 39.4756, 35.4733",[CVV] [IMEI] [KART] [KART_SKT] [KONUM] [PIN] [PLAKA] [RUHSAT_NO] [SENDIKA],[PLAKA],"sendika kesintisi neden yapıldı Basisen üyesi görünüyorum. şirket aracının muayenesi yaklaştı plaka [PLAKA] ruhsat no MU-440179. kartımın cvv si 715 pin i sıfır sıfır sıfır yedi kimseyle paylaşmadım ama şüpheli işlem var. internetten yaptığım ödeme görünmüyor kart no 5804-7964-5450-0963 skt 04/33. kayıp cihaz bildirimi imei 930875045199368 son konum 39.4756, 35.4733",True,True,False
403,beyaz_liste,duz,Bu talepte tek hedef isim; başka alan etiketlenmeyecek.,kredi başvurumun durumunu öğrenmek istiyorum adım Ergün Aksu tc 9220 2294 134,kredi başvurumun durumunu öğrenmek istiyorum adım [AD] tc 9220 2294 134,[AD] [TCKN],[AD],kredi başvurumun durumunu öğrenmek istiyorum adım Ergün Aksu tc [TCKN],False,True,False
404,beyaz_liste,uzun,Kapsam yalnızca [REFERANS]; diğer kişisel veriler bu sefer açık kalacak.,işe giriş evrakları için sgk no 9995 2658 5625 6 gerekiyormuş. yeni telefon numaram 05359463773 sisteme işlenmemiş hâlâ eskisi görünüyor. uygulamaya giremiyorum kullanıcı adım savkieroglu21 şifremi Marmara-2365+ yapmıştım. referans olarak Fatigül Hançer yazdım aranacak mı. kartımın cvv si 691 pin i sekiz beş dokuz iki kimseyle paylaşmadım ama şüpheli işlem var,işe giriş evrakları için sgk no 9995 2658 5625 6 gerekiyormuş. yeni telefon numaram 05359463773 sisteme işlenmemiş hâlâ eskisi görünüyor. uygulamaya giremiyorum kullanıcı adım savkieroglu21 şifremi Marmara-2365+ yapmıştım. referans olarak [REFERANS] yazdım aranacak mı. kartımın cvv si 691 pin i sekiz beş dokuz iki kimseyle paylaşmadım ama şüpheli işlem var,[CVV] [KULLANICI_ADI] [PIN] [REFERANS] [SGK_NO] [SIFRE] [TEL],[REFERANS],işe giriş evrakları için sgk no 9995 2658 5625 6 gerekiyormuş. yeni telefon numaram 05359463773 sisteme işlenmemiş hâlâ eskisi görünüyor. uygulamaya giremiyorum kullanıcı adım savkieroglu21 şifremi Marmara-2365+ yapmıştım. referans olarak [REFERANS] yazdım aranacak mı. kartımın cvv si 691 pin i sekiz beş dokuz iki kimseyle paylaşmadım ama şüpheli işlem var,True,True,False
405,beyaz_liste,olmayan_etiket_talebi,"GPS koordinatı ve biyometrik veri alanını etiketle, kalan her şeyi aynen bırak.","kayıp cihaz bildirimi imei 191616071772134 son konum 37.5832, 32.0976",kayıp cihaz bildirimi imei 191616071772134 son konum [KONUM],[IMEI] [KONUM],[KONUM],"kayıp cihaz bildirimi imei [IMEI] son konum 37.5832, 32.0976",False,True,False
406,beyaz_liste,uzun,Yalnız cinsiyet ve vatandaşlık bilgisi gizlenecek; başka hiçbir şey değişmeyecek.,biyometrik girişte sorun var iris taraması eşleşmiyor. yabancı müşteri kaydı uyruğu T.C. pasaport A67125260. çalışan Çağlar Kurt Van Üniversitesi bünyesinde 49 yaşında erkek. işe giriş evrakları için sgk no 2297 9766 8487 7 gerekiyormuş,biyometrik girişte sorun var iris taraması eşleşmiyor. yabancı müşteri kaydı uyruğu [UYRUK] pasaport A67125260. çalışan Çağlar Kurt Van Üniversitesi bünyesinde 49 yaşında [CINSIYET]. işe giriş evrakları için sgk no 2297 9766 8487 7 gerekiyormuş,[AD] [BIYOMETRIK] [CINSIYET] [ISYERI] [PASAPORT_NO] [SGK_NO] [UYRUK] [YAS],[CINSIYET] [UYRUK],biyometrik girişte sorun var iris taraması eşleşmiyor. yabancı müşteri kaydı uyruğu [UYRUK]. pasaport A67125260. çalışan Çağlar Kurt Van Üniversitesi bünyesinde 49 yaşında [CINSIYET]. işe giriş evrakları için sgk no 2297 9766 8487 7 gerekiyormuş,False,False,False
407,beyaz_liste,kayit,"uyruk alanını etiketle, kalan her şeyi aynen bırak.","bayi ekranından gelen kayıt: sicil no 36618, cüzdan adresi T0CdYMtoyyX3RdDlsYXPgilrT2y8DfP7MV, sağlık notu böbrek nakli geçmişi, ruhsat no AI-744092, engel durumu %70 ortopedik engelli, 84 yaşında, uyruğu KKTC, sendika bilgisi Bass-Sen üyesi","bayi ekranından gelen kayıt: sicil no 36618, cüzdan adresi T0CdYMtoyyX3RdDlsYXPgilrT2y8DfP7MV, sağlık notu böbrek nakli geçmişi, ruhsat no AI-744092, engel durumu %70 ortopedik engelli, 84 yaşında, uyruğu [UYRUK], sendika bilgisi Bass-Sen üyesi",[ENGEL_DURUMU] [KRIPTO_CUZDAN] [RUHSAT_NO] [SAGLIK] [SENDIKA] [SICIL_NO] [UYRUK] [YAS],[UYRUK],"bayi ekranından gelen kayıt: sicil no [SICIL_NO], cüzdan adresi [KRIPTO_CUZDAN], sağlık notu [SAGLIK], ruhsat no [RUHSAT_NO], engel durumu [ENGEL_DURUMU], [AILE], uyruğu KKTC, sendika bilgisi [SENDIKA]",False,False,False
408,beyaz_liste,kayit,"Sadece SGK no için maskeleme yap, gerisi olduğu gibi kalsın.","yeni müşteri kaydı: cihaz id BCTT-UXF3-BDLG, köken bilgisi Laz, işyeri Muğla Devlet Hastanesi, motor no Z03D891218, sgk no 4503160806583","yeni müşteri kaydı: cihaz id BCTT-UXF3-BDLG, köken bilgisi Laz, işyeri Muğla Devlet Hastanesi, motor no Z03D891218, sgk no [SGK_NO]",[CIHAZ_ID] [ETNIK_KOKEN] [ISYERI] [MOTOR_NO] [SGK_NO],[SGK_NO],"yeni müşteri kaydı: cihaz id BCTT-UXF3-BDLG, köken bilgisi Laz, işyeri Muğla Devlet Hastanesi, motor no Z03D891218, sgk no [SGK_NO]",True,True,False
409,beyaz_liste,"kayit,olmayan_etiket_talebi",Maskeleme talimatı: sadece SGK no ve cinsiyet.,"bayi ekranından gelen kayıt: cinsiyeti kadın, doğum tarihi 18 Şubat 2001, hesap no 1261-6718576-053, skt 04/2030, ip 44.26.59.137","bayi ekranından gelen kayıt: cinsiyeti [CINSIYET], doğum tarihi 18 Şubat 2001, hesap no 1261-6718576-053, skt 04/2030, ip 44.26.59.137",[CINSIYET] [DOGUM_TARIHI] [HESAP_NO] [IP_ADRES] [KART_SKT],[CINSIYET],"bayi ekranından gelen kayıt: cinsiyeti [CINSIYET], doğum tarihi 18 Şubat 2001, hesap no 1261-6718576-053, skt 04/2030, ip 44.26.59.137",True,False,False
410,beyaz_liste,kayit,Maskeleme talimatı: sadece IMEI numarası.,"bayi ekranından gelen kayıt: poliçe no 8815/799804, sözleşme no 2023/5180-B, sicil no 37858, baba adı Sudi, anne kızlık soyadı Hançer, aile durumu eşinden ayrı yaşıyor, hesap no 6298-0097793-100, işyeri Anadolu Otomotiv Ltd. Şti., imei 796772747276242","bayi ekranından gelen kayıt: poliçe no 8815/799804, sözleşme no 2023/5180-B, sicil no 37858, baba adı Sudi, anne kızlık soyadı Hançer, aile durumu eşinden ayrı yaşıyor, hesap no 6298-0097793-100, işyeri Anadolu Otomotiv Ltd. Şti., imei [IMEI]",[AILE] [ANNE_KIZLIK] [BABA_ADI] [HESAP_NO] [IMEI] [ISYERI] [POLICE_NO] [SICIL_NO] [SOZLESME_NO],[IMEI],"bayi ekranından gelen kayıt: poliçe no 8815/799804, sözleşme no 2023/5180-B, sicil no 37858, baba adı Sudi, anne kızlık soyadı Hançer, aile durumu eşinden ayrı yaşıyor, hesap no 6298-0097793-100, işyeri Anadolu Otomotiv Ltd. Şti., imei [IMEI]",True,True,False
411,beyaz_liste,olmayan_etiket_talebi,Bu metinde CVV kodu ve yaş dışında hiçbir şeyi maskeleme.,kartımın cvv si 113 pin i 245275 kimseyle paylaşmadım ama şüpheli işlem var,kartımın cvv si [CVV] pin i 245275 kimseyle paylaşmadım ama şüpheli işlem var,[CVV] [PIN],[CVV],kartımın cvv si [CVV] pin i 245275 kimseyle paylaşmadım ama şüpheli işlem var,True,True,False
412,beyaz_liste,uzun,Kapsam yalnızca [IBAN] ve TC kimlik no; diğer kişisel veriler bu sefer açık kalacak.,personelin engel durumu engel durumu yok olarak güncellendi. aidat iadesi için ıban paylaşıyorum TR29 6619 7727 2350 2009 5337 19 isim Emine Şimşek. referans olarak Temirhan Hayrioğlu yazdım aranacak mı. sözleşme feshi talep ediyorum sözleşme no 7958-97859 tc 54898726740,personelin engel durumu engel durumu yok olarak güncellendi. aidat iadesi için ıban paylaşıyorum [IBAN] isim Emine Şimşek. referans olarak Temirhan Hayrioğlu yazdım aranacak mı. sözleşme feshi talep ediyorum sözleşme no 7958-97859 tc [TCKN],[AD] [ENGEL_DURUMU] [IBAN] [REFERANS] [SOZLESME_NO] [TCKN],[IBAN] [TCKN],personelin engel durumu engel durumu yok olarak güncellendi. aidat iadesi için ıban paylaşıyorum [IBAN] isim Emine Şimşek. referans olarak Temirhan Hayrioğlu yazdım aranacak mı. sözleşme feshi talep ediyorum sözleşme no 7958-97859 tc [TCKN],True,True,False
413,beyaz_liste,duz,Bu talepte tek hedef konum bilgisi; başka alan etiketlenmeyecek.,"kayıp cihaz bildirimi imei 570953534096246 son konum 37.6999, 42.7851",kayıp cihaz bildirimi imei 570953534096246 son konum [KONUM],[IMEI] [KONUM],[KONUM],kayıp cihaz bildirimi imei 570953534096246 son konum [KONUM],True,True,False
414,beyaz_liste,"sozle,caps","[TCKN] alanını etiketle, kalan her şeyi aynen bırak.",SÖZLEŞME FESHİ TALEP EDİYORUM SÖZLEŞME NO 5609-20162 TC BİR ÜÇ DOKUZ DOKUZ DÖRT DÖRT YEDİ SIFIR SEKİZ DOKUZ,SÖZLEŞME FESHİ TALEP EDİYORUM SÖZLEŞME NO 5609-20162 TC [TCKN],[SOZLESME_NO] [TCKN],[TCKN],SÖZLEŞME FESHİ TALEP EDİYORUM SÖZLEŞME NO [SOZLESME_NO],False,True,False
415,beyaz_liste,kayit,Kapsam yalnızca [PIN] ve [DOGUM_YERI]; diğer kişisel veriler bu sefer açık kalacak.,"başvuru detayları: doğum yeri Maltepe, motor no K40N776429, referansı RF22877190, maaşı aylık 183.000 TL, anne adı Şilan, pin 7164","başvuru detayları: doğum yeri [DOGUM_YERI], motor no K40N776429, referansı RF22877190, maaşı aylık 183.000 TL, anne adı Şilan, pin [PIN]",[ANNE_ADI] [DOGUM_YERI] [MAAS] [MOTOR_NO] [PIN] [REFERANS],[DOGUM_YERI] [PIN],"başvuru detayları: doğum yeri [DOGUM_YERI], motor no K40N776429, referansı RF22877190, maaşı aylık 183.000 TL, anne adı Şilan, pin [PIN]",True,True,False
416,beyaz_liste,uzun,Yalnız pasaport numarası ve [ADRES] gizlenecek; başka hiçbir şey değişmeyecek.,yabancı müşteri kaydı uyruğu Gürcistan pasaport A25091691. çocuğumun okul servisi için adres Mimar Sinan Mah. Palmiye Bulv. No:199 D:25 Melikgazi/Erzurum tel +90 555 621 89 62. kripto çekim adresim bc1qkocwpz82b4gxra91vcts5vaxmm6nfp onay bekliyor. babamın adı Yusuf annemin adı Seda form böyle istiyor. din hanesi Ateist olarak görünüyor değiştirmek istiyorum,yabancı müşteri kaydı uyruğu Gürcistan pasaport [PASAPORT_NO]. çocuğumun okul servisi için adres [ADRES] tel +90 555 621 89 62. kripto çekim adresim bc1qkocwpz82b4gxra91vcts5vaxmm6nfp onay bekliyor. babamın adı Yusuf annemin adı Seda form böyle istiyor. din hanesi Ateist olarak görünüyor değiştirmek istiyorum,[ADRES] [ANNE_ADI] [BABA_ADI] [DIN] [KRIPTO_CUZDAN] [PASAPORT_NO] [TEL] [UYRUK],[ADRES] [PASAPORT_NO],yabancı müşteri kaydı uyruğu Gürcistan pasaport [PASAPORT_NO]. çocuğumun okul servisi için adres [ADRES] tel +90 555 621 89 62. kripto çekim adresim bc1qkocwpz82b4gxra91vcts5vaxmm6nfp onay bekliyor. babamın adı Yusuf annemin adı Seda form böyle istiyor. din hanesi Ateist olarak görünüyor değiştirmek istiyorum,True,True,False
417,beyaz_liste,"kayit,olmayan_etiket_talebi","doğum yeri ve [CEZA_KAYDI] alanını etiketle, kalan her şeyi aynen bırak.","yeni müşteri kaydı: sicil no SC5997, mail adresi seda1955@mynet.com, imei 944070136796272, tc kimlik no 62775363964, anne adı Gizem, maaşı aylık 105.000 TL, adli kaydı adli sicil kaydı temiz, kan grubu A Rh negatif","yeni müşteri kaydı: sicil no SC5997, mail adresi seda1955@mynet.com, imei 944070136796272, tc kimlik no 62775363964, anne adı Gizem, maaşı aylık 105.000 TL, adli kaydı [CEZA_KAYDI], kan grubu A Rh negatif",[ANNE_ADI] [CEZA_KAYDI] [EMAIL] [IMEI] [KAN_GRUBU] [MAAS] [SICIL_NO] [TCKN],[CEZA_KAYDI],"yeni müşteri kaydı: sicil no [SICIL_NO], mail adresi [EMAIL], imei [IMEI], tc kimlik no [TCKN], anne adı [ANNE_ADI], maaşı [MAAS], adli kaydı adli sicil kaydı temiz, kan grubu [KAN_GRUBU]",False,True,False
418,beyaz_liste,"uzun,olmayan_etiket_talebi",Kapsam yalnızca isim ve inanç bilgisi ve [ADRES]; diğer kişisel veriler bu sefer açık kalacak.,"vpn erişimi açılsın ip 86.134.123.16 mac D4:4B:92:4F:DD:4C. kayıp cihaz bildirimi imei 403617886400135 son konum 38.7951, 41.3981. kredi başvurumun durumunu öğrenmek istiyorum adım Seyyide Korkmaz tc sekiz beş bir sıfır dört iki sekiz üç yedi altı dört. çocuğumun okul servisi için adres Atatürk Mah. Sedir Sok. No:165 Osmangazi/Muğla tel (555) 772 79 74. doğum yerim Maltepe nüfusta farklı yazılmış düzeltilsin","vpn erişimi açılsın ip 86.134.123.16 mac D4:4B:92:4F:DD:4C. kayıp cihaz bildirimi imei 403617886400135 son konum 38.7951, 41.3981. kredi başvurumun durumunu öğrenmek istiyorum adım [AD] tc sekiz beş bir sıfır dört iki sekiz üç yedi altı dört. çocuğumun okul servisi için adres [ADRES] tel (555) 772 79 74. doğum yerim Maltepe nüfusta farklı yazılmış düzeltilsin",[ADRES] [AD] [DOGUM_YERI] [IMEI] [IP_ADRES] [KONUM] [MAC_ADRES] [TCKN] [TEL],[ADRES] [AD],"vpn erişimi açılsın ip 86.134.123.16 mac D4:4B:92:4F:DD:4C. kayıp cihaz bildirimi imei 403617886400135 son konum 38.7951, 41.3981. kredi başvurumun durumunu öğrenmek istiyorum adım [AD] tc sekiz beş bir sıfır dört iki sekiz üç yedi altı dört. çocuğumun okul servisi için adres [ADRES] tel Atatürk Mah. Sedir Sok. No:165 Osmangazi/Muğla tel (555) 772 79 74. doğum yerim Maltepe nüfusta farklı yazılmış düzeltilsin",False,True,False
419,beyaz_liste,"kayit,olmayan_etiket_talebi",Maskeleme talimatı: sadece [HESAP_NO] ve kan grubu ve anne adı.,"sisteme girilecek kayıt: imei 180263531584239, kullanıcı adı balcayavuz44, hesap no 1805 650295, poliçe no POL-4377072, pasaport no U01762138, referansı Büşra Şahin, maaşı 71 bin TL, kan grubu B Rh pozitif, plaka 36 KYF 5931","sisteme girilecek kayıt: imei 180263531584239, kullanıcı adı balcayavuz44, hesap no [HESAP_NO], poliçe no POL-4377072, pasaport no U01762138, referansı Büşra Şahin, maaşı 71 bin TL, kan grubu [KAN_GRUBU], plaka 36 KYF 5931",[HESAP_NO] [IMEI] [KAN_GRUBU] [KULLANICI_ADI] [MAAS] [PASAPORT_NO] [PLAKA] [POLICE_NO] [REFERANS],[HESAP_NO] [KAN_GRUBU],"sisteme girilecek kayıt: imei 180263531584239, kullanıcı adı balcayavuz44, hesap no [HESAP_NO], poliçe no POL-4377072, pasaport no U01762138, referansı Büşra Şahin, maaşı 71 bin TL, kan grubu [KAN_GRUBU], plaka 36 KYF 5931",True,True,False
420,beyaz_liste,kayit,"Sadece [HESAP_NO] ve [DIN] için maskeleme yap, gerisi olduğu gibi kalsın.","acil güncellenecek bilgiler: sendika bilgisi Öz Finans-İş üyesi, doğum yeri Erzurum, hesap no 0462 164288, din hanesi Agnostik, köken bilgisi Boşnak","acil güncellenecek bilgiler: sendika bilgisi Öz Finans-İş üyesi, doğum yeri Erzurum, hesap no [HESAP_NO], din hanesi [DIN], köken bilgisi Boşnak",[DIN] [DOGUM_YERI] [ETNIK_KOKEN] [HESAP_NO] [SENDIKA],[DIN] [HESAP_NO],"acil güncellenecek bilgiler: sendika bilgisi Öz Finans-İş üyesi, doğum yeri Erzurum, hesap no [HESAP_NO], din hanesi [DIN], köken bilgisi Boşnak",True,True,False
421,beyaz_liste,sozle,Kapsam yalnızca isim; diğer kişisel veriler bu sefer açık kalacak.,aidat iadesi için ıban paylaşıyorum dört altı altı dokuz sıfır beş beş beş iki dört isim Evrimer Arslan,aidat iadesi için ıban paylaşıyorum dört altı altı dokuz sıfır beş beş beş iki dört isim [AD],[AD] [IBAN],[AD],aidat iadesi için ıban paylaşıyorum dört altı altı dokuz sıfır beş beş beş iki dört isim [AD],True,True,False
422,beyaz_liste,"uzun,olmayan_etiket_talebi",Maskeleme talimatı: sadece sözleşme numarası ve ad-soyad bilgisi ve [POLICE_NO].,poliçemi yenilemek istiyorum poliçe no POL-7377995 doğum tarihim 24.09.1972. aidat iadesi için ıban paylaşıyorum TR altı üç sekiz bir sekiz bir beş dört dokuz altı iki sıfır ... isim Natalia Çelik. aile durumu yeni evli olarak güncellendi onaylıyor musunuz. çocuğumun okul servisi için adres Mimar Sinan Mah. Akasya Bulv. No:209 D:18 Pamukkale/Muğla tel sıfır beş üç sekiz beş dokuz dokuz sıfır iki beş yedi,poliçemi yenilemek istiyorum poliçe no [POLICE_NO] doğum tarihim 24.09.1972. aidat iadesi için ıban paylaşıyorum TR altı üç sekiz bir sekiz bir beş dört dokuz altı iki sıfır ... isim [AD]. aile durumu yeni evli olarak güncellendi onaylıyor musunuz. çocuğumun okul servisi için adres Mimar Sinan Mah. Akasya Bulv. No:209 D:18 Pamukkale/Muğla tel sıfır beş üç sekiz beş dokuz dokuz sıfır iki beş yedi,[ADRES] [AD] [AILE] [DOGUM_TARIHI] [IBAN] [POLICE_NO] [TEL],[AD] [POLICE_NO],poliçemi yenilemek istiyorum poliçe no [POLICE_NO] doğum tarihim 24.09.1972. aidat iadesi için ıban paylaşıyorum TR altı üç sekiz bir sekiz bir beş dört dokuz altı iki sıfır ... isim [AD]. aile durumu yeni evli olarak güncellendi onaylıyor musunuz. çocuğumun okul servisi için adres Mimar Sinan Mah. Akasya Bulv. No:209 D:18 Pamukkale/Muğla tel sıfır beş üç sekiz beş dokuz dokuz sıfır iki beş yedi,True,True,False
423,beyaz_liste,uzun,Maskeleme talimatı: sadece doğum tarihi ve [YAS].,kan grubum B Rh negatif acil kartıma işlensin. işe giriş evrakları için sgk no 3692 9796 4637 5 gerekiyormuş. poliçemi yenilemek istiyorum poliçe no P685595975 doğum tarihim 13.02.1975. aile durumu üç kardeşi var olarak güncellendi onaylıyor musunuz. yurtdışı harcama onayı pasaport U61927209 kart elli otuz sekiz otuz altı kırk beş sıfır bir yetmiş yedi otuz yedi seksen sekiz. çalışan Dilara Akçay Trabzon Devlet Hastanesi bünyesinde 85 yaşında kadın,kan grubum B Rh negatif acil kartıma işlensin. işe giriş evrakları için sgk no 3692 9796 4637 5 gerekiyormuş. poliçemi yenilemek istiyorum poliçe no P685595975 doğum tarihim [DOGUM_TARIHI]. aile durumu üç kardeşi var olarak güncellendi onaylıyor musunuz. yurtdışı harcama onayı pasaport U61927209 kart elli otuz sekiz otuz altı kırk beş sıfır bir yetmiş yedi otuz yedi seksen sekiz. çalışan Dilara Akçay Trabzon Devlet Hastanesi bünyesinde [YAS] yaşında kadın,[AD] [AILE] [CINSIYET] [DOGUM_TARIHI] [ISYERI] [KAN_GRUBU] [KART] [PASAPORT_NO] [POLICE_NO] [SGK_NO] [YAS],[DOGUM_TARIHI] [YAS],kan grubum B Rh negatif acil kartıma işlensin. işe giriş evrakları için sgk no 3692 9796 4637 5 gerekiyormuş. poliçemi yenilemek istiyorum poliçe no P685595975 doğum tarihim [DOGUM_TARIHI]. aile durumu üç kardeşi var olarak güncellendi onaylıyor musunuz. yurtdışı harcama onayı pasaport U61927209 kart elli otuz sekiz otuz altı kırk beş sıfır bir yetmiş yedi otuz yedi seksen sekiz. çalışan Dilara Akçay Trabzon Devlet Hastanesi bünyesinde 85 yaşında kadın,False,False,False
424,beyaz_liste,sozle,Kapsam yalnızca [KART]; diğer kişisel veriler bu sefer açık kalacak.,internetten yaptığım ödeme görünmüyor kart no sekiz üç sekiz dört beş sıfır beş altı dört sekiz dört dört dokuz beş sıfır dört skt 08/2029,internetten yaptığım ödeme görünmüyor kart no [KART] skt 08/2029,[KART] [KART_SKT],[KART],internetten yaptığım ödeme görünmüyor kart no [KART] skt 08/2029,True,True,False
425,beyaz_liste,kayit,Yalnız adres bilgisi gizlenecek; başka hiçbir şey değişmeyecek.,"başvuru detayları: motor no O41B330936, imza kaydı imza hash 004bb574, adresi Güzelyalı Mah. Defne Sokak No:24 Pendik/Gaziantep, referansı Kenter Çakır, doğum yeri Samsun, cinsiyeti kadın","başvuru detayları: motor no O41B330936, imza kaydı imza hash 004bb574, adresi [ADRES], referansı Kenter Çakır, doğum yeri Samsun, cinsiyeti kadın",[ADRES] [CINSIYET] [DOGUM_YERI] [IMZA] [MOTOR_NO] [REFERANS],[ADRES],"başvuru detayları: motor no O41B330936, imza kaydı imza hash 004bb574, adresi [ADRES], referansı Kenter Çakır, doğum yeri Samsun, cinsiyeti kadın",True,True,False
426,beyaz_liste,"caps,olmayan_etiket_talebi",Bu talepte tek hedef [SOZLESME_NO] ve kullanıcı adı; başka alan etiketlenmeyecek.,UYGULAMAYA GİREMİYORUM KULLANICI ADIM DENİZSİMSEK45 ŞİFREMİ TOROS1487! YAPMIŞTIM,UYGULAMAYA GİREMİYORUM KULLANICI ADIM [KULLANICI_ADI] ŞİFREMİ TOROS1487! YAPMIŞTIM,[KULLANICI_ADI] [SIFRE],[KULLANICI_ADI],UYGULAMAYA GİREMİYORUM KULLANICI ADIM DENİZSİMSEK45 ŞİFREMİ [SIFRE] YAPMIŞTIM,False,True,False
427,beyaz_liste,duz,Kapsam yalnızca vatandaşlık bilgisi; diğer kişisel veriler bu sefer açık kalacak.,yabancı müşteri kaydı uyruğu Suriye pasaport A91616249,yabancı müşteri kaydı uyruğu [UYRUK] pasaport A91616249,[PASAPORT_NO] [UYRUK],[UYRUK],yabancı müşteri kaydı uyruğu [UYRUK] pasaport [PASAPORT_NO],False,False,False
428,beyaz_liste,kayit,Bu talepte tek hedef parola; başka alan etiketlenmeyecek.,"yeni müşteri kaydı: engel durumu işitme engelli raporu var, sözleşme no 2028/1413-A, şifresi Ege1213., kredi notu 855, sağlık notu penisilin alerjisi, kullanıcı adı umuteroglu58, cihaz id QJZX-SVKX-IRVW","yeni müşteri kaydı: engel durumu işitme engelli raporu var, sözleşme no 2028/1413-A, şifresi [SIFRE], kredi notu 855, sağlık notu penisilin alerjisi, kullanıcı adı umuteroglu58, cihaz id QJZX-SVKX-IRVW",[CIHAZ_ID] [ENGEL_DURUMU] [KREDI_NOTU] [KULLANICI_ADI] [SAGLIK] [SIFRE] [SOZLESME_NO],[SIFRE],"yeni müşteri kaydı: engel durumu işitme engelli raporu var, sözleşme no 2028/1413-A, şifresi Ege1213., kredi notu 855, sağlık notu [SAGLIK], kullanıcı adı [KULLANICI_ADI], cihaz id QJZX-SVKX-IRVW",False,True,False
429,beyaz_liste,ekli,Yalnız mail adresi gizlenecek; başka hiçbir şey değişmeyecek.,pinarsener13@mynet.com'dan gelen talebi Barış Sezgin'e yönlendirin,[EMAIL]'dan gelen talebi Barış Sezgin'e yönlendirin,[AD] [EMAIL],[EMAIL],pinarsener13@mynet.com'dan gelen talebi Barış Sezgin'e yönlendirin,False,True,False
430,beyaz_liste,olmayan_etiket_talebi,Yalnız [VERGI_NO] ve [IBAN] gizlenecek; başka hiçbir şey değişmeyecek.,aidat iadesi için ıban paylaşıyorum TR78 1417 3298 7925 2424 1236 80 isim Osman Aslan,aidat iadesi için ıban paylaşıyorum [IBAN] isim Osman Aslan,[AD] [IBAN],[IBAN],aidat iadesi için ıban paylaşıyorum [IBAN] isim Osman Aslan,True,True,False
431,beyaz_liste,olmayan_etiket_talebi,Bu metinde MAC adresi ve SGK no dışında hiçbir şeyi maskeleme.,vpn erişimi açılsın ip 58.185.144.12 mac 51:6A:8F:9F:1F:15,vpn erişimi açılsın ip 58.185.144.12 mac [MAC_ADRES],[IP_ADRES] [MAC_ADRES],[MAC_ADRES],vpn erişimi açılsın ip 58.185.144.12 mac [MAC_ADRES],True,True,False
432,beyaz_liste,caps,Bu metinde uyruk dışında hiçbir şeyi maskeleme.,YABANCI MÜŞTERİ KAYDI UYRUĞU İRAN PASAPORT A91756653,YABANCI MÜŞTERİ KAYDI UYRUĞU [UYRUK] PASAPORT A91756653,[PASAPORT_NO] [UYRUK],[UYRUK],YABANCI MÜŞTERİ KAYDI UYRUĞU İRAN PASAPORT A91756653,False,False,False
433,beyaz_liste,olmayan_etiket_talebi,"ruhsat numarası ve sözleşme numarası alanını etiketle, kalan her şeyi aynen bırak.",şirket aracının muayenesi yaklaştı plaka 63 DKY 5703 ruhsat no RT-368582,şirket aracının muayenesi yaklaştı plaka 63 DKY 5703 ruhsat no [RUHSAT_NO],[PLAKA] [RUHSAT_NO],[RUHSAT_NO],şirket aracının muayenesi yaklaştı plaka 63 DKY 5703 ruhsat no RT-368582,False,True,False
434,beyaz_liste,kayit,"Sadece motor numarası ve [KREDI_NOTU] için maskeleme yap, gerisi olduğu gibi kalsın.","yeni müşteri kaydı: köken bilgisi Laz, kredi notu 1353, konum 39.4769, 29.9189, kart no dört sıfır dokuz yedi sekiz dört sekiz iki dört üç sekiz dört iki bir sekiz sıfır, maaşı 140 bin TL, motor no K16B029576, aile durumu eşi vefat etmiş, hesap no 271461568251, tc si 63641267218","yeni müşteri kaydı: köken bilgisi Laz, kredi notu [KREDI_NOTU], konum 39.4769, 29.9189, kart no dört sıfır dokuz yedi sekiz dört sekiz iki dört üç sekiz dört iki bir sekiz sıfır, maaşı 140 bin TL, motor no [MOTOR_NO], aile durumu eşi vefat etmiş, hesap no 271461568251, tc si 63641267218",[AILE] [ETNIK_KOKEN] [HESAP_NO] [KART] [KONUM] [KREDI_NOTU] [MAAS] [MOTOR_NO] [TCKN],[KREDI_NOTU] [MOTOR_NO],"yeni müşteri kaydı: köken bilgisi Laz, kredi notu [KREDI_NOTU], konum 39.4769, 29.9189, kart no dört sıfır dokuz yedi sekiz dört sekiz iki dört üç sekiz dört iki bir sekiz sıfır, maaşı 140 bin TL, motor no [MOTOR_NO], aile durumu eşi vefat etmiş, hesap no 271461568251, tc si 63641267218",True,True,False
435,beyaz_liste,"sozle,olmayan_etiket_talebi",Kapsam yalnızca T.C. kimlik numarası ve biyometrik veri; diğer kişisel veriler bu sefer açık kalacak.,kredi başvurumun durumunu öğrenmek istiyorum adım Sevgen Bilir tc dokuz yedi yedi üç sıfır iki sekiz yedi üç üç dört altı dört sıfır beş dokuz,kredi başvurumun durumunu öğrenmek istiyorum adım Sevgen Bilir tc [TCKN],[AD] [TCKN],[TCKN],kredi başvurumun durumunu öğrenmek istiyorum adım Sevgen Bilir tc [TCKN],True,True,False
436,beyaz_liste,duz,Bu metinde kart numarası dışında hiçbir şeyi maskeleme.,yurtdışı harcama onayı pasaport U94929110 kart kırk üç sıfır yedi yirmi altı otuz bir yetmiş sekiz altmış dokuz elli beş yirmi yedi,yurtdışı harcama onayı pasaport U94929110 kart [KART],[KART] [PASAPORT_NO],[KART],yurtdışı harcama onayı pasaport U94929110 kart kırk üç sıfır yedi yirmi altı otuz bir yetmiş sekiz altmış dokuz elli beş yirmi yedi,False,True,False
437,beyaz_liste,"kayit,olmayan_etiket_talebi",Bu talepte tek hedef [SENDIKA] ve [SICIL_NO] ve şifre; başka alan etiketlenmeyecek.,"başvuru detayları: şifresi Toros_6289+, biyometrik kaydı yüz tanıma verisi, adli kaydı adli para cezası kaydı, sicil no SC7542, IBAN TR sıfır yedi beş dokuz iki bir üç beş dokuz iki sıfır dokuz ..., plaka 38 V 9707, imei 557635572560359, mail adresi osmancakir44@mynet.com","başvuru detayları: şifresi [SIFRE], biyometrik kaydı yüz tanıma verisi, adli kaydı adli para cezası kaydı, sicil no [SICIL_NO], IBAN TR sıfır yedi beş dokuz iki bir üç beş dokuz iki sıfır dokuz ..., plaka 38 V 9707, imei 557635572560359, mail adresi osmancakir44@mynet.com",[BIYOMETRIK] [CEZA_KAYDI] [EMAIL] [IBAN] [IMEI] [PLAKA] [SICIL_NO] [SIFRE],[SICIL_NO] [SIFRE],"başvuru detayları: şifresi Toros_6289+, biyometrik kaydı yüz tanıma verisi, adli kaydı [CEZA_KAYDI], sicil no SC7542, IBAN [IBAN], plaka 38 V 9707, imei [IMEI], mail adresi [EMAIL]",False,True,False
438,beyaz_liste,kayit,"[KRIPTO_CUZDAN] alanını etiketle, kalan her şeyi aynen bırak.","personel dosyası güncellemesi: cinsiyeti erkek, sicil no 24740, cüzdan adresi Tp50dw9h2AOfHhZ7w2z2gliREIDuWnyiDq, hesap no 1557 609450, sendika bilgisi Banka Çalışanları Sendikası üyesi, anne kızlık soyadı Kurt, cvv 639, sağlık notu epilepsi tanısı, cihaz id TXPK-AZAL-W9QI","personel dosyası güncellemesi: cinsiyeti erkek, sicil no 24740, cüzdan adresi [KRIPTO_CUZDAN], hesap no 1557 609450, sendika bilgisi Banka Çalışanları Sendikası üyesi, anne kızlık soyadı Kurt, cvv 639, sağlık notu epilepsi tanısı, cihaz id TXPK-AZAL-W9QI",[ANNE_KIZLIK] [CIHAZ_ID] [CINSIYET] [CVV] [HESAP_NO] [KRIPTO_CUZDAN] [SAGLIK] [SENDIKA] [SICIL_NO],[KRIPTO_CUZDAN],"personel dosyası güncellemesi: cinsiyeti [CINSIYET], sicil no [SICIL_NO], cüzdan adresi Tp50dw9h2AOfHhZ7w2z2gliREIDuWnyiDq, hesap no [HESAP_NO], sendika bilgisi [SENDIKA], anne kızlık soyadı [ANNE_KIZLIK], cvv [CVV], sağlık notu [SAGLIK], cihaz id [CIHAZ_ID]",False,True,False
439,beyaz_liste,olmayan_etiket_talebi,Bu talepte tek hedef anne kızlık soyadı ve plaka; başka alan etiketlenmeyecek.,şirket aracının muayenesi yaklaştı plaka 31 PV 6407 ruhsat no FL-724216,şirket aracının muayenesi yaklaştı plaka [PLAKA] ruhsat no FL-724216,[PLAKA] [RUHSAT_NO],[PLAKA],şirket aracının muayenesi yaklaştı plaka 31 PV 6407 ruhsat no [RUHSAT_NO],False,True,False
440,beyaz_liste,duz,"Sadece pasaport numarası için maskeleme yap, gerisi olduğu gibi kalsın.",yurtdışı harcama onayı pasaport A20677336 kart kırk yedi altmış beş yetmiş dokuz seksen beş otuz iki otuz otuz sekiz seksen üç,yurtdışı harcama onayı pasaport [PASAPORT_NO] kart kırk yedi altmış beş yetmiş dokuz seksen beş otuz iki otuz otuz sekiz seksen üç,[KART] [PASAPORT_NO],[PASAPORT_NO],yurtdışı harcama onayı pasaport [PASAPORT_NO] kart kırk yedi altmış beş yetmiş dokuz seksen beş otuz iki otuz otuz sekiz seksen üç,True,True,False
441,beyaz_liste,duz,Bu talepte tek hedef [SASI_NO]; başka alan etiketlenmeyecek.,araç satışı için şasi 75TMUXS0D6SMMW8E2 motor M13D260239 sorgulanacak,araç satışı için şasi [SASI_NO] motor M13D260239 sorgulanacak,[MOTOR_NO] [SASI_NO],[SASI_NO],araç satışı için şasi [SASI_NO] motor M13D260239 sorgulanacak,True,True,False
442,beyaz_liste,duz,"Sadece kart numarası için maskeleme yap, gerisi olduğu gibi kalsın.",yurtdışı harcama onayı pasaport U37173258 kart 4160119633824063,yurtdışı harcama onayı pasaport U37173258 kart [KART],[KART] [PASAPORT_NO],[KART],yurtdışı harcama onayı pasaport U37173258 kart [KART],True,True,False
443,beyaz_liste,olmayan_etiket_talebi,Maskeleme talimatı: sadece [ANNE_ADI] ve IMEI numarası.,"kayıp cihaz bildirimi imei 765674313830588 son konum 37.7397, 31.4335","kayıp cihaz bildirimi imei [IMEI] son konum 37.7397, 31.4335",[IMEI] [KONUM],[IMEI],"kayıp cihaz bildirimi imei [IMEI] son konum 37.7397, 31.4335",True,True,False
444,beyaz_liste,"kayit,olmayan_etiket_talebi",Maskeleme talimatı: sadece pasaport numarası ve IP adresi ve SGK sicil numarası.,"yeni müşteri kaydı: vergi no 2775162054, plaka 70 B 2182, sgk no 2825 4229 6309 9, cvv 333, pasaport no U18605527, ıban TR64 7861 7088 3172 5026 1984 61, sendika bilgisi Tez-Koop-İş üyesi, kan grubu 0 Rh pozitif","yeni müşteri kaydı: vergi no 2775162054, plaka 70 B 2182, sgk no [SGK_NO], cvv 333, pasaport no [PASAPORT_NO], ıban TR64 7861 7088 3172 5026 1984 61, sendika bilgisi Tez-Koop-İş üyesi, kan grubu 0 Rh pozitif",[CVV] [IBAN] [KAN_GRUBU] [PASAPORT_NO] [PLAKA] [SENDIKA] [SGK_NO] [VERGI_NO],[PASAPORT_NO] [SGK_NO],"yeni müşteri kaydı: vergi no 2775162054, plaka 70 B 2182, sgk no [SGK_NO], cvv 333, pasaport no [PASAPORT_NO], ıban TR64 7861 7088 3172 5026 1984 61, sendika bilgisi Tez-Koop-İş üyesi, kan grubu 0 Rh pozitif",True,True,False
445,beyaz_liste,kayit,Bu metinde ev/iş adresi dışında hiçbir şeyi maskeleme.,"sisteme girilecek kayıt: sağlık notu tiroit ilacı kullanımı, skt 04/2027, gsm (532) 228 57 93, sicil no SC2572, vergi no 2100698144, pasaport no U42980488, imza kaydı dijital imza özeti D16041, adresi Kültür Mah. Lale Cad. No:4 Kat:8 Pamukkale/Hatay, engel durumu işitme engelli raporu var","sisteme girilecek kayıt: sağlık notu tiroit ilacı kullanımı, skt 04/2027, gsm (532) 228 57 93, sicil no SC2572, vergi no 2100698144, pasaport no U42980488, imza kaydı dijital imza özeti D16041, adresi [ADRES], engel durumu işitme engelli raporu var",[ADRES] [ENGEL_DURUMU] [IMZA] [KART_SKT] [PASAPORT_NO] [SAGLIK] [SICIL_NO] [TEL] [VERGI_NO],[ADRES],"sisteme girilecek kayıt: sağlık notu [SAGLIK], skt 04/2027, gsm (532) 228 57 93, sicil no SC2572, vergi no 2100698144, pasaport no [PASAPORT_NO], imza kaydı dijital imza özeti D16041, adresi [ADRES], engel durumu işitme engelli raporu var",False,True,False
446,beyaz_liste,kayit,Maskeleme talimatı: sadece şasi numarası ve sendika üyeliği bilgisi.,"sisteme girilecek kayıt: kan grubu 0 Rh negatif, adli kaydı trafik cezası kaydı, sendika bilgisi Bass-Sen üyesi, engel durumu işitme engelli raporu var, şasi no 7C7T2NUY7UDM1RKHN, maaşı aylık 25.000 TL, pin 494931, ehliyet no F8942284","sisteme girilecek kayıt: kan grubu 0 Rh negatif, adli kaydı trafik cezası kaydı, sendika bilgisi [SENDIKA], engel durumu işitme engelli raporu var, şasi no [SASI_NO], maaşı aylık 25.000 TL, pin 494931, ehliyet no F8942284",[CEZA_KAYDI] [EHLIYET_NO] [ENGEL_DURUMU] [KAN_GRUBU] [MAAS] [PIN] [SASI_NO] [SENDIKA],[SASI_NO] [SENDIKA],"sisteme girilecek kayıt: kan grubu 0 Rh negatif, adli kaydı trafik cezası kaydı, sendika bilgisi [SENDIKA], engel durumu işitme engelli raporu var, şasi no [SASI_NO], maaşı aylık 25.000 TL, pin 494931, ehliyet no F8942284",True,True,False
447,beyaz_liste,duz,Bu metinde [CINSIYET] ve çalıştığı kurum dışında hiçbir şeyi maskeleme.,çalışan Burak Zengin Antalya Üniversitesi bünyesinde 73 yaşında erkek,çalışan Burak Zengin [ISYERI] bünyesinde 73 yaşında [CINSIYET],[AD] [CINSIYET] [ISYERI] [YAS],[CINSIYET] [ISYERI],çalışan Burak Zengin [ISYERI] bünyesinde 73 yaşında erkek,False,False,False
448,beyaz_liste,"kayit,olmayan_etiket_talebi","Sadece ruhsat numarası ve [BABA_ADI] ve parola için maskeleme yap, gerisi olduğu gibi kalsın.","bayi ekranından gelen kayıt: plaka 75 YEH 2654, kullanıcı adı gulserefayd40, adresi Yıldız Mah. Menekşe Sok. No:32 Kat:8 Esenyurt/Sivas, adı Duyguhan Karaca, vergi no 9541731934, baba adı Arda, tc kimlik no 6483 6787 740, işyeri Bereket Tekstil AŞ, şifresi Fener_5742!","bayi ekranından gelen kayıt: plaka 75 YEH 2654, kullanıcı adı gulserefayd40, adresi Yıldız Mah. Menekşe Sok. No:32 Kat:8 Esenyurt/Sivas, adı Duyguhan Karaca, vergi no 9541731934, baba adı [BABA_ADI], tc kimlik no 6483 6787 740, işyeri Bereket Tekstil AŞ, şifresi [SIFRE]",[ADRES] [AD] [BABA_ADI] [ISYERI] [KULLANICI_ADI] [PLAKA] [SIFRE] [TCKN] [VERGI_NO],[BABA_ADI] [SIFRE],"bayi ekranından gelen kayıt: plaka 75 YEH 2654, kullanıcı adı gulserefayd40, adresi Yıldız Mah. Menekşe Sok. No:32 Kat:8 Esenyurt/Sivas, adı Duyguhan Karaca, vergi no 9541731934, baba adı [BABA_ADI], tc kimlik no 6483 6787 740, işyeri Bereket Tekstil AŞ, şifresi [SIFRE]",True,True,False
449,beyaz_liste,duz,Yalnız anne adı gizlenecek; başka hiçbir şey değişmeyecek.,babamın adı Gökhan annemin adı Pınar form böyle istiyor,babamın adı Gökhan annemin adı [ANNE_ADI] form böyle istiyor,[ANNE_ADI] [BABA_ADI],[ANNE_ADI],babamın adı Gökhan annemin adı [ANNE_ADI] form böyle istiyor,True,True,False
450,beyaz_liste,"uzun,olmayan_etiket_talebi","Sadece [CIHAZ_ID] ve IP adresi ve cinsiyet için maskeleme yap, gerisi olduğu gibi kalsın.","kayıp cihaz bildirimi imei 347257355204900 son konum 39.6936, 41.1198. vpn erişimi açılsın ip 44.44.246.50 mac B2:D5:53:DC:5D:C9. sendika kesintisi neden yapıldı sendika üyeliği yok görünüyorum. cihaz eşleştirme kodu DPOH-G2W8-MPR9 kabul edilmiyor. biyometrik girişte sorun var iris taraması eşleşmiyor. adli sicil belgemde icra takibi kaydı ibaresi var işe engel mi","kayıp cihaz bildirimi imei 347257355204900 son konum 39.6936, 41.1198. vpn erişimi açılsın ip [IP_ADRES] mac B2:D5:53:DC:5D:C9. sendika kesintisi neden yapıldı sendika üyeliği yok görünüyorum. cihaz eşleştirme kodu [CIHAZ_ID] kabul edilmiyor. biyometrik girişte sorun var iris taraması eşleşmiyor. adli sicil belgemde icra takibi kaydı ibaresi var işe engel mi",[BIYOMETRIK] [CEZA_KAYDI] [CIHAZ_ID] [IMEI] [IP_ADRES] [KONUM] [MAC_ADRES] [SENDIKA],[CIHAZ_ID] [IP_ADRES],"kayıp cihaz bildirimi imei 347257355204900 son konum 39.6936, 41.1198. vpn erişimi açılsın ip [IP_ADRES] mac B2:D5:53:DC:5D:C9. sendika kesintisi neden yapıldı sendika üyeliği yok görünüyorum. cihaz eşleştirme kodu [CIHAZ_ID] kabul edilmiyor. biyometrik girişte sorun var iris taraması eşleşmiyor. adli sicil belgemde icra takibi kaydı ibaresi var işe engel mi",True,True,False
451,kara_liste,kayit,Her şeyi maskele ama kart güvenlik kodu dokunulmadan kalsın.,"yeni müşteri kaydı: kullanıcı adı hyilmaz56, cvv 723, engel durumu %40 engelli raporu, din hanesi Agnostik, adli kaydı ertelenmiş hapis cezası","yeni müşteri kaydı: kullanıcı adı [KULLANICI_ADI], cvv 723, engel durumu [ENGEL_DURUMU], din hanesi [DIN], adli kaydı [CEZA_KAYDI]",[CEZA_KAYDI] [CVV] [DIN] [ENGEL_DURUMU] [KULLANICI_ADI],[CEZA_KAYDI] [DIN] [ENGEL_DURUMU] [KULLANICI_ADI],"yeni müşteri kaydı: kullanıcı adı [KULLANICI_ADI], cvv 723, engel durumu [ENGEL_DURUMU], din hanesi [DIN], adli kaydı [CEZA_KAYDI]",True,True,False
452,kara_liste,kayit,adli sicil bilgisi açıkta kalsın; kalan tüm kişisel verileri etiketle.,"başvuru detayları: poliçe no P858359068, doğum tarihi 05/05/1951, kredi notu 845, şasi no A6MPLFHE9LDV7FJCR, müşteri Arıel İhsanoğlu, adli kaydı kesinleşmiş hükmü yok, işyeri Atlas Kimya A.Ş., imza kaydı e-imza sertifika seri no 2331238636, ruhsat no VN-697817","başvuru detayları: poliçe no [POLICE_NO], doğum tarihi [DOGUM_TARIHI], kredi notu [KREDI_NOTU], şasi no [SASI_NO], müşteri [AD], adli kaydı kesinleşmiş hükmü yok, işyeri [ISYERI], imza kaydı [IMZA], ruhsat no [RUHSAT_NO]",[AD] [CEZA_KAYDI] [DOGUM_TARIHI] [IMZA] [ISYERI] [KREDI_NOTU] [POLICE_NO] [RUHSAT_NO] [SASI_NO],[AD] [DOGUM_TARIHI] [IMZA] [ISYERI] [KREDI_NOTU] [POLICE_NO] [RUHSAT_NO] [SASI_NO],"başvuru detayları: poliçe no [POLICE_NO], doğum tarihi [DOGUM_TARIHI], kredi notu [KREDI_NOTU], şasi no [SASI_NO], müşteri [AD], adli kaydı kesinleşmiş hükmü yok, işyeri [ISYERI], imza kaydı [IMZA], ruhsat no [RUHSAT_NO]",True,True,False
453,kara_liste,uzun,"Maskeleme yaparken [YAS] atlanacak, diğer her kişisel veri etiketlenecek.","din hanesi Deist olarak görünüyor değiştirmek istiyorum. adli sicil belgemde kesinleşmiş hükmü yok ibaresi var işe engel mi. yabancı müşteri kaydı uyruğu Afgan pasaport A96808292. kayıp cihaz bildirimi imei 351853385503019 son konum 36.2369, 28.0326. çalışan Eren Öztürk Tekirdağ Devlet Hastanesi bünyesinde 75 yaşında kadın. internetten yaptığım ödeme görünmüyor kart no 4784882141361877 skt 05/2031",din hanesi [DIN] olarak görünüyor değiştirmek istiyorum. adli sicil belgemde [CEZA_KAYDI] ibaresi var işe engel mi. yabancı müşteri kaydı uyruğu [UYRUK] pasaport [PASAPORT_NO]. kayıp cihaz bildirimi imei [IMEI] son konum [KONUM]. çalışan [AD] [ISYERI] bünyesinde 75 yaşında [CINSIYET]. internetten yaptığım ödeme görünmüyor kart no [KART] skt [KART_SKT],[AD] [CEZA_KAYDI] [CINSIYET] [DIN] [IMEI] [ISYERI] [KART] [KART_SKT] [KONUM] [PASAPORT_NO] [UYRUK] [YAS],[AD] [CEZA_KAYDI] [CINSIYET] [DIN] [IMEI] [ISYERI] [KART] [KART_SKT] [KONUM] [PASAPORT_NO] [UYRUK],din hanesi [DIN] olarak görünüyor değiştirmek istiyorum. adli sicil belgemde [CEZA_KAYDI] ibaresi var işe engel mi. yabancı müşteri kaydı uyruğu [UYRUK] pasaport [PASAPORT_NO]. kayıp cihaz bildirimi imei [IMEI] son konum [KONUM]. çalışan [AD] [ISYERI] bünyesinde [YAS] yaşında [AILE]. internetten yaptığım ödeme görünmüyor kart no [KART] skt [KART],False,False,False
454,kara_liste,uzun,e-posta adresi haricindeki bütün PII maskelenecek.,cihaz eşleştirme kodu CPCC-OWMK-1SE4 kabul edilmiyor. şoför belgem yenilendi ehliyet no B2604698. kartımın cvv si 902 pin i 047197 kimseyle paylaşmadım ama şüpheli işlem var. sözleşme feshi talep ediyorum sözleşme no 2027/1724-A tc 57818787630. çocuğumun okul servisi için adres Güzelyalı Mah. Zambak Bulvarı No:138 D:19 Pendik/Kayseri tel +90 535 895 59 58. hesap hareketlerimi irem1953@hotmail.com adresine gönderin müşteri no MU8439674,cihaz eşleştirme kodu [CIHAZ_ID] kabul edilmiyor. şoför belgem yenilendi ehliyet no [EHLIYET_NO]. kartımın cvv si [CVV] pin i [PIN] kimseyle paylaşmadım ama şüpheli işlem var. sözleşme feshi talep ediyorum sözleşme no [SOZLESME_NO] tc [TCKN]. çocuğumun okul servisi için adres [ADRES] tel [TEL]. hesap hareketlerimi irem1953@hotmail.com adresine gönderin müşteri no [MUSTERI_NO],[ADRES] [CIHAZ_ID] [CVV] [EHLIYET_NO] [EMAIL] [MUSTERI_NO] [PIN] [SOZLESME_NO] [TCKN] [TEL],[ADRES] [CIHAZ_ID] [CVV] [EHLIYET_NO] [MUSTERI_NO] [PIN] [SOZLESME_NO] [TCKN] [TEL],cihaz eşleştirme kodu [CIHAZ_ID] kabul edilmiyor. şoför belgem yenilendi ehliyet no [EHLIYET_NO]. kartımın cvv si [CVV] pin [PIN] kimseyle paylaşmadım ama şüpheli işlem var. sözleşme feshi talep ediyorum sözleşme no [SOZLESME_NO] tc [TCKN]. çocuğumun okul servisi için adres [ADRES] tel [TEL]. hesap hareketlerimi irem1953@hotmail.com adresine gönderin müşteri no [MUSTERI_NO],False,True,False
455,kara_liste,kayit,[RUHSAT_NO] açıkta kalsın; kalan tüm kişisel verileri etiketle.,"yeni müşteri kaydı: pasaport no U82649564, kredi notu 878, pin 293347, tc kimlik no 90219941768, ruhsat no VC-371575, kullanıcı adı furkanuca39","yeni müşteri kaydı: pasaport no [PASAPORT_NO], kredi notu [KREDI_NOTU], pin [PIN], tc kimlik no [TCKN], ruhsat no VC-371575, kullanıcı adı [KULLANICI_ADI]",[KREDI_NOTU] [KULLANICI_ADI] [PASAPORT_NO] [PIN] [RUHSAT_NO] [TCKN],[KREDI_NOTU] [KULLANICI_ADI] [PASAPORT_NO] [PIN] [TCKN],"yeni müşteri kaydı: pasaport no [PASAPORT_NO], kredi notu [KREDI_NOTU], pin [PIN], tc kimlik no [TCKN], ruhsat no VC-371575, kullanıcı adı [KULLANICI_ADI]",True,True,False
456,kara_liste,duz,T.C. kimlik numarası istisna; onun dışındaki tüm kişisel alanları gizle.,kredi başvurumun durumunu öğrenmek istiyorum adım Osman Bulut tc 47964653576,kredi başvurumun durumunu öğrenmek istiyorum adım [AD] tc 47964653576,[AD] [TCKN],[AD],kredi başvurumun durumunu öğrenmek istiyorum adım [AD] tc 47964653576,True,True,False
457,kara_liste,duz,Her şeyi maskele ama [KULLANICI_ADI] dokunulmadan kalsın.,uygulamaya giremiyorum kullanıcı adım duygudem54 şifremi Kar-5533+ yapmıştım,uygulamaya giremiyorum kullanıcı adım duygudem54 şifremi [SIFRE] yapmıştım,[KULLANICI_ADI] [SIFRE],[SIFRE],uygulamaya giremiyorum kullanıcı adım duygudem54 şifremi [SIFRE] yapmıştım,True,True,False
458,kara_liste,duz,pasaport numarası haricindeki bütün PII maskelenecek.,yurtdışı harcama onayı pasaport U24034154 kart 5627144391650147,yurtdışı harcama onayı pasaport U24034154 kart [KART],[KART] [PASAPORT_NO],[KART],yurtdışı harcama onayı pasaport U24034154 kart [KART],True,True,False
459,kara_liste,kayit,Her şeyi maskele ama [ADRES] ve [BIYOMETRIK] dokunulmadan kalsın.,"bayi ekranından gelen kayıt: ip 113.189.236.248, cihaz id MMRC-UCHY-4ODO, motor no K27N389120, adresi Çamlık Mah. Sedir Bulv. No:179 D:21 Melikgazi/Malatya, hesap no 611653970692, anne adı Gizem, biyometrik kaydı iris taraması, köken bilgisi Süryani","bayi ekranından gelen kayıt: ip [IP_ADRES], cihaz id [CIHAZ_ID], motor no [MOTOR_NO], adresi Çamlık Mah. Sedir Bulv. No:179 D:21 Melikgazi/Malatya, hesap no [HESAP_NO], anne adı [ANNE_ADI], biyometrik kaydı iris taraması, köken bilgisi [ETNIK_KOKEN]",[ADRES] [ANNE_ADI] [BIYOMETRIK] [CIHAZ_ID] [ETNIK_KOKEN] [HESAP_NO] [IP_ADRES] [MOTOR_NO],[ANNE_ADI] [CIHAZ_ID] [ETNIK_KOKEN] [HESAP_NO] [IP_ADRES] [MOTOR_NO],"bayi ekranından gelen kayıt: [IMZA], cihaz id [CIHAZ_ID], motor no [MOTOR_NO], adresi Çamlık Mah. Sedir Bulv. No:179 D:21 Melikgazi/Malatya, hesap no [HESAP_NO], anne adı [ANNE_ADI], biyometrik kaydı iris taraması, köken bilgisi [ETNIK_KOKEN]",False,True,False
460,kara_liste,kayit,"Maskeleme yaparken şifre atlanacak, diğer her kişisel veri etiketlenecek.","acil güncellenecek bilgiler: engel durumu engel durumu yok, şifresi Ege-7448#, cihaz id VZK5-LEDN-1MYE, doğum tarihi 6 Mart 1959, kullanıcı adı evrimer_hanc32, skt 09/2027, ruhsat no KK-750431","acil güncellenecek bilgiler: engel durumu [ENGEL_DURUMU], şifresi Ege-7448#, cihaz id [CIHAZ_ID], doğum tarihi [DOGUM_TARIHI], kullanıcı adı [KULLANICI_ADI], skt [KART_SKT], ruhsat no [RUHSAT_NO]",[CIHAZ_ID] [DOGUM_TARIHI] [ENGEL_DURUMU] [KART_SKT] [KULLANICI_ADI] [RUHSAT_NO] [SIFRE],[CIHAZ_ID] [DOGUM_TARIHI] [ENGEL_DURUMU] [KART_SKT] [KULLANICI_ADI] [RUHSAT_NO],"acil güncellenecek bilgiler: engel durumu [ENGEL_DURUMU], şifresi Ege-7448#, cihaz id [CIHAZ_ID], doğum tarihi [DOGUM_TARIHI], kullanıcı adı [KULLANICI_ADI], skt [KART], ruhsat no [RUHSAT_NO]",False,True,False
461,kara_liste,"uzun,caps",sözleşme numarası açıkta kalsın; kalan tüm kişisel verileri etiketle.,"İNTERNETTEN YAPTIĞIM ÖDEME GÖRÜNMÜYOR KART NO BEŞ İKİ İKİ DÖRT ÜÇ BİR DOKUZ YEDİ DÖRT SIFIR DOKUZ DOKUZ BEŞ SEKİZ DOKUZ BEŞ SKT 08/29. PERSONELİN ENGEL DURUMU ENGEL DURUMU YOK OLARAK GÜNCELLENDİ. ŞİRKET ARACININ MUAYENESİ YAKLAŞTI PLAKA 52 M 5365 RUHSAT NO MD-082518. SÖZLEŞME FESHİ TALEP EDİYORUM SÖZLEŞME NO 8525-23070 TC 88358711304. ARAÇ SATIŞI İÇİN ŞASİ 88K64J5BV0KUL26XW MOTOR N90D291712 SORGULANACAK. KAYIP CİHAZ BİLDİRİMİ İMEİ 889528608581277 SON KONUM 38.6291, 26.4031",İNTERNETTEN YAPTIĞIM ÖDEME GÖRÜNMÜYOR KART NO [KART] SKT [KART_SKT]. PERSONELİN ENGEL DURUMU [ENGEL_DURUMU] OLARAK GÜNCELLENDİ. ŞİRKET ARACININ MUAYENESİ YAKLAŞTI PLAKA [PLAKA] RUHSAT NO [RUHSAT_NO]. SÖZLEŞME FESHİ TALEP EDİYORUM SÖZLEŞME NO 8525-23070 TC [TCKN]. ARAÇ SATIŞI İÇİN ŞASİ [SASI_NO] MOTOR [MOTOR_NO] SORGULANACAK. KAYIP CİHAZ BİLDİRİMİ İMEİ [IMEI] SON KONUM [KONUM],[ENGEL_DURUMU] [IMEI] [KART] [KART_SKT] [KONUM] [MOTOR_NO] [PLAKA] [RUHSAT_NO] [SASI_NO] [SOZLESME_NO] [TCKN],[ENGEL_DURUMU] [IMEI] [KART] [KART_SKT] [KONUM] [MOTOR_NO] [PLAKA] [RUHSAT_NO] [SASI_NO] [TCKN],İNTERNETTEN YAPTIĞIM ÖDEME GÖRÜNMÜYOR KART NO [KART] SKT [KART_SKT]. PERSONELİN ENGEL DURUMU [ENGEL_DURUMU] OLARAK GÜNCELLENDİ. ŞİRKET ARACININ MUAYENESİ YAKLAŞTI PLAKA [PLAKA] RUHSAT NO [RUHSAT_NO]. SÖZLEŞME FESHİ TALEP EDİYORUM SÖZLEŞME NO 8525-23070 TC [TCKN]. ARAÇ SATIŞI İÇİN ŞASİ [SASI_NO] MOTOR N90D291712 SORGULANACAK. KAYIP CİHAZ BİLDİRİMİ İMEİ [IMEI] SON KONUM [KONUM],False,True,False
462,kara_liste,duz,"Maskeleme yaparken doğum tarihi atlanacak, diğer her kişisel veri etiketlenecek.",poliçemi yenilemek istiyorum poliçe no P364765465 doğum tarihim 28 Haziran 1999,poliçemi yenilemek istiyorum poliçe no [POLICE_NO] doğum tarihim 28 Haziran 1999,[DOGUM_TARIHI] [POLICE_NO],[POLICE_NO],poliçemi yenilemek istiyorum poliçe no [POLICE_NO] doğum tarihim 28 Haziran 1999,True,True,False
463,kara_liste,kayit,Her şeyi maskele ama kan grubu dokunulmadan kalsın.,"sisteme girilecek kayıt: kan grubu AB Rh pozitif, 54 yaşında, müşteri no MU2058069, işyeri Pusula Tarım AŞ, pin 866540","sisteme girilecek kayıt: kan grubu AB Rh pozitif, [YAS] yaşında, müşteri no [MUSTERI_NO], işyeri [ISYERI], pin [PIN]",[ISYERI] [KAN_GRUBU] [MUSTERI_NO] [PIN] [YAS],[ISYERI] [MUSTERI_NO] [PIN] [YAS],"sisteme girilecek kayıt: kan grubu AB Rh pozitif, 54 yaşında, müşteri no [MUSTERI_NO], işyeri [ISYERI], pin [PIN]",False,False,False
464,kara_liste,kayit,IP adresi istisna; onun dışındaki tüm kişisel alanları gizle.,"başvuru detayları: kredi notu 397, ehliyet no E0740079, ip 155.220.50.166, cvv 339, adli kaydı kesinleşmiş hükmü yok, mail adresi yasemin.cetin@mynet.com, ruhsat no KM-351904, poliçe no POL-7599543","başvuru detayları: kredi notu [KREDI_NOTU], ehliyet no [EHLIYET_NO], ip 155.220.50.166, cvv [CVV], adli kaydı [CEZA_KAYDI], mail adresi [EMAIL], ruhsat no [RUHSAT_NO], poliçe no [POLICE_NO]",[CEZA_KAYDI] [CVV] [EHLIYET_NO] [EMAIL] [IP_ADRES] [KREDI_NOTU] [POLICE_NO] [RUHSAT_NO],[CEZA_KAYDI] [CVV] [EHLIYET_NO] [EMAIL] [KREDI_NOTU] [POLICE_NO] [RUHSAT_NO],"başvuru detayları: kredi notu [KREDI_NOTU], ehliyet no [EHLIYET_NO], ip 155.220.50.166, cvv [CVV], adli kaydı [CEZA_KAYDI], mail adresi [EMAIL], ruhsat no [RUHSAT_NO], poliçe no [POLICE_NO]",True,True,False
465,kara_liste,kayit,Her şeyi maskele ama vergi kimlik numarası ve e-imza bilgisi dokunulmadan kalsın.,"başvuru detayları: pin 600857, adli kaydı icra takibi kaydı, sağlık notu hipertansiyon tedavisi, ip 18.78.75.34, vergi no 4308498234, imza kaydı imza hash cd478a66, ilgili kişi Özge Akça","başvuru detayları: pin [PIN], adli kaydı [CEZA_KAYDI], sağlık notu [SAGLIK], ip [IP_ADRES], vergi no 4308498234, imza kaydı imza hash cd478a66, ilgili kişi [AD]",[AD] [CEZA_KAYDI] [IMZA] [IP_ADRES] [PIN] [SAGLIK] [VERGI_NO],[AD] [CEZA_KAYDI] [IP_ADRES] [PIN] [SAGLIK],"başvuru detayları: pin [PIN], adli kaydı [CEZA_KAYDI], sağlık notu [SAGLIK], ip [IP_ADRES], vergi no 4308498234, imza kaydı imza hash cd478a66, ilgili kişi [AD]",True,True,False
466,kara_liste,duz,[SASI_NO] istisna; onun dışındaki tüm kişisel alanları gizle.,araç satışı için şasi RSEWG6Y39RG7U4BXS motor M87B412775 sorgulanacak,araç satışı için şasi RSEWG6Y39RG7U4BXS motor [MOTOR_NO] sorgulanacak,[MOTOR_NO] [SASI_NO],[MOTOR_NO],araç satışı için şasi RSEWG6Y39RG7U4BXS motor [MOTOR_NO] sorgulanacak,True,True,False
467,kara_liste,kayit,cep telefonu açıkta kalsın; kalan tüm kişisel verileri etiketle.,"yeni müşteri kaydı: sgk no 2201720279118, maaşı aylık 178.000 TL, kredi notu 723, imza kaydı e-imza sertifika seri no 9845704914, adı Eda Korutürk, din hanesi Deist, telefonu sıfır beş üç üç dört beş dört altı dört dört dokuz","yeni müşteri kaydı: sgk no [SGK_NO], maaşı [MAAS], kredi notu [KREDI_NOTU], imza kaydı [IMZA], adı [AD], din hanesi [DIN], telefonu sıfır beş üç üç dört beş dört altı dört dört dokuz",[AD] [DIN] [IMZA] [KREDI_NOTU] [MAAS] [SGK_NO] [TEL],[AD] [DIN] [IMZA] [KREDI_NOTU] [MAAS] [SGK_NO],"yeni müşteri kaydı: sgk no [SGK_NO], maaşı [MAAS], kredi notu [KREDI_NOTU], imza kaydı [IMZA], adı [AD], din hanesi [DIN], telefonu sıfır beş üç üç dört beş dört altı dört dört dokuz",True,True,False
468,kara_liste,uzun,Her şeyi maskele ama araç plakası dokunulmadan kalsın.,şirket aracının muayenesi yaklaştı plaka 08 U 1538 ruhsat no ZE-529392. doğum yerim Kepez nüfusta farklı yazılmış düzeltilsin. poliçemi yenilemek istiyorum poliçe no P704808491 doğum tarihim 28.07.1994. işe giriş evrakları için sgk no 6589243326460 gerekiyormuş,şirket aracının muayenesi yaklaştı plaka 08 U 1538 ruhsat no [RUHSAT_NO]. doğum yerim [DOGUM_YERI] nüfusta farklı yazılmış düzeltilsin. poliçemi yenilemek istiyorum poliçe no [POLICE_NO] doğum tarihim [DOGUM_TARIHI]. işe giriş evrakları için sgk no [SGK_NO] gerekiyormuş,[DOGUM_TARIHI] [DOGUM_YERI] [PLAKA] [POLICE_NO] [RUHSAT_NO] [SGK_NO],[DOGUM_TARIHI] [DOGUM_YERI] [POLICE_NO] [RUHSAT_NO] [SGK_NO],şirket aracının muayenesi yaklaştı plaka 08 U 1538 ruhsat no [RUHSAT_NO]. doğum yerim [DOGUM_YERI] nüfusta farklı yazılmış düzeltilsin. poliçemi yenilemek istiyorum poliçe no [POLICE_NO] doğum tarihim [DOGUM_TARIHI]. işe giriş evrakları için sgk no [SGK_NO] gerekiyormuş,True,True,False
469,kara_liste,uzun,Her şeyi maskele ama müşteri numarası dokunulmadan kalsın.,personelin engel durumu engel durumu yok olarak güncellendi. yabancı müşteri kaydı uyruğu Suriye pasaport A72844787. kripto çekim adresim TvjdBbzK7L3TX1gCJQU27n1TyjdFrUXmc9 onay bekliyor. hesap hareketlerimi melis.kaya@hotmail.com adresine gönderin müşteri no MU8975518. aidat iadesi için ıban paylaşıyorum TR89-0618-7656-6938-7642-0353-17 isim Tuyuğ Yıldız. biyometrik girişte sorun var ses imzası kaydı eşleşmiyor,personelin engel durumu [ENGEL_DURUMU] olarak güncellendi. yabancı müşteri kaydı uyruğu [UYRUK] pasaport [PASAPORT_NO]. kripto çekim adresim [KRIPTO_CUZDAN] onay bekliyor. hesap hareketlerimi [EMAIL] adresine gönderin müşteri no MU8975518. aidat iadesi için ıban paylaşıyorum [IBAN] isim [AD]. biyometrik girişte sorun var [BIYOMETRIK] eşleşmiyor,[AD] [BIYOMETRIK] [EMAIL] [ENGEL_DURUMU] [IBAN] [KRIPTO_CUZDAN] [MUSTERI_NO] [PASAPORT_NO] [UYRUK],[AD] [BIYOMETRIK] [EMAIL] [ENGEL_DURUMU] [IBAN] [KRIPTO_CUZDAN] [PASAPORT_NO] [UYRUK],personelin engel durumu [ENGEL_DURUMU] olarak güncellendi. yabancı müşteri kaydı uyruğu [UYRUK] pasaport [PASAPORT_NO]. kripto çekim adresim [KRIPTO_CUZDAN] onay bekliyor. hesap hareketlerimi [EMAIL] adresine gönderin müşteri no MU8975518. aidat iadesi için ıban paylaşıyorum [IBAN] isim [AD]. biyometrik girişte sorun var [BIYOMETRIK] eşleşmiyor,True,False,False
470,kara_liste,"uzun,caps",[KAN_GRUBU] istisna; onun dışındaki tüm kişisel alanları gizle.,CİHAZ EŞLEŞTİRME KODU 4SQO-0XCB-S3FQ KABUL EDİLMİYOR. ETNİK KÖKEN ALANI LAZ YAZILMIŞ BU ALAN ZORUNLU MU. İŞE GİRİŞ EVRAKLARI İÇİN SGK NO 7786864834746 GEREKİYORMUŞ. KAN GRUBUM B RH POZİTİF ACİL KARTIMA İŞLENSİN,CİHAZ EŞLEŞTİRME KODU [CIHAZ_ID] KABUL EDİLMİYOR. ETNİK KÖKEN ALANI [ETNIK_KOKEN] YAZILMIŞ BU ALAN ZORUNLU MU. İŞE GİRİŞ EVRAKLARI İÇİN SGK NO [SGK_NO] GEREKİYORMUŞ. KAN GRUBUM B RH POZİTİF ACİL KARTIMA İŞLENSİN,[CIHAZ_ID] [ETNIK_KOKEN] [KAN_GRUBU] [SGK_NO],[CIHAZ_ID] [ETNIK_KOKEN] [SGK_NO],CİHAZ EŞLEŞTİRME KODU [CIHAZ_ID] KABUL EDİLMİYOR. ETNİK KÖKEN ALANI [ETNIK_KOKEN] YAZILMIŞ BU ALAN ZORUNLU MU. İŞE GİRİŞ EVRAKLARI İÇİN SGK NO [SGK_NO] GEREKİYORMUŞ. KAN GRUBUM B RH POZİTİF ACİL KARTIMA İŞLENSİN,True,True,False
471,kara_liste,duz,Her şeyi maskele ama maaş bilgisi dokunulmadan kalsın.,bordro itirazım var sicil SC0790 maaşım 108 bin TL yatmış eksik,bordro itirazım var sicil [SICIL_NO] maaşım 108 bin TL yatmış eksik,[MAAS] [SICIL_NO],[SICIL_NO],bordro itirazım var sicil [SICIL_NO] maaşım 108 bin TL yatmış eksik,True,True,False
472,kara_liste,kayit,Her şeyi maskele ama [ETNIK_KOKEN] dokunulmadan kalsın.,"sisteme girilecek kayıt: sgk no 2047 8915 5202 8, skt 03/29, köken bilgisi Laz, din hanesi Ateist, kan grubu AB Rh pozitif, sözleşme no 2025/9207-A, engel durumu engel durumu yok, ip 89.241.155.210","sisteme girilecek kayıt: sgk no [SGK_NO], skt [KART_SKT], köken bilgisi Laz, din hanesi [DIN], kan grubu [KAN_GRUBU], sözleşme no [SOZLESME_NO], engel durumu [ENGEL_DURUMU], ip [IP_ADRES]",[DIN] [ENGEL_DURUMU] [ETNIK_KOKEN] [IP_ADRES] [KAN_GRUBU] [KART_SKT] [SGK_NO] [SOZLESME_NO],[DIN] [ENGEL_DURUMU] [IP_ADRES] [KAN_GRUBU] [KART_SKT] [SGK_NO] [SOZLESME_NO],"sisteme girilecek kayıt: sgk no [SGK_NO], skt [KART], köken bilgisi Laz, din hanesi Ateist, kan grubu [KAN_GRUBU], sözleşme no [SOZLESME_NO], engel durumu [ENGEL_DURUMU], ip [IP_ADRES]",False,True,False
473,kara_liste,duz,konum bilgisi açıkta kalsın; kalan tüm kişisel verileri etiketle.,"kayıp cihaz bildirimi imei 555182621214874 son konum 38.8415, 39.336","kayıp cihaz bildirimi imei [IMEI] son konum 38.8415, 39.336",[IMEI] [KONUM],[IMEI],"kayıp cihaz bildirimi imei [IMEI] son konum 38.8415, 39.336",True,True,False
474,kara_liste,uzun,[KART] açıkta kalsın; kalan tüm kişisel verileri etiketle.,yurtdışı harcama onayı pasaport U59600262 kart 4714467604793887. yeni telefon numaram 05339356831 sisteme işlenmemiş hâlâ eskisi görünüyor. aile durumu eşi ev hanımı olarak güncellendi onaylıyor musunuz. müşteri Nazıdil Aslan kredi notu 742 çıktı limit artışı uygun mu. şirket aracının muayenesi yaklaştı plaka 50 VLK 5627 ruhsat no RI-435517. hesap no 114406099 üzerine otomatik ödeme tanımlansın,yurtdışı harcama onayı pasaport [PASAPORT_NO] kart 4714467604793887. yeni telefon numaram [TEL] sisteme işlenmemiş hâlâ eskisi görünüyor. aile durumu [AILE] olarak güncellendi onaylıyor musunuz. müşteri [AD] kredi notu [KREDI_NOTU] çıktı limit artışı uygun mu. şirket aracının muayenesi yaklaştı plaka [PLAKA] ruhsat no [RUHSAT_NO]. hesap no [HESAP_NO] üzerine otomatik ödeme tanımlansın,[AD] [AILE] [HESAP_NO] [KART] [KREDI_NOTU] [PASAPORT_NO] [PLAKA] [RUHSAT_NO] [TEL],[AD] [AILE] [HESAP_NO] [KREDI_NOTU] [PASAPORT_NO] [PLAKA] [RUHSAT_NO] [TEL],yurtdışı harcama onayı pasaport [PASAPORT_NO] kart 4714467604793887. yeni telefon numaram [TEL] sisteme işlenmemiş hâlâ eskisi görünüyor. aile durumu [AILE] olarak güncellendi onaylıyor musunuz. müşteri [AD] kredi notu [KREDI_NOTU] çıktı limit artışı uygun mu. şirket aracının muayenesi yaklaştı plaka [PLAKA] ruhsat no [RUHSAT_NO]. hesap no [HESAP_NO] üzerine otomatik ödeme tanımlansın,True,True,False
475,kara_liste,duz,[PIN] istisna; onun dışındaki tüm kişisel alanları gizle.,kartımın cvv si 638 pin i 5121 kimseyle paylaşmadım ama şüpheli işlem var,kartımın cvv si [CVV] pin i 5121 kimseyle paylaşmadım ama şüpheli işlem var,[CVV] [PIN],[CVV],kartımın cvv si [CVV] pin i 5121 kimseyle paylaşmadım ama şüpheli işlem var,True,True,False
476,kara_liste,duz,"Maskeleme yaparken kredi notu atlanacak, diğer her kişisel veri etiketlenecek.",müşteri Ali Demir kredi notu 1379 çıktı limit artışı uygun mu,müşteri [AD] kredi notu 1379 çıktı limit artışı uygun mu,[AD] [KREDI_NOTU],[AD],müşteri [AD] kredi notu 1379 çıktı limit artışı uygun mu,True,True,False
477,kara_liste,kayit,[TCKN] haricindeki bütün PII maskelenecek.,"bayi ekranından gelen kayıt: kart no 4362 7125 5938 2487, poliçe no 9251/315433, köken bilgisi Laz, mail adresi husmen1961@hotmail.com, tc kimlik no 55985843838, biyometrik kaydı iris taraması, anne adı İde","bayi ekranından gelen kayıt: kart no [KART], poliçe no [POLICE_NO], köken bilgisi [ETNIK_KOKEN], mail adresi [EMAIL], tc kimlik no 55985843838, biyometrik kaydı [BIYOMETRIK], anne adı [ANNE_ADI]",[ANNE_ADI] [BIYOMETRIK] [EMAIL] [ETNIK_KOKEN] [KART] [POLICE_NO] [TCKN],[ANNE_ADI] [BIYOMETRIK] [EMAIL] [ETNIK_KOKEN] [KART] [POLICE_NO],"bayi ekranından gelen kayıt: kart no [KART], poliçe no [POLICE_NO], köken bilgisi [ETNIK_KOKEN], mail adresi [EMAIL], tc kimlik no 55985843838, biyometrik kaydı [BIYOMETRIK], anne adı [ANNE_ADI]",True,True,False
478,kara_liste,duz,Her şeyi maskele ama araç plakası dokunulmadan kalsın.,şirket aracının muayenesi yaklaştı plaka 32 E 8301 ruhsat no WT-646324,şirket aracının muayenesi yaklaştı plaka 32 E 8301 ruhsat no [RUHSAT_NO],[PLAKA] [RUHSAT_NO],[RUHSAT_NO],şirket aracının muayenesi yaklaştı plaka 32 E 8301 ruhsat no [RUHSAT_NO],True,True,False
479,kara_liste,duz,Her şeyi maskele ama yaş ve çalıştığı kurum dokunulmadan kalsın.,çalışan Eda Kaya Erzurum Devlet Hastanesi bünyesinde 65 yaşında kadın,çalışan [AD] Erzurum Devlet Hastanesi bünyesinde 65 yaşında [CINSIYET],[AD] [CINSIYET] [ISYERI] [YAS],[AD] [CINSIYET],çalışan [AD] Erzurum Devlet Hastanesi bünyesinde 65 yaşında kadın,False,False,False
480,kara_liste,kayit,cep telefonu istisna; onun dışındaki tüm kişisel alanları gizle.,"yeni müşteri kaydı: şasi no E88D5XNN0CUJJ3HL2, uyruğu Afgan, adresi Güzelyalı Mah. Manolya Sokak No:17 Kat:8 Ümraniye/Eskişehir, hesap no altı üç bir dört beş sıfır iki sekiz dört bir, ıban TR14-8149-3650-1913-6393-3256-02, engel durumu kronik hastalık raporu, pasaport no U43772986, gsm 0506 647 92 71, maaşı 168 bin TL","yeni müşteri kaydı: şasi no [SASI_NO], uyruğu [UYRUK], adresi [ADRES], hesap no [HESAP_NO], ıban [IBAN], engel durumu [ENGEL_DURUMU], pasaport no [PASAPORT_NO], gsm 0506 647 92 71, maaşı [MAAS]",[ADRES] [ENGEL_DURUMU] [HESAP_NO] [IBAN] [MAAS] [PASAPORT_NO] [SASI_NO] [TEL] [UYRUK],[ADRES] [ENGEL_DURUMU] [HESAP_NO] [IBAN] [MAAS] [PASAPORT_NO] [SASI_NO] [UYRUK],"yeni müşteri kaydı: şasi no [SASI_NO], uyruğu [UYRUK], adresi [ADRES], hesap no [HESAP_NO], ıban [IBAN], engel durumu [ENGEL_DURUMU], pasaport no [PASAPORT_NO], gsm 0506 647 92 71, maaşı [MAAS]",True,False,False
481,kara_liste,uzun,Her şeyi maskele ama kart numarası ve [RUHSAT_NO] dokunulmadan kalsın.,etnik köken alanı Laz yazılmış bu alan zorunlu mu. şirket aracının muayenesi yaklaştı plaka 21 L 6325 ruhsat no LT-809537. cihaz eşleştirme kodu M67E-G10M-GWOY kabul edilmiyor. şoför belgem yenilendi ehliyet no C8069563. internetten yaptığım ödeme görünmüyor kart no 5144666553618127 skt 06/2030. işe giriş evrakları için sgk no 8574 6181 1169 6 gerekiyormuş,etnik köken alanı [ETNIK_KOKEN] yazılmış bu alan zorunlu mu. şirket aracının muayenesi yaklaştı plaka [PLAKA] ruhsat no LT-809537. cihaz eşleştirme kodu [CIHAZ_ID] kabul edilmiyor. şoför belgem yenilendi ehliyet no [EHLIYET_NO]. internetten yaptığım ödeme görünmüyor kart no 5144666553618127 skt [KART_SKT]. işe giriş evrakları için sgk no [SGK_NO] gerekiyormuş,[CIHAZ_ID] [EHLIYET_NO] [ETNIK_KOKEN] [KART] [KART_SKT] [PLAKA] [RUHSAT_NO] [SGK_NO],[CIHAZ_ID] [EHLIYET_NO] [ETNIK_KOKEN] [KART_SKT] [PLAKA] [SGK_NO],etnik köken alanı [ETNIK_KOKEN] yazılmış bu alan zorunlu mu. şirket aracının muayenesi yaklaştı plaka [PLAKA] ruhsat no LT-809537. cihaz eşleştirme kodu [CIHAZ_ID] kabul edilmiyor. şoför belgem yenilendi ehliyet no [EHLIYET_NO]. internetten yaptığım ödeme görünmüyor kart no 5144666553618127 skt [KART]. işe giriş evrakları için sgk no [SGK_NO] gerekiyormuş,False,True,False
482,kara_liste,kayit,"Maskeleme yaparken doğum yeri atlanacak, diğer her kişisel veri etiketlenecek.","yeni müşteri kaydı: kart no 5764-9084-4890-3637, doğum yeri Çankaya, adresi Esentepe Mah. Menekşe Sok. No:212 D:11 Kat:5 Maltepe/Antalya, cvv 642, plaka 05 S 1429, şifresi Marmara-3990#, ruhsat no WV-410238, referansı İlklima Şafak","yeni müşteri kaydı: kart no [KART], doğum yeri Çankaya, adresi [ADRES], cvv [CVV], plaka [PLAKA], şifresi [SIFRE], ruhsat no [RUHSAT_NO], referansı [REFERANS]",[ADRES] [CVV] [DOGUM_YERI] [KART] [PLAKA] [REFERANS] [RUHSAT_NO] [SIFRE],[ADRES] [CVV] [KART] [PLAKA] [REFERANS] [RUHSAT_NO] [SIFRE],"yeni müşteri kaydı: kart no [KART], doğum yeri Çankaya, adresi [ADRES], cvv [CVV], plaka [PLAKA], şifresi [SIFRE], ruhsat no [RUHSAT_NO], referansı [REFERANS]",True,True,False
483,kara_liste,kayit,[MAC_ADRES] haricindeki bütün PII maskelenecek.,"başvuru detayları: sendika bilgisi Bass-Sen üyesi, poliçe no POL-1212320, şifresi Bulut6510!, şasi no PSD00YVPFS6GWEWKS, mac 45:44:25:42:FE:6B, sözleşme no 6670-34422, cihaz id 8OPE-DXG1-4F2Q, konum 36.1509, 29.5505","başvuru detayları: sendika bilgisi [SENDIKA], poliçe no [POLICE_NO], şifresi [SIFRE], şasi no [SASI_NO], mac 45:44:25:42:FE:6B, sözleşme no [SOZLESME_NO], cihaz id [CIHAZ_ID], konum [KONUM]",[CIHAZ_ID] [KONUM] [MAC_ADRES] [POLICE_NO] [SASI_NO] [SENDIKA] [SIFRE] [SOZLESME_NO],[CIHAZ_ID] [KONUM] [POLICE_NO] [SASI_NO] [SENDIKA] [SIFRE] [SOZLESME_NO],"başvuru detayları: sendika bilgisi [SENDIKA], poliçe no [POLICE_NO], şifresi [SIFRE], şasi no [SASI_NO], mac 45:44:25:42:FE:6B, sözleşme no [SOZLESME_NO], cihaz id [CIHAZ_ID], konum [KONUM]",True,True,False
484,kara_liste,duz,"Maskeleme yaparken [CVV] atlanacak, diğer her kişisel veri etiketlenecek.",kartımın cvv si 858 pin i 9094 kimseyle paylaşmadım ama şüpheli işlem var,kartımın cvv si 858 pin i [PIN] kimseyle paylaşmadım ama şüpheli işlem var,[CVV] [PIN],[PIN],kartımın cvv si 858 pin i 9094 kimseyle paylaşmadım ama şüpheli işlem var,False,True,False
485,kara_liste,uzun,[YAS] ve referans bilgisi haricindeki bütün PII maskelenecek.,e-fatura mükellefiyeti için vergi no 2019768279 kayıtlı mı bakar mısınız. referans olarak Tolga Akar yazdım aranacak mı. yeni telefon numaram 05334041296 sisteme işlenmemiş hâlâ eskisi görünüyor. yurtdışı harcama onayı pasaport U96333482 kart 4835412466598004. çalışan Sümeyye Demir Anadolu Tekstil AŞ bünyesinde 27 yaşında kadın,e-fatura mükellefiyeti için vergi no [VERGI_NO] kayıtlı mı bakar mısınız. referans olarak Tolga Akar yazdım aranacak mı. yeni telefon numaram [TEL] sisteme işlenmemiş hâlâ eskisi görünüyor. yurtdışı harcama onayı pasaport [PASAPORT_NO] kart [KART]. çalışan [AD] [ISYERI] bünyesinde 27 yaşında [CINSIYET],[AD] [CINSIYET] [ISYERI] [KART] [PASAPORT_NO] [REFERANS] [TEL] [VERGI_NO] [YAS],[AD] [CINSIYET] [ISYERI] [KART] [PASAPORT_NO] [TEL] [VERGI_NO],e-fatura mükellefiyeti için vergi no [VERGI_NO] kayıtlı mı bakar mısınız. referans olarak Tolga Akar yazdım aranacak mı. yeni telefon numaram [TEL] sisteme işlenmemiş hâlâ eskisi görünüyor. yurtdışı harcama onayı pasaport [PASAPORT_NO] kart [KART]. çalışan [AD] [ISYERI] bünyesinde 27 yaşında kadın,False,False,False
486,kara_liste,duz,"Maskeleme yaparken parola atlanacak, diğer her kişisel veri etiketlenecek.",uygulamaya giremiyorum kullanıcı adım aakdeniz44 şifremi Ege-8473. yapmıştım,uygulamaya giremiyorum kullanıcı adım [KULLANICI_ADI] şifremi Ege-8473. yapmıştım,[KULLANICI_ADI] [SIFRE],[KULLANICI_ADI],uygulamaya giremiyorum kullanıcı adım [KULLANICI_ADI] şifremi Ege-8473. yapmıştım,True,True,False
487,kara_liste,duz,[IMEI] istisna; onun dışındaki tüm kişisel alanları gizle.,"kayıp cihaz bildirimi imei 324635754105675 son konum 36.9037, 37.2456",kayıp cihaz bildirimi imei 324635754105675 son konum [KONUM],[IMEI] [KONUM],[KONUM],kayıp cihaz bildirimi imei 324635754105675 son konum [KONUM],True,True,False
488,kara_liste,caps,baba adı istisna; onun dışındaki tüm kişisel alanları gizle.,BABAMIN ADI SALKIN ANNEMİN ADI SEDA FORM BÖYLE İSTİYOR,BABAMIN ADI SALKIN ANNEMİN ADI [ANNE_ADI] FORM BÖYLE İSTİYOR,[ANNE_ADI] [BABA_ADI],[ANNE_ADI],BABAMIN ADI SALKIN ANNEMİN ADI [ANNE_ADI] FORM BÖYLE İSTİYOR,True,True,False
489,kara_liste,duz,Her şeyi maskele ama ad soyad dokunulmadan kalsın.,müşteri Osman Akçay kredi notu 1263 çıktı limit artışı uygun mu,müşteri Osman Akçay kredi notu [KREDI_NOTU] çıktı limit artışı uygun mu,[AD] [KREDI_NOTU],[KREDI_NOTU],müşteri Osman Akçay kredi notu [KREDI_NOTU] çıktı limit artışı uygun mu,True,True,False
490,kara_liste,kayit,[KULLANICI_ADI] istisna; onun dışındaki tüm kişisel alanları gizle.,"acil güncellenecek bilgiler: aile durumu boşanmış, velayet kendisinde, kullanıcı adı osezer85, 43 yaşında, pasaport no A01137398, imei 843286255747414, sicil no SC4942","acil güncellenecek bilgiler: aile durumu [AILE], kullanıcı adı osezer85, [YAS] yaşında, pasaport no [PASAPORT_NO], imei [IMEI], sicil no [SICIL_NO]",[AILE] [IMEI] [KULLANICI_ADI] [PASAPORT_NO] [SICIL_NO] [YAS],[AILE] [IMEI] [PASAPORT_NO] [SICIL_NO] [YAS],"acil güncellenecek bilgiler: aile durumu [AILE], velayet kendisinde, kullanıcı adı osezer85, 43 yaşında, pasaport no [PASAPORT_NO], imei [IMEI], sicil no [SICIL_NO]",False,False,False
491,kara_liste,kayit,[TCKN] istisna; onun dışındaki tüm kişisel alanları gizle.,"yeni müşteri kaydı: adresi Yeni Mah. Palmiye Bulv. No:21 Ümraniye/Hatay, baba adı Umut, tc kimlik no 22770109592, skt 01/30, cüzdan adresi bc1qyjev430ppe3rh6ek3zh2hbfq6vi08t, referansı RF83527808, sağlık notu çölyak hastalığı","yeni müşteri kaydı: adresi [ADRES], baba adı [BABA_ADI], tc kimlik no 22770109592, skt [KART_SKT], cüzdan adresi [KRIPTO_CUZDAN], referansı [REFERANS], sağlık notu [SAGLIK]",[ADRES] [BABA_ADI] [KART_SKT] [KRIPTO_CUZDAN] [REFERANS] [SAGLIK] [TCKN],[ADRES] [BABA_ADI] [KART_SKT] [KRIPTO_CUZDAN] [REFERANS] [SAGLIK],"yeni müşteri kaydı: adresi [ADRES], baba adı [BABA_ADI], tc kimlik no 22770109592, skt [KART], cüzdan adresi [KRIPTO_CUZDAN], referansı [REFERANS], sağlık notu [KREDI_NOTU]",False,True,False
492,kara_liste,uzun,"Maskeleme yaparken sağlık bilgisi atlanacak, diğer her kişisel veri etiketlenecek.",hesap hareketlerimi yasementunc76@yandex.com adresine gönderin müşteri no MU3902016. sağlık raporumda insülin bağımlı diyabet yazıyor sigorta primi değişir mi. sendika kesintisi neden yapıldı sendika üyeliği yok görünüyorum. kartımın cvv si 801 pin i sekiz dokuz bir sıfır kimseyle paylaşmadım ama şüpheli işlem var. biyometrik girişte sorun var avuç içi damar izi eşleşmiyor. müşteri Çolpan Uçar kredi notu 1361 çıktı limit artışı uygun mu,hesap hareketlerimi [EMAIL] adresine gönderin müşteri no [MUSTERI_NO]. sağlık raporumda insülin bağımlı diyabet yazıyor sigorta primi değişir mi. sendika kesintisi neden yapıldı [SENDIKA] görünüyorum. kartımın cvv si [CVV] pin i [PIN] kimseyle paylaşmadım ama şüpheli işlem var. biyometrik girişte sorun var [BIYOMETRIK] eşleşmiyor. müşteri [AD] kredi notu [KREDI_NOTU] çıktı limit artışı uygun mu,[AD] [BIYOMETRIK] [CVV] [EMAIL] [KREDI_NOTU] [MUSTERI_NO] [PIN] [SAGLIK] [SENDIKA],[AD] [BIYOMETRIK] [CVV] [EMAIL] [KREDI_NOTU] [MUSTERI_NO] [PIN] [SENDIKA],hesap hareketlerimi [EMAIL] adresine gönderin müşteri no [MUSTERI_NO]. sağlık raporumda insülin bağımlı diyabet yazıyor sigorta primi değişir mi. [SENDIKA] neden yapıldı sendika üyeliği yok görünüyorum. kartımın cvv si [CVV] pin i sekiz dokuz bir sıfır kimseyle paylaşmadım ama şüpheli işlem var. biyometrik girişte sorun var avuç içi damar izi eşleşmiyor. müşteri [AD] kredi notu [KREDI_NOTU] çıktı limit artışı uygun mu,False,True,False
493,kara_liste,kayit,Her şeyi maskele ama [IP_ADRES] ve IMEI numarası dokunulmadan kalsın.,"acil güncellenecek bilgiler: sözleşme no 2027/3053-A, şifresi Kar9733*, kullanıcı adı berkavci47, imei 473508837832221, ip 21.121.108.92, kredi notu 731, adli kaydı kabahat kaydı mevcut","acil güncellenecek bilgiler: sözleşme no [SOZLESME_NO], şifresi [SIFRE], kullanıcı adı [KULLANICI_ADI], imei 473508837832221, ip 21.121.108.92, kredi notu [KREDI_NOTU], adli kaydı [CEZA_KAYDI]",[CEZA_KAYDI] [IMEI] [IP_ADRES] [KREDI_NOTU] [KULLANICI_ADI] [SIFRE] [SOZLESME_NO],[CEZA_KAYDI] [KREDI_NOTU] [KULLANICI_ADI] [SIFRE] [SOZLESME_NO],"acil güncellenecek bilgiler: sözleşme no [SOZLESME_NO], şifresi [SIFRE], kullanıcı adı [KULLANICI_ADI], imei 473508837832221, ip 21.121.108.92, kredi notu [KREDI_NOTU], adli kaydı [CEZA_KAYDI]",True,True,False
494,kara_liste,duz,motor numarası haricindeki bütün PII maskelenecek.,araç satışı için şasi 6E4H6CVYPMDWBKM9Z motor O71R909854 sorgulanacak,araç satışı için şasi [SASI_NO] motor O71R909854 sorgulanacak,[MOTOR_NO] [SASI_NO],[SASI_NO],araç satışı için şasi [SASI_NO] motor O71R909854 sorgulanacak,True,True,False
495,kara_liste,ekli,"Maskeleme yaparken [AD] atlanacak, diğer her kişisel veri etiketlenecek.",16 Şubat 1965'te doğanlara özel kampanya Umut Yaman'a tanımlansın,[DOGUM_TARIHI]'te doğanlara özel kampanya Umut Yaman'a tanımlansın,[AD] [DOGUM_TARIHI],[DOGUM_TARIHI],[DOGUM_TARIHI]'te doğanlara özel kampanya Umut Yaman'a tanımlansın,True,True,False
496,kara_liste,duz,[SOZLESME_NO] istisna; onun dışındaki tüm kişisel alanları gizle.,sözleşme feshi talep ediyorum sözleşme no 3474-56544 tc 671 725 869 78,sözleşme feshi talep ediyorum sözleşme no 3474-56544 tc [TCKN],[SOZLESME_NO] [TCKN],[TCKN],sözleşme feshi talep ediyorum sözleşme no 3474-56544 tc [TCKN],True,True,False
497,kara_liste,kayit,din bilgisi istisna; onun dışındaki tüm kişisel alanları gizle.,"yeni müşteri kaydı: plaka 51 BZJ 9364, hesap no 2325-7528572-985, ehliyet no K2331380, din hanesi Hristiyan, biyometrik kaydı retina taraması, müşteri no 88907142, doğum tarihi 1960-07-09, referansı REF-2027-0607","yeni müşteri kaydı: plaka [PLAKA], hesap no [HESAP_NO], ehliyet no [EHLIYET_NO], din hanesi Hristiyan, biyometrik kaydı [BIYOMETRIK], müşteri no [MUSTERI_NO], doğum tarihi [DOGUM_TARIHI], referansı [REFERANS]",[BIYOMETRIK] [DIN] [DOGUM_TARIHI] [EHLIYET_NO] [HESAP_NO] [MUSTERI_NO] [PLAKA] [REFERANS],[BIYOMETRIK] [DOGUM_TARIHI] [EHLIYET_NO] [HESAP_NO] [MUSTERI_NO] [PLAKA] [REFERANS],"yeni müşteri kaydı: plaka [PLAKA], hesap no [HESAP_NO], ehliyet no [EHLIYET_NO], din hanesi Hristiyan, biyometrik kaydı [BIYOMETRIK], müşteri no [MUSTERI_NO], doğum tarihi [DOGUM_TARIHI], referansı [REFERANS]",True,True,False
498,kara_liste,duz,[IP_ADRES] haricindeki bütün PII maskelenecek.,vpn erişimi açılsın ip 19.212.246.124 mac AE:24:DF:67:35:FE,vpn erişimi açılsın ip 19.212.246.124 mac [MAC_ADRES],[IP_ADRES] [MAC_ADRES],[MAC_ADRES],vpn erişimi açılsın ip 19.212.246.124 mac [MAC_ADRES],True,True,False
499,kara_liste,duz,"Maskeleme yaparken kart son kullanma tarihi atlanacak, diğer her kişisel veri etiketlenecek.",internetten yaptığım ödeme görünmüyor kart no kırk yedi on bir altmış yedi yetmiş yedi yetmiş üç kırk yedi doksan yedi on yedi skt 06/2030,internetten yaptığım ödeme görünmüyor kart no [KART] skt 06/2030,[KART] [KART_SKT],[KART],internetten yaptığım ödeme görünmüyor kart no [KART] skt 06/2030,True,True,False
500,kara_liste,ekli,[EMAIL] istisna; onun dışındaki tüm kişisel alanları gizle.,havale Amre Kısakürek'e gitsin dekont da furkanakca54@yandex.com'a düşsün,havale [AD]'e gitsin dekont da furkanakca54@yandex.com'a düşsün,[AD] [EMAIL],[AD],havale [AD]'e gitsin dekont da furkanakca54@yandex.com'a düşsün,True,True,False
501,kara_liste,ekli,ad soyad istisna; onun dışındaki tüm kişisel alanları gizle.,21 Ocak 1998'de doğanlara özel kampanya Bilginur Çelik'e tanımlansın,[DOGUM_TARIHI]'de doğanlara özel kampanya Bilginur Çelik'e tanımlansın,[AD] [DOGUM_TARIHI],[DOGUM_TARIHI],[DOGUM_TARIHI]'de doğanlara özel kampanya Bilginur Çelik'e tanımlansın,True,True,False
502,kara_liste,kayit,Her şeyi maskele ama adli sicil bilgisi ve kan grubu dokunulmadan kalsın.,"bayi ekranından gelen kayıt: pasaport no A82948593, doğum tarihi 28.02.1980, baba adı Efser, adli kaydı trafik cezası kaydı, kan grubu B Rh negatif","bayi ekranından gelen kayıt: pasaport no [PASAPORT_NO], doğum tarihi [DOGUM_TARIHI], baba adı [BABA_ADI], adli kaydı trafik cezası kaydı, kan grubu B Rh negatif",[BABA_ADI] [CEZA_KAYDI] [DOGUM_TARIHI] [KAN_GRUBU] [PASAPORT_NO],[BABA_ADI] [DOGUM_TARIHI] [PASAPORT_NO],"bayi ekranından gelen kayıt: pasaport no [PASAPORT_NO], doğum tarihi [DOGUM_TARIHI], baba adı [BABA_ADI], adli kaydı trafik cezası kaydı, kan grubu B Rh negatif",True,True,False
503,kara_liste,uzun,inanç bilgisi ve [CIHAZ_ID] açıkta kalsın; kalan tüm kişisel verileri etiketle.,bordro itirazım var sicil 85077 maaşım 170.500 TL maaş yatmış eksik. referans olarak RF25185305 yazdım aranacak mı. aidat iadesi için ıban paylaşıyorum TR660836056149762051095507 isim Deniz Güneş. cihaz eşleştirme kodu B7XL-PN0U-CSQJ kabul edilmiyor. vpn erişimi açılsın ip 15.51.244.187 mac D6:63:B0:B7:C9:86. din hanesi Alevi olarak görünüyor değiştirmek istiyorum,bordro itirazım var sicil [SICIL_NO] maaşım [MAAS] yatmış eksik. referans olarak [REFERANS] yazdım aranacak mı. aidat iadesi için ıban paylaşıyorum [IBAN] isim [AD]. cihaz eşleştirme kodu B7XL-PN0U-CSQJ kabul edilmiyor. vpn erişimi açılsın ip [IP_ADRES] mac [MAC_ADRES]. din hanesi Alevi olarak görünüyor değiştirmek istiyorum,[AD] [CIHAZ_ID] [DIN] [IBAN] [IP_ADRES] [MAAS] [MAC_ADRES] [REFERANS] [SICIL_NO],[AD] [IBAN] [IP_ADRES] [MAAS] [MAC_ADRES] [REFERANS] [SICIL_NO],bordro itirazım var sicil [SICIL_NO] maaşım [MAAS]. referans olarak [REFERANS] yazdım aranacak mı. aidat iadesi için ıban paylaşıyorum [IBAN] isim [AD]. cihaz eşleştirme kodu B7XL-PN0U-CSQJ kabul edilmiyor. vpn erişimi açılsın ip [IP_ADRES] mac [MAC_ADRES]. din hanesi Alevi olarak görünüyor değiştirmek istiyorum,False,True,False
504,kara_liste,uzun,"Maskeleme yaparken [IMEI] ve kan grubu atlanacak, diğer her kişisel veri etiketlenecek.","kan grubum A Rh pozitif acil kartıma işlensin. şoför belgem yenilendi ehliyet no A8815195. e-fatura mükellefiyeti için vergi no 3629144546 kayıtlı mı bakar mısınız. yeni telefon numaram sıfır beş sıfır altı yedi altı beş sekiz sekiz bir altı sisteme işlenmemiş hâlâ eskisi görünüyor. poliçemi yenilemek istiyorum poliçe no P699774902 doğum tarihim 1962-06-14. kayıp cihaz bildirimi imei 937992227749752 son konum 36.0789, 37.9971",kan grubum A Rh pozitif acil kartıma işlensin. şoför belgem yenilendi ehliyet no [EHLIYET_NO]. e-fatura mükellefiyeti için vergi no [VERGI_NO] kayıtlı mı bakar mısınız. yeni telefon numaram [TEL] sisteme işlenmemiş hâlâ eskisi görünüyor. poliçemi yenilemek istiyorum poliçe no [POLICE_NO] doğum tarihim [DOGUM_TARIHI]. kayıp cihaz bildirimi imei 937992227749752 son konum [KONUM],[DOGUM_TARIHI] [EHLIYET_NO] [IMEI] [KAN_GRUBU] [KONUM] [POLICE_NO] [TEL] [VERGI_NO],[DOGUM_TARIHI] [EHLIYET_NO] [KONUM] [POLICE_NO] [TEL] [VERGI_NO],kan grubum A Rh pozitif acil kartıma işlensin. şoför belgem yenilendi ehliyet no [EHLIYET_NO]. e-fatura mükellefiyeti için vergi no [VERGI_NO] kayıtlı mı bakar mısınız. yeni telefon numaram [TEL] sisteme işlenmemiş hâlâ eskisi görünüyor. poliçemi yenilemek istiyorum poliçe no [POLICE_NO] doğum tarihim [DOGUM_TARIHI]. kayıp cihaz bildirimi imei 937992227749752 son konum [KONUM],True,True,False
505,kara_liste,duz,ad-soyad bilgisi açıkta kalsın; kalan tüm kişisel verileri etiketle.,aidat iadesi için ıban paylaşıyorum TR997794072149070645673402 isim Hüseyin Aktaş,aidat iadesi için ıban paylaşıyorum [IBAN] isim Hüseyin Aktaş,[AD] [IBAN],[IBAN],aidat iadesi için ıban paylaşıyorum [IBAN] isim Hüseyin Aktaş,True,True,False
506,kara_liste,kayit,"Maskeleme yaparken [EHLIYET_NO] atlanacak, diğer her kişisel veri etiketlenecek.","kredi başvuru formu: sgk no 6230838863776, anne kızlık soyadı Çetin, ehliyet no F8161919, hesap no 4432-1563792-791, doğum yeri Melikgazi","kredi başvuru formu: sgk no [SGK_NO], anne kızlık soyadı [ANNE_KIZLIK], ehliyet no F8161919, hesap no [HESAP_NO], doğum yeri [DOGUM_YERI]",[ANNE_KIZLIK] [DOGUM_YERI] [EHLIYET_NO] [HESAP_NO] [SGK_NO],[ANNE_KIZLIK] [DOGUM_YERI] [HESAP_NO] [SGK_NO],"kredi başvuru formu: sgk no [SGK_NO], anne kızlık soyadı [ANNE_KIZLIK], ehliyet no F8161919, hesap no [HESAP_NO], doğum yeri [DOGUM_YERI]",True,True,False
507,kara_liste,duz,kredi notu açıkta kalsın; kalan tüm kişisel verileri etiketle.,müşteri Alaz Eraslan kredi notu 403 çıktı limit artışı uygun mu,müşteri [AD] kredi notu 403 çıktı limit artışı uygun mu,[AD] [KREDI_NOTU],[AD],müşteri [AD] kredi notu 403 çıktı limit artışı uygun mu,True,True,False
508,kara_liste,duz,e-posta adresi haricindeki bütün PII maskelenecek.,hesap hareketlerimi zehra.cetin@gmail.com adresine gönderin müşteri no MU1749318,hesap hareketlerimi zehra.cetin@gmail.com adresine gönderin müşteri no [MUSTERI_NO],[EMAIL] [MUSTERI_NO],[MUSTERI_NO],hesap hareketlerimi zehra.cetin@gmail.com adresine gönderin müşteri no [MUSTERI_NO],True,True,False
509,kara_liste,kayit,[SOZLESME_NO] ve MAC adresi açıkta kalsın; kalan tüm kişisel verileri etiketle.,"yeni müşteri kaydı: ehliyet no C5431612, doğum yeri Tepebaşı, e-postası ihsan1968@hotmail.com, adresi Şirinevler Mah. Zambak Cad. No:248 D:9 Kepez/Mersin, sicil no SC5718, mac 9D:D9:76:A7:02:09, sözleşme no 2025/9118-C","yeni müşteri kaydı: ehliyet no [EHLIYET_NO], doğum yeri [DOGUM_YERI], e-postası [EMAIL], adresi [ADRES], sicil no [SICIL_NO], mac 9D:D9:76:A7:02:09, sözleşme no 2025/9118-C",[ADRES] [DOGUM_YERI] [EHLIYET_NO] [EMAIL] [MAC_ADRES] [SICIL_NO] [SOZLESME_NO],[ADRES] [DOGUM_YERI] [EHLIYET_NO] [EMAIL] [SICIL_NO],"yeni müşteri kaydı: ehliyet no [EHLIYET_NO], doğum yeri [DOGUM_YERI], e-postası [EMAIL], adresi [ADRES], sicil no [SICIL_NO], mac 9D:D9:76:A7:02:09, sözleşme no 2025/9118-C",True,True,False
510,kara_liste,duz,PIN kodu istisna; onun dışındaki tüm kişisel alanları gizle.,kartımın cvv si 433 pin i dokuz sekiz üç üç kimseyle paylaşmadım ama şüpheli işlem var,kartımın cvv si [CVV] pin i dokuz sekiz üç üç kimseyle paylaşmadım ama şüpheli işlem var,[CVV] [PIN],[CVV],kartımın cvv si [CVV] pin i dokuz sekiz üç üç kimseyle paylaşmadım ama şüpheli işlem var,True,True,False
511,kara_liste,kayit,[UYRUK] haricindeki bütün PII maskelenecek.,"başvuru detayları: aile durumu annesiyle yaşıyor, biyometrik kaydı ses imzası kaydı, adresi Menderes Mah. Çınar Sokak No:123 Kat:11 Keçiören/Sakarya, din hanesi Ateist, imza kaydı dijital imza özeti 67E721, uyruğu T.C., sözleşme no 8664-80540","başvuru detayları: aile durumu [AILE], biyometrik kaydı [BIYOMETRIK], adresi [ADRES], din hanesi [DIN], imza kaydı [IMZA], uyruğu T.C., sözleşme no [SOZLESME_NO]",[ADRES] [AILE] [BIYOMETRIK] [DIN] [IMZA] [SOZLESME_NO] [UYRUK],[ADRES] [AILE] [BIYOMETRIK] [DIN] [IMZA] [SOZLESME_NO],"başvuru detayları: aile durumu [AILE], biyometrik kaydı [BIYOMETRIK], adresi [ADRES], din hanesi [DIN], imza kaydı [IMZA], uyruğu T.C., sözleşme no [SOZLESME_NO]",True,True,False
512,kara_liste,kayit,[SAGLIK] haricindeki bütün PII maskelenecek.,"acil güncellenecek bilgiler: sağlık notu astım tanısı, müşteri no MU4258987, skt 01/2030, anne kızlık soyadı Zengin, motor no N16B945773, şifresi Aslan_6916!, kart no dört üç altı beş dokuz sıfır sekiz üç yedi altı iki dokuz sıfır dokuz bir yedi, biyometrik kaydı yüz tanıma verisi","acil güncellenecek bilgiler: sağlık notu astım tanısı, müşteri no [MUSTERI_NO], skt [KART_SKT], anne kızlık soyadı [ANNE_KIZLIK], motor no [MOTOR_NO], şifresi [SIFRE], kart no [KART], biyometrik kaydı [BIYOMETRIK]",[ANNE_KIZLIK] [BIYOMETRIK] [KART] [KART_SKT] [MOTOR_NO] [MUSTERI_NO] [SAGLIK] [SIFRE],[ANNE_KIZLIK] [BIYOMETRIK] [KART] [KART_SKT] [MOTOR_NO] [MUSTERI_NO] [SIFRE],"acil güncellenecek bilgiler: sağlık notu astım tanısı, müşteri no [MUSTERI_NO], skt [KART_SKT], anne kızlık soyadı [ANNE_KIZLIK], motor no [MOTOR_NO], şifresi [SIFRE], kart no [KART], biyometrik kaydı [BIYOMETRIK]",True,True,False
513,kara_liste,uzun,müşteri numarası haricindeki bütün PII maskelenecek.,kripto çekim adresim 0x341d6d47c3694215e151f50a16638a562ec709de onay bekliyor. şirket aracının muayenesi yaklaştı plaka 38 JPL 5252 ruhsat no WB-381750. sözleşme feshi talep ediyorum sözleşme no 2023/7142-B tc 96188193016. hesap hareketlerimi aylin.yildiz@outlook.com adresine gönderin müşteri no 69888691. annemin kızlık soyadı Akdeniz güvenlik sorusunda kabul edilmiyor,kripto çekim adresim [KRIPTO_CUZDAN] onay bekliyor. şirket aracının muayenesi yaklaştı plaka [PLAKA] ruhsat no [RUHSAT_NO]. sözleşme feshi talep ediyorum sözleşme no [SOZLESME_NO] tc [TCKN]. hesap hareketlerimi [EMAIL] adresine gönderin müşteri no 69888691. annemin kızlık soyadı [ANNE_KIZLIK] güvenlik sorusunda kabul edilmiyor,[ANNE_KIZLIK] [EMAIL] [KRIPTO_CUZDAN] [MUSTERI_NO] [PLAKA] [RUHSAT_NO] [SOZLESME_NO] [TCKN],[ANNE_KIZLIK] [EMAIL] [KRIPTO_CUZDAN] [PLAKA] [RUHSAT_NO] [SOZLESME_NO] [TCKN],kripto çekim adresim [KRIPTO_CUZDAN] onay bekliyor. şirket aracının muayenesi yaklaştı plaka [PLAKA] ruhsat no [RUHSAT_NO]. sözleşme feshi talep ediyorum sözleşme no [SOZLESME_NO] tc [TCKN]. hesap hareketlerimi [EMAIL] adresine gönderin müşteri no 69888691. annemin kızlık soyadı [ANNE_KIZLIK] güvenlik sorusunda kabul edilmiyor,True,True,False
514,kara_liste,uzun,"Maskeleme yaparken hesap no atlanacak, diğer her kişisel veri etiketlenecek.",yabancı müşteri kaydı uyruğu Fransız pasaport A81237238. hesap no 2321 211233 üzerine otomatik ödeme tanımlansın. kan grubum B Rh pozitif acil kartıma işlensin. etnik köken alanı Türk yazılmış bu alan zorunlu mu,yabancı müşteri kaydı uyruğu [UYRUK] pasaport [PASAPORT_NO]. hesap no 2321 211233 üzerine otomatik ödeme tanımlansın. kan grubum [KAN_GRUBU] acil kartıma işlensin. etnik köken alanı [ETNIK_KOKEN] yazılmış bu alan zorunlu mu,[ETNIK_KOKEN] [HESAP_NO] [KAN_GRUBU] [PASAPORT_NO] [UYRUK],[ETNIK_KOKEN] [KAN_GRUBU] [PASAPORT_NO] [UYRUK],yabancı müşteri kaydı uyruğu [UYRUK] pasaport [PASAPORT_NO]. hesap no 2321 211233 üzerine otomatik ödeme tanımlansın. kan grubum [KAN_GRUBU] acil kartıma işlensin. etnik köken alanı [ETNIK_KOKEN] yazılmış bu alan zorunlu mu,True,False,False
515,kara_liste,kayit,Her şeyi maskele ama [EHLIYET_NO] dokunulmadan kalsın.,"personel dosyası güncellemesi: kullanıcı adı esra_koru76, vergi no sekiz iki dokuz iki üç dokuz üç altı sıfır bir, anne kızlık soyadı Yüksel, ehliyet no E1943256, cüzdan adresi Tnovhdq3zLIiZIJwJWf5EvUqwX2mNSfj6J, referansı REF-2026-9444","personel dosyası güncellemesi: kullanıcı adı [KULLANICI_ADI], vergi no [VERGI_NO], anne kızlık soyadı [ANNE_KIZLIK], ehliyet no E1943256, cüzdan adresi [KRIPTO_CUZDAN], referansı [REFERANS]",[ANNE_KIZLIK] [EHLIYET_NO] [KRIPTO_CUZDAN] [KULLANICI_ADI] [REFERANS] [VERGI_NO],[ANNE_KIZLIK] [KRIPTO_CUZDAN] [KULLANICI_ADI] [REFERANS] [VERGI_NO],"personel dosyası güncellemesi: kullanıcı adı [KULLANICI_ADI], vergi no [VERGI_NO], anne kızlık soyadı [ANNE_KIZLIK], ehliyet no E1943256, cüzdan adresi [KRIPTO_CUZDAN], referansı [REFERANS]",True,True,False
516,kara_liste,kayit,[IMEI] ve CVV kodu istisna; onun dışındaki tüm kişisel alanları gizle.,"kredi başvuru formu: kan grubu AB Rh pozitif, imei 579925438905807, plaka 81 S 5706, pasaport no U29107399, motor no N66D003486, cvv 446","kredi başvuru formu: kan grubu [KAN_GRUBU], imei 579925438905807, plaka [PLAKA], pasaport no [PASAPORT_NO], motor no [MOTOR_NO], cvv 446",[CVV] [IMEI] [KAN_GRUBU] [MOTOR_NO] [PASAPORT_NO] [PLAKA],[KAN_GRUBU] [MOTOR_NO] [PASAPORT_NO] [PLAKA],"kredi başvuru formu: kan grubu [KAN_GRUBU], imei 579925438905807, plaka [PLAKA], pasaport no [PASAPORT_NO], motor no [MOTOR_NO], cvv 446",True,True,False
517,kara_liste,kayit,"Maskeleme yaparken [PASAPORT_NO] ve biyometrik veri atlanacak, diğer her kişisel veri etiketlenecek.","sisteme girilecek kayıt: pasaport no A47990485, müşteri no on dokuz yetmiş bir kırk üç sıfır sekiz, cinsiyeti erkek, şasi no RK8MVAB35TCP1WFVX, biyometrik kaydı iris taraması, ip 129.123.168.166","sisteme girilecek kayıt: pasaport no A47990485, müşteri no [MUSTERI_NO], cinsiyeti [CINSIYET], şasi no [SASI_NO], biyometrik kaydı iris taraması, ip [IP_ADRES]",[BIYOMETRIK] [CINSIYET] [IP_ADRES] [MUSTERI_NO] [PASAPORT_NO] [SASI_NO],[CINSIYET] [IP_ADRES] [MUSTERI_NO] [SASI_NO],"sisteme girilecek kayıt: pasaport no A47990485, müşteri no [MUSTERI_NO], cinsiyeti [CINSIYET], şasi no [SASI_NO], biyometrik kaydı iris taraması, ip [IP_ADRES]",True,False,False
518,kara_liste,duz,"Maskeleme yaparken [TCKN] atlanacak, diğer her kişisel veri etiketlenecek.",kredi başvurumun durumunu öğrenmek istiyorum adım Hüseyin Sarı tc 676 746 295 24,kredi başvurumun durumunu öğrenmek istiyorum adım [AD] tc 676 746 295 24,[AD] [TCKN],[AD],kredi başvurumun durumunu öğrenmek istiyorum adım [AD] tc 676 746 295 24,True,True,False
519,kara_liste,kayit,[CEZA_KAYDI] ve anne kızlık soyadı istisna; onun dışındaki tüm kişisel alanları gizle.,"yeni müşteri kaydı: hesap no 976576003768, telefonu sıfır beş beş beş altı bir yedi bir altı sekiz beş, imei 204005799601075, cüzdan adresi bc1qk9zux0kfbmpnoz7fcobc4ebyyar3oo, adresi Karşıyaka Mah. Akasya Sokak No:194 D:27 Karşıyaka/Balıkesir, köken bilgisi Süryani, anne kızlık soyadı Güçlü, adli kaydı adli sicil kaydı temiz","yeni müşteri kaydı: hesap no [HESAP_NO], telefonu [TEL], imei [IMEI], cüzdan adresi [KRIPTO_CUZDAN], adresi [ADRES], köken bilgisi [ETNIK_KOKEN], anne kızlık soyadı Güçlü, adli kaydı adli sicil kaydı temiz",[ADRES] [ANNE_KIZLIK] [CEZA_KAYDI] [ETNIK_KOKEN] [HESAP_NO] [IMEI] [KRIPTO_CUZDAN] [TEL],[ADRES] [ETNIK_KOKEN] [HESAP_NO] [IMEI] [KRIPTO_CUZDAN] [TEL],"yeni müşteri kaydı: hesap no [HESAP_NO], telefonu [TEL], imei [IMEI], cüzdan adresi [KRIPTO_CUZDAN], adresi [ADRES], köken bilgisi [ETNIK_KOKEN], anne kızlık soyadı Güçlü, adli kaydı adli sicil kaydı temiz",True,True,False
520,kara_liste,kayit,[KAN_GRUBU] istisna; onun dışındaki tüm kişisel alanları gizle.,"bayi ekranından gelen kayıt: ip 32.50.142.182, imei 760363097824646, cvv 803, kullanıcı adı hasansari67, kan grubu A Rh negatif, cüzdan adresi bc1qzcgjhdpinudwvhfk5ewv7a4t6vsuw9, şifresi Toros-7293+, köken bilgisi Kürt, baba adı Gökhan","bayi ekranından gelen kayıt: ip [IP_ADRES], imei [IMEI], cvv [CVV], kullanıcı adı [KULLANICI_ADI], kan grubu A Rh negatif, cüzdan adresi [KRIPTO_CUZDAN], şifresi [SIFRE], köken bilgisi [ETNIK_KOKEN], baba adı [BABA_ADI]",[BABA_ADI] [CVV] [ETNIK_KOKEN] [IMEI] [IP_ADRES] [KAN_GRUBU] [KRIPTO_CUZDAN] [KULLANICI_ADI] [SIFRE],[BABA_ADI] [CVV] [ETNIK_KOKEN] [IMEI] [IP_ADRES] [KRIPTO_CUZDAN] [KULLANICI_ADI] [SIFRE],"bayi ekranından gelen kayıt: ip [IP_ADRES], imei [IMEI], cvv [CVV], kullanıcı adı [KULLANICI_ADI], kan grubu A Rh negatif, cüzdan adresi [KRIPTO_CUZDAN], şifresi [SIFRE], köken bilgisi [ETNIK_KOKEN], baba adı [BABA_ADI]",True,True,False
521,kara_liste,kayit,Her şeyi maskele ama referans bilgisi ve engellilik bilgisi dokunulmadan kalsın.,"sisteme girilecek kayıt: imza kaydı imza hash 919dc4bd, maaşı 30 bin TL, cihaz id PH2O-IEZ2-QHB7, referansı REF-2024-2493, vergi no 2241125912, engel durumu %50 engelli raporu mevcut, kart no 4881 0485 9723 7356, kan grubu B Rh negatif, konum 41.3308, 29.7382","sisteme girilecek kayıt: imza kaydı [IMZA], maaşı [MAAS], cihaz id [CIHAZ_ID], referansı REF-2024-2493, vergi no [VERGI_NO], engel durumu %50 engelli raporu mevcut, kart no [KART], kan grubu [KAN_GRUBU], konum [KONUM]",[CIHAZ_ID] [ENGEL_DURUMU] [IMZA] [KAN_GRUBU] [KART] [KONUM] [MAAS] [REFERANS] [VERGI_NO],[CIHAZ_ID] [IMZA] [KAN_GRUBU] [KART] [KONUM] [MAAS] [VERGI_NO],"sisteme girilecek kayıt: [IMZA], maaşı [MAAS], cihaz id [CIHAZ_ID], referansı REF-2024-2493, vergi no [VERGI_NO], engel durumu %50 engelli raporu mevcut, kart no [KART], kan grubu B Rh negatif, konum [KONUM]",False,True,False
522,kara_liste,duz,"Maskeleme yaparken sigorta poliçe no atlanacak, diğer her kişisel veri etiketlenecek.",poliçemi yenilemek istiyorum poliçe no POL-5523965 doğum tarihim 07.09.1961,poliçemi yenilemek istiyorum poliçe no POL-5523965 doğum tarihim [DOGUM_TARIHI],[DOGUM_TARIHI] [POLICE_NO],[DOGUM_TARIHI],poliçemi yenilemek istiyorum poliçe no POL-5523965 doğum tarihim [DOGUM_TARIHI],True,True,False
523,kara_liste,kayit,PIN kodu ve işyeri bilgisi istisna; onun dışındaki tüm kişisel alanları gizle.,"personel dosyası güncellemesi: köken bilgisi Kürt, tc kimlik no kırk yedi sıfır dokuz seksen bir otuz beş yetmiş iki altı, hesap no 194233970127, 59 yaşında, ehliyet no K5465344, pasaport no U26425250, işyeri Akdeniz Tarım AŞ, sendika bilgisi Banka Çalışanları Sendikası üyesi, pin beş dokuz dokuz sekiz","personel dosyası güncellemesi: köken bilgisi [ETNIK_KOKEN], tc kimlik no [TCKN], hesap no [HESAP_NO], [YAS] yaşında, ehliyet no [EHLIYET_NO], pasaport no [PASAPORT_NO], işyeri Akdeniz Tarım AŞ, sendika bilgisi [SENDIKA], pin beş dokuz dokuz sekiz",[EHLIYET_NO] [ETNIK_KOKEN] [HESAP_NO] [ISYERI] [PASAPORT_NO] [PIN] [SENDIKA] [TCKN] [YAS],[EHLIYET_NO] [ETNIK_KOKEN] [HESAP_NO] [PASAPORT_NO] [SENDIKA] [TCKN] [YAS],"personel dosyası güncellemesi: köken bilgisi [ETNIK_KOKEN], tc kimlik no [TCKN], hesap no [HESAP_NO], [YAS] yaşında, ehliyet no [EHLIYET_NO], pasaport no [PASAPORT_NO], işyeri Akdeniz Tarım AŞ, sendika bilgisi [SENDIKA], pin beş dokuz dokuz sekiz",True,False,False
524,kara_liste,kayit,müşteri numarası istisna; onun dışındaki tüm kişisel alanları gizle.,"başvuru detayları: doğum tarihi 04/04/1979, engel durumu %40 engelli raporu, müşteri no MU5030531, hesap no 2008 087925, tc kimlik no on üç doksan bir kırk beş otuz yedi doksan altı sekiz, referansı RF07019711","başvuru detayları: doğum tarihi [DOGUM_TARIHI], engel durumu [ENGEL_DURUMU], müşteri no MU5030531, hesap no [HESAP_NO], tc kimlik no [TCKN], referansı [REFERANS]",[DOGUM_TARIHI] [ENGEL_DURUMU] [HESAP_NO] [MUSTERI_NO] [REFERANS] [TCKN],[DOGUM_TARIHI] [ENGEL_DURUMU] [HESAP_NO] [REFERANS] [TCKN],"başvuru detayları: doğum tarihi [DOGUM_TARIHI], engel durumu [ENGEL_DURUMU], müşteri no MU5030531, hesap no [HESAP_NO], tc kimlik no [TCKN], referansı [REFERANS]",True,True,False
525,kara_liste,duz,"Maskeleme yaparken [DOGUM_TARIHI] atlanacak, diğer her kişisel veri etiketlenecek.",poliçemi yenilemek istiyorum poliçe no P331022774 doğum tarihim 2005-11-03,poliçemi yenilemek istiyorum poliçe no [POLICE_NO] doğum tarihim 2005-11-03,[DOGUM_TARIHI] [POLICE_NO],[POLICE_NO],poliçemi yenilemek istiyorum poliçe no [POLICE_NO] doğum tarihim 2005-11-03,True,True,False
526,kara_liste,duz,çalıştığı kurum açıkta kalsın; kalan tüm kişisel verileri etiketle.,çalışan Eda Aslan Antalya Üniversitesi bünyesinde 42 yaşında erkek,çalışan [AD] Antalya Üniversitesi bünyesinde [YAS] yaşında [CINSIYET],[AD] [CINSIYET] [ISYERI] [YAS],[AD] [CINSIYET] [YAS],çalışan [AD] Antalya Üniversitesi bünyesinde [YAS] yaşında [AILE],False,False,False
527,kara_liste,kayit,[ANNE_ADI] ve pasaport numarası istisna; onun dışındaki tüm kişisel alanları gizle.,"başvuru detayları: anne adı Sevla, imza kaydı imza hash d82c42b9, tc si 571-125-659-34, pasaport no A08013343, uyruğu T.C., sicil no 17651, mac 75:2A:7C:56:23:38, ruhsat no ZH-449404","başvuru detayları: anne adı Sevla, imza kaydı [IMZA], tc si [TCKN], pasaport no A08013343, uyruğu [UYRUK], sicil no [SICIL_NO], mac [MAC_ADRES], ruhsat no [RUHSAT_NO]",[ANNE_ADI] [IMZA] [MAC_ADRES] [PASAPORT_NO] [RUHSAT_NO] [SICIL_NO] [TCKN] [UYRUK],[IMZA] [MAC_ADRES] [RUHSAT_NO] [SICIL_NO] [TCKN] [UYRUK],"başvuru detayları: anne adı Sevla, imza kaydı [IMZA], tc si [TCKN], pasaport no A08013343, uyruğu [UYRUK], sicil no [SICIL_NO], mac [MAC_ADRES], ruhsat no [RUHSAT_NO]",True,False,False
528,kara_liste,uzun,Her şeyi maskele ama ehliyet numarası ve cep telefonu dokunulmadan kalsın.,şoför belgem yenilendi ehliyet no K6576796. yeni telefon numaram sıfır beş üç üç yedi bir sekiz dokuz sıfır iki sekiz sisteme işlenmemiş hâlâ eskisi görünüyor. din hanesi Agnostik olarak görünüyor değiştirmek istiyorum. vpn erişimi açılsın ip 56.199.217.216 mac 46:C3:1D:B1:3D:2A,şoför belgem yenilendi ehliyet no K6576796. yeni telefon numaram sıfır beş üç üç yedi bir sekiz dokuz sıfır iki sekiz sisteme işlenmemiş hâlâ eskisi görünüyor. din hanesi [DIN] olarak görünüyor değiştirmek istiyorum. vpn erişimi açılsın ip [IP_ADRES] mac [MAC_ADRES],[DIN] [EHLIYET_NO] [IP_ADRES] [MAC_ADRES] [TEL],[DIN] [IP_ADRES] [MAC_ADRES],şoför belgem yenilendi ehliyet no K6576796. yeni telefon numaram sıfır beş üç üç yedi bir sekiz dokuz sıfır iki sekiz sisteme işlenmemiş hâlâ eskisi görünüyor. din hanesi [DIN] olarak görünüyor değiştirmek istiyorum. vpn erişimi açılsın ip [IP_ADRES] mac [MAC_ADRES],True,True,False
529,kara_liste,uzun,imza verisi açıkta kalsın; kalan tüm kişisel verileri etiketle.,cihaz eşleştirme kodu JDNR-JFCT-NVY9 kabul edilmiyor. referans olarak Turabi Turan yazdım aranacak mı. imza doğrulaması için e-imza sertifika seri no 8717969183 kayıtlarda mevcut. sözleşme feshi talep ediyorum sözleşme no 4439-07475 tc 382 433 715 40. çalışan Selim Avcı Kahramanmaraş Devlet Hastanesi bünyesinde 36 yaşında erkek,cihaz eşleştirme kodu [CIHAZ_ID] kabul edilmiyor. referans olarak [REFERANS] yazdım aranacak mı. imza doğrulaması için e-imza sertifika seri no 8717969183 kayıtlarda mevcut. sözleşme feshi talep ediyorum sözleşme no [SOZLESME_NO] tc [TCKN]. çalışan [AD] [ISYERI] bünyesinde [YAS] yaşında [CINSIYET],[AD] [CIHAZ_ID] [CINSIYET] [IMZA] [ISYERI] [REFERANS] [SOZLESME_NO] [TCKN] [YAS],[AD] [CIHAZ_ID] [CINSIYET] [ISYERI] [REFERANS] [SOZLESME_NO] [TCKN] [YAS],cihaz eşleştirme kodu JDNR-JFCT-NVY9 kabul edilmiyor. referans olarak [REFERANS] yazdım aranacak mı. imza doğrulaması için e-imza sertifika seri no 8717969183 kayıtlarda mevcut. sözleşme feshi talep ediyorum sözleşme no [SOZLESME_NO] tc [TCKN]. çalışan [AD] [ISYERI] bünyesinde [AILE],False,False,False
530,kara_liste,kayit,engel durumu ve personel sicil numarası istisna; onun dışındaki tüm kişisel alanları gizle.,"sisteme girilecek kayıt: sicil no SC2583, 24 yaşında, engel durumu %70 ortopedik engelli, cüzdan adresi TYLK774qNfc8FJgjwiuGH8GiyTnr3EY8FY, vergi no dört yedi beş altı beş sekiz sıfır iki dört sıfır","sisteme girilecek kayıt: sicil no SC2583, [YAS] yaşında, engel durumu %70 ortopedik engelli, cüzdan adresi [KRIPTO_CUZDAN], vergi no [VERGI_NO]",[ENGEL_DURUMU] [KRIPTO_CUZDAN] [SICIL_NO] [VERGI_NO] [YAS],[KRIPTO_CUZDAN] [VERGI_NO] [YAS],"sisteme girilecek kayıt: sicil no SC2583, 24 yaşında, engel durumu %70 ortopedik engelli, cüzdan adresi [KRIPTO_CUZDAN], vergi no [VERGI_NO]",False,False,False
531,kara_liste,duz,"Maskeleme yaparken telefon numarası atlanacak, diğer her kişisel veri etiketlenecek.",çocuğumun okul servisi için adres İstiklal Mah. Akasya Bulv. No:138 Kat:4 Esenyurt/Gaziantep tel +90 544 937 38 60,çocuğumun okul servisi için adres [ADRES] tel +90 544 937 38 60,[ADRES] [TEL],[ADRES],çocuğumun okul servisi için adres [ADRES] tel +90 544 937 38 60,True,True,False
532,kara_liste,kayit,Her şeyi maskele ama müşteri numarası dokunulmadan kalsın.,"yeni müşteri kaydı: hesap no 9334221026, müşteri no elli beş sıfır iki yirmi bir yetmiş beş, şifresi Lale_7083*, din hanesi Deist, konum 37.0696, 29.9088, tc si altı yedi dokuz sekiz beş bir yedi sekiz bir iki dört, ehliyet no A3838241, anne kızlık soyadı Erdoğan","yeni müşteri kaydı: hesap no [HESAP_NO], müşteri no elli beş sıfır iki yirmi bir yetmiş beş, şifresi [SIFRE], din hanesi [DIN], konum [KONUM], tc si [TCKN], ehliyet no [EHLIYET_NO], anne kızlık soyadı [ANNE_KIZLIK]",[ANNE_KIZLIK] [DIN] [EHLIYET_NO] [HESAP_NO] [KONUM] [MUSTERI_NO] [SIFRE] [TCKN],[ANNE_KIZLIK] [DIN] [EHLIYET_NO] [HESAP_NO] [KONUM] [SIFRE] [TCKN],"yeni müşteri kaydı: hesap no 9334221026, müşteri no elli beş sıfır iki yirmi bir yetmiş beş, şifresi [SIFRE], din hanesi [DIN], konum [KONUM], tc si [TCKN], ehliyet no [EHLIYET_NO], anne kızlık soyadı [ANNE_KIZLIK]",False,True,False
533,kara_liste,kayit,kan grubu açıkta kalsın; kalan tüm kişisel verileri etiketle.,"personel dosyası güncellemesi: sicil no SC8633, baba adı Cuman, gsm (535) 066 20 15, poliçe no 9280/483099, kullanıcı adı mustafa_doga67, motor no N11D573906, tc si 31524601282, maaşı 49 bin TL, kan grubu AB Rh pozitif","personel dosyası güncellemesi: sicil no [SICIL_NO], baba adı [BABA_ADI], gsm [TEL], poliçe no [POLICE_NO], kullanıcı adı [KULLANICI_ADI], motor no [MOTOR_NO], tc si [TCKN], maaşı [MAAS], kan grubu AB Rh pozitif",[BABA_ADI] [KAN_GRUBU] [KULLANICI_ADI] [MAAS] [MOTOR_NO] [POLICE_NO] [SICIL_NO] [TCKN] [TEL],[BABA_ADI] [KULLANICI_ADI] [MAAS] [MOTOR_NO] [POLICE_NO] [SICIL_NO] [TCKN] [TEL],"personel dosyası güncellemesi: sicil no [SICIL_NO], baba adı [BABA_ADI], gsm [TEL], poliçe no [POLICE_NO], kullanıcı adı [KULLANICI_ADI], motor no [MOTOR_NO], tc si [TCKN], maaşı [MAAS], kan grubu AB Rh pozitif",True,True,False
534,kara_liste,duz,vatandaşlık bilgisi haricindeki bütün PII maskelenecek.,yabancı müşteri kaydı uyruğu Azerbaycan pasaport U31892236,yabancı müşteri kaydı uyruğu Azerbaycan pasaport [PASAPORT_NO],[PASAPORT_NO] [UYRUK],[PASAPORT_NO],yabancı müşteri kaydı uyruğu Azerbaycan pasaport [PASAPORT_NO],True,True,False
535,kara_liste,kayit,"Maskeleme yaparken PIN kodu atlanacak, diğer her kişisel veri etiketlenecek.","sisteme girilecek kayıt: müşteri Salih Türk, işyeri Samsun Üniversitesi, anne kızlık soyadı Eroğlu, pin 129051, engel durumu %40 engelli raporu","sisteme girilecek kayıt: müşteri [AD], işyeri [ISYERI], anne kızlık soyadı [ANNE_KIZLIK], pin 129051, engel durumu [ENGEL_DURUMU]",[AD] [ANNE_KIZLIK] [ENGEL_DURUMU] [ISYERI] [PIN],[AD] [ANNE_KIZLIK] [ENGEL_DURUMU] [ISYERI],"sisteme girilecek kayıt: müşteri [AD], işyeri [ISYERI], anne kızlık soyadı [ANNE_KIZLIK], pin 129051, engel durumu [ENGEL_DURUMU]",True,True,False
536,kara_liste,kayit,"Maskeleme yaparken [TCKN] atlanacak, diğer her kişisel veri etiketlenecek.","çağrı merkezi notu: biyometrik kaydı avuç içi damar izi, tc kimlik no 45124874588, din hanesi Sünni, aile durumu kızı 12 yaşında, adresi Yıldız Mah. Akasya Bulvarı No:32 Selçuklu/Eskişehir","çağrı merkezi notu: biyometrik kaydı [BIYOMETRIK], tc kimlik no 45124874588, din hanesi [DIN], aile durumu [AILE], adresi [ADRES]",[ADRES] [AILE] [BIYOMETRIK] [DIN] [TCKN],[ADRES] [AILE] [BIYOMETRIK] [DIN],"çağrı merkezi notu: [BIYOMETRIK] avuç içi damar izi, tc kimlik no 45124874588, din hanesi [DIN], aile durumu kızı 12 yaşında, adresi [ADRES]",False,True,False
537,kara_liste,duz,[MOTOR_NO] istisna; onun dışındaki tüm kişisel alanları gizle.,araç satışı için şasi 95RVREMLDAM144XEZ motor M56D816889 sorgulanacak,araç satışı için şasi [SASI_NO] motor M56D816889 sorgulanacak,[MOTOR_NO] [SASI_NO],[SASI_NO],araç satışı için şasi [SASI_NO] motor M56D816889 sorgulanacak,True,True,False
538,kara_liste,duz,"Maskeleme yaparken CVV kodu atlanacak, diğer her kişisel veri etiketlenecek.",kartımın cvv si 665 pin i sekiz altı dört altı kimseyle paylaşmadım ama şüpheli işlem var,kartımın cvv si 665 pin i [PIN] kimseyle paylaşmadım ama şüpheli işlem var,[CVV] [PIN],[PIN],kartımın cvv si 665 pin i sekiz altı dört altı kimseyle paylaşmadım ama şüpheli işlem var,False,True,False
539,kara_liste,kayit,kart güvenlik kodu ve [VERGI_NO] açıkta kalsın; kalan tüm kişisel verileri etiketle.,"kredi başvuru formu: konum 38.917, 33.0033, vergi no 3003538803, şifresi Kar3782!, engel durumu kronik hastalık raporu, cvv 708, ehliyet no K8221132, cüzdan adresi TokmIjsqw1ELV2H2vdfLhzHWq3lPQQ0167","kredi başvuru formu: konum [KONUM], vergi no 3003538803, şifresi [SIFRE], engel durumu [ENGEL_DURUMU], cvv 708, ehliyet no [EHLIYET_NO], cüzdan adresi [KRIPTO_CUZDAN]",[CVV] [EHLIYET_NO] [ENGEL_DURUMU] [KONUM] [KRIPTO_CUZDAN] [SIFRE] [VERGI_NO],[EHLIYET_NO] [ENGEL_DURUMU] [KONUM] [KRIPTO_CUZDAN] [SIFRE],"kredi başvuru formu: konum [KONUM], vergi no 3003538803, şifresi [SIFRE], engel durumu [ENGEL_DURUMU], cvv 708, ehliyet no [EHLIYET_NO], cüzdan adresi [KRIPTO_CUZDAN]",True,True,False
540,kara_liste,duz,ad soyad istisna; onun dışındaki tüm kişisel alanları gizle.,aidat iadesi için ıban paylaşıyorum TR altı bir sıfır bir dört beş sıfır beş beş iki dokuz bir ... isim Furkan Korutürk,aidat iadesi için ıban paylaşıyorum [IBAN] isim Furkan Korutürk,[AD] [IBAN],[IBAN],aidat iadesi için ıban paylaşıyorum [IBAN] isim Furkan Korutürk,True,True,False
541,kara_liste,kayit,[ANNE_ADI] haricindeki bütün PII maskelenecek.,"çağrı merkezi notu: anne adı Aylin, sendika bilgisi Tez-Koop-İş üyesi, kan grubu 0 Rh pozitif, şifresi Marmara_9956*, adresi Esentepe Mah. Manolya Sok. No:106 D:9 Bornova/Antalya, sgk no 5655941319239","çağrı merkezi notu: anne adı Aylin, sendika bilgisi [SENDIKA], kan grubu [KAN_GRUBU], şifresi [SIFRE], adresi [ADRES], sgk no [SGK_NO]",[ADRES] [ANNE_ADI] [KAN_GRUBU] [SENDIKA] [SGK_NO] [SIFRE],[ADRES] [KAN_GRUBU] [SENDIKA] [SGK_NO] [SIFRE],"çağrı merkezi notu: anne adı Aylin, sendika bilgisi [SENDIKA], kan grubu [KAN_GRUBU], şifresi [SIFRE], adresi [ADRES], sgk no [SGK_NO]",True,True,False
542,kara_liste,kayit,[SAGLIK] ve çalıştığı kurum açıkta kalsın; kalan tüm kişisel verileri etiketle.,"başvuru detayları: 20 yaşında, sağlık notu epilepsi tanısı, sgk no 5974443242269, işyeri Pusula Bilişim Ltd. Şti., ilgili kişi Selin Koç, baba adı Emrullah, adli kaydı denetimli serbestlik kaydı, poliçe no 8350/873225","başvuru detayları: [YAS] yaşında, sağlık notu epilepsi tanısı, sgk no [SGK_NO], işyeri Pusula Bilişim Ltd. Şti., ilgili kişi [AD], baba adı [BABA_ADI], adli kaydı [CEZA_KAYDI], poliçe no [POLICE_NO]",[AD] [BABA_ADI] [CEZA_KAYDI] [ISYERI] [POLICE_NO] [SAGLIK] [SGK_NO] [YAS],[AD] [BABA_ADI] [CEZA_KAYDI] [POLICE_NO] [SGK_NO] [YAS],"başvuru detayları: [YAS] yaşında, sağlık notu epilepsi tanısı, sgk no [SGK_NO], işyeri Pusula Bilişim Ltd. Şti., ilgili kişi [AD], baba adı [BABA_ADI], adli kaydı [CEZA_KAYDI], poliçe no [POLICE_NO]",True,False,False
543,kara_liste,duz,şifre açıkta kalsın; kalan tüm kişisel verileri etiketle.,uygulamaya giremiyorum kullanıcı adım busra_ceti53 şifremi Kartal7940. yapmıştım,uygulamaya giremiyorum kullanıcı adım [KULLANICI_ADI] şifremi Kartal7940. yapmıştım,[KULLANICI_ADI] [SIFRE],[KULLANICI_ADI],uygulamaya giremiyorum kullanıcı adım [KULLANICI_ADI] şifremi Kartal7940. yapmıştım,True,True,False
544,kara_liste,duz,[AD] açıkta kalsın; kalan tüm kişisel verileri etiketle.,müşteri Merve Kılıç kredi notu 662 çıktı limit artışı uygun mu,müşteri Merve Kılıç kredi notu [KREDI_NOTU] çıktı limit artışı uygun mu,[AD] [KREDI_NOTU],[KREDI_NOTU],müşteri Merve Kılıç kredi notu [KREDI_NOTU] çıktı limit artışı uygun mu,True,True,False
545,kara_liste,duz,[SOZLESME_NO] istisna; onun dışındaki tüm kişisel alanları gizle.,sözleşme feshi talep ediyorum sözleşme no 2024/7931-C tc 84296349128,sözleşme feshi talep ediyorum sözleşme no 2024/7931-C tc [TCKN],[SOZLESME_NO] [TCKN],[TCKN],sözleşme feshi talep ediyorum sözleşme no 2024/7931-C tc [TCKN],True,True,False
546,kara_liste,duz,[PLAKA] istisna; onun dışındaki tüm kişisel alanları gizle.,şirket aracının muayenesi yaklaştı plaka 79 NKJ 7108 ruhsat no HN-320925,şirket aracının muayenesi yaklaştı plaka 79 NKJ 7108 ruhsat no [RUHSAT_NO],[PLAKA] [RUHSAT_NO],[RUHSAT_NO],şirket aracının muayenesi yaklaştı plaka 79 NKJ 7108 ruhsat no [RUHSAT_NO],True,True,False
547,kara_liste,duz,sicil no istisna; onun dışındaki tüm kişisel alanları gizle.,bordro itirazım var sicil 9612 maaşım 40 bin TL yatmış eksik,bordro itirazım var sicil 9612 maaşım [MAAS] yatmış eksik,[MAAS] [SICIL_NO],[MAAS],bordro itirazım var sicil 9612 maaşım 40 bin TL yatmış eksik,False,True,False
548,kara_liste,duz,Her şeyi maskele ama pasaport numarası dokunulmadan kalsın.,yabancı müşteri kaydı uyruğu KKTC pasaport U39662792,yabancı müşteri kaydı uyruğu [UYRUK] pasaport U39662792,[PASAPORT_NO] [UYRUK],[UYRUK],yabancı müşteri kaydı uyruğu [UYRUK] pasaport U39662792,True,False,False
549,kara_liste,uzun,kart numarası ve [PASAPORT_NO] açıkta kalsın; kalan tüm kişisel verileri etiketle.,müşteri Selim Çorlu kredi notu 757 çıktı limit artışı uygun mu. din hanesi Sünni olarak görünüyor değiştirmek istiyorum. yurtdışı harcama onayı pasaport A39314001 kart 5707 5709 0885 6355. biyometrik girişte sorun var parmak izi şablonu eşleşmiyor. kan grubum B Rh pozitif acil kartıma işlensin. kartımın cvv si 719 pin i 3477 kimseyle paylaşmadım ama şüpheli işlem var,müşteri [AD] kredi notu [KREDI_NOTU] çıktı limit artışı uygun mu. din hanesi [DIN] olarak görünüyor değiştirmek istiyorum. yurtdışı harcama onayı pasaport A39314001 kart 5707 5709 0885 6355. biyometrik girişte sorun var [BIYOMETRIK] eşleşmiyor. kan grubum [KAN_GRUBU] acil kartıma işlensin. kartımın cvv si [CVV] pin i [PIN] kimseyle paylaşmadım ama şüpheli işlem var,[AD] [BIYOMETRIK] [CVV] [DIN] [KAN_GRUBU] [KART] [KREDI_NOTU] [PASAPORT_NO] [PIN],[AD] [BIYOMETRIK] [CVV] [DIN] [KAN_GRUBU] [KREDI_NOTU] [PIN],müşteri [AD] kredi notu [KREDI_NOTU] çıktı limit artışı uygun mu. din hanesi [DIN] olarak görünüyor değiştirmek istiyorum. yurtdışı harcama onayı pasaport A39314001 kart 5707 5709 0885 6355. biyometrik girişte sorun var [BIYOMETRIK] eşleşmiyor. kan grubum [KAN_GRUBU] acil kartıma işlensin. kartımın cvv si [CVV] pin [PIN] kimseyle paylaşmadım ama şüpheli işlem var,False,True,False
550,kara_liste,uzun,sendika üyeliği bilgisi istisna; onun dışındaki tüm kişisel alanları gizle.,referans olarak RF23931773 yazdım aranacak mı. kartımın cvv si 558 pin i 972265 kimseyle paylaşmadım ama şüpheli işlem var. adli sicil belgemde kesinleşmiş hükmü yok ibaresi var işe engel mi. şirket aracının muayenesi yaklaştı plaka 59 E 5325 ruhsat no BR-339847. personelin engel durumu %70 ortopedik engelli olarak güncellendi. sendika kesintisi neden yapıldı Basisen üyesi görünüyorum,referans olarak [REFERANS] yazdım aranacak mı. kartımın cvv si [CVV] pin i [PIN] kimseyle paylaşmadım ama şüpheli işlem var. adli sicil belgemde [CEZA_KAYDI] ibaresi var işe engel mi. şirket aracının muayenesi yaklaştı plaka [PLAKA] ruhsat no [RUHSAT_NO]. personelin engel durumu [ENGEL_DURUMU] olarak güncellendi. sendika kesintisi neden yapıldı Basisen üyesi görünüyorum,[CEZA_KAYDI] [CVV] [ENGEL_DURUMU] [PIN] [PLAKA] [REFERANS] [RUHSAT_NO] [SENDIKA],[CEZA_KAYDI] [CVV] [ENGEL_DURUMU] [PIN] [PLAKA] [REFERANS] [RUHSAT_NO],referans olarak [REFERANS] yazdım aranacak mı. kartımın cvv si [CVV] pin [PIN] kimseyle paylaşmadım ama şüpheli işlem var. adli sicil belgemde [CEZA_KAYDI] ibaresi var işe engel mi. şirket aracının muayenesi yaklaştı plaka [PLAKA] ruhsat no [RUHSAT_NO]. personelin engel durumu [ENGEL_DURUMU] olarak güncellendi. sendika kesintisi neden yapıldı Basisen üyesi görünüyorum,False,True,False
551,kara_liste,kayit,Her şeyi maskele ama kripto cüzdan adresi dokunulmadan kalsın.,"çağrı merkezi notu: baba adı Eraycan, sicil no 4823, tc si dört dört sıfır üç sekiz bir üç iki dört üç iki, anne adı Elif, 53 yaşında, cüzdan adresi TkPizdZVaPp8vI0OOwBIk7XIAuW29ThwxQ, köken bilgisi Rum, aile durumu babası emekli","çağrı merkezi notu: baba adı [BABA_ADI], sicil no [SICIL_NO], tc si [TCKN], anne adı [ANNE_ADI], [YAS] yaşında, cüzdan adresi TkPizdZVaPp8vI0OOwBIk7XIAuW29ThwxQ, köken bilgisi [ETNIK_KOKEN], aile durumu [AILE]",[AILE] [ANNE_ADI] [BABA_ADI] [ETNIK_KOKEN] [KRIPTO_CUZDAN] [SICIL_NO] [TCKN] [YAS],[AILE] [ANNE_ADI] [BABA_ADI] [ETNIK_KOKEN] [SICIL_NO] [TCKN] [YAS],"çağrı merkezi notu: baba adı [BABA_ADI], sicil no [SICIL_NO], tc si [TCKN], anne adı [ANNE_ADI], cüzdan adresi TkPizdZVaPp8vI0OOwBIk7XIAuW29ThwxQ, köken bilgisi [ETNIK_KOKEN], aile durumu [AILE]",False,False,False
552,kara_liste,duz,Her şeyi maskele ama ruhsat numarası dokunulmadan kalsın.,şirket aracının muayenesi yaklaştı plaka 23 N 3344 ruhsat no WG-302536,şirket aracının muayenesi yaklaştı plaka [PLAKA] ruhsat no WG-302536,[PLAKA] [RUHSAT_NO],[PLAKA],şirket aracının muayenesi yaklaştı plaka 23 N 3344 ruhsat no WG-302536,False,True,False
553,kara_liste,kayit,ehliyet numarası istisna; onun dışındaki tüm kişisel alanları gizle.,"kredi başvuru formu: şasi no NB7U8XAMTYC048ZP1, köken bilgisi Gürcü, ruhsat no ZD-878430, ehliyet no E1597239, kullanıcı adı kerem_sahi33, sağlık notu çölyak hastalığı, kart no 5386904830212101","kredi başvuru formu: şasi no [SASI_NO], köken bilgisi [ETNIK_KOKEN], ruhsat no [RUHSAT_NO], ehliyet no E1597239, kullanıcı adı [KULLANICI_ADI], sağlık notu [SAGLIK], kart no [KART]",[EHLIYET_NO] [ETNIK_KOKEN] [KART] [KULLANICI_ADI] [RUHSAT_NO] [SAGLIK] [SASI_NO],[ETNIK_KOKEN] [KART] [KULLANICI_ADI] [RUHSAT_NO] [SAGLIK] [SASI_NO],"kredi başvuru formu: şasi no [SASI_NO], köken bilgisi [ETNIK_KOKEN], ruhsat no [RUHSAT_NO], ehliyet no E1597239, kullanıcı adı [KULLANICI_ADI], sağlık notu [SAGLIK], kart no [KART]",True,True,False
554,kara_liste,ekli,Her şeyi maskele ama [EMAIL] dokunulmadan kalsın.,pinar.cetin@icloud.com'dan gelen talebi Özge Durmuş'a yönlendirin,pinar.cetin@icloud.com'dan gelen talebi [AD]'a yönlendirin,[AD] [EMAIL],[AD],pinar.cetin@icloud.com'dan gelen talebi [AD]'a yönlendirin,True,True,False
555,kara_liste,"kayit,caps",yaş ve ad soyad haricindeki bütün PII maskelenecek.,"KREDİ BAŞVURU FORMU: 54 YAŞINDA, ANNE KIZLIK SOYADI ÇAKIR, CİHAZ İD 9W14-KHP3-098E, MÜŞTERİ ZEYNEP ŞAMA, EHLİYET NO C8078783","KREDİ BAŞVURU FORMU: 54 YAŞINDA, ANNE KIZLIK SOYADI [ANNE_KIZLIK], CİHAZ İD [CIHAZ_ID], MÜŞTERİ ZEYNEP ŞAMA, EHLİYET NO [EHLIYET_NO]",[AD] [ANNE_KIZLIK] [CIHAZ_ID] [EHLIYET_NO] [YAS],[ANNE_KIZLIK] [CIHAZ_ID] [EHLIYET_NO],"KREDİ BAŞVURU FORMU: 54 YAŞINDA, ANNE KIZLIK SOYADI [ANNE_KIZLIK], CİHAZ İD [CIHAZ_ID], MÜŞTERİ ZEYNEP ŞAMA, EHLİYET NO [EHLIYET_NO]",True,True,False
556,kara_liste,duz,Her şeyi maskele ama [MUSTERI_NO] dokunulmadan kalsın.,hesap hareketlerimi baris_kilic@gmail.com adresine gönderin müşteri no MU0177539,hesap hareketlerimi [EMAIL] adresine gönderin müşteri no MU0177539,[EMAIL] [MUSTERI_NO],[EMAIL],hesap hareketlerimi [EMAIL] adresine gönderin müşteri no MU0177539,True,True,False
557,kara_liste,kayit,IP adresi ve IBAN haricindeki bütün PII maskelenecek.,"başvuru detayları: kart no dört yedi sıfır altı altı dokuz dokuz üç üç üç dört beş sekiz dokuz üç bir, aile durumu eşi vefat etmiş, IBAN TR bir yedi yedi dört iki beş yedi dört bir sıfır bir iki ..., ip 222.42.30.235, tc kimlik no 936 735 918 90, imei 174650917626522","başvuru detayları: kart no [KART], aile durumu [AILE], IBAN TR bir yedi yedi dört iki beş yedi dört bir sıfır bir iki ..., ip 222.42.30.235, tc kimlik no [TCKN], imei [IMEI]",[AILE] [IBAN] [IMEI] [IP_ADRES] [KART] [TCKN],[AILE] [IMEI] [KART] [TCKN],"başvuru detayları: kart no [KART], aile durumu [AILE], IBAN TR bir yedi yedi dört iki beş yedi dört bir sıfır bir iki ..., [AILE], ip 222.42.30.235, tc kimlik no [TCKN], imei [IMEI]",False,True,False
558,kara_liste,duz,Her şeyi maskele ama sigorta poliçe no dokunulmadan kalsın.,poliçemi yenilemek istiyorum poliçe no POL-4936012 doğum tarihim 06.01.1985,poliçemi yenilemek istiyorum poliçe no POL-4936012 doğum tarihim [DOGUM_TARIHI],[DOGUM_TARIHI] [POLICE_NO],[DOGUM_TARIHI],poliçemi yenilemek istiyorum poliçe no POL-4936012 doğum tarihim [DOGUM_TARIHI],True,True,False
559,kara_liste,duz,Her şeyi maskele ama MAC adresi dokunulmadan kalsın.,vpn erişimi açılsın ip 48.169.38.118 mac D1:73:F1:61:16:46,vpn erişimi açılsın ip [IP_ADRES] mac D1:73:F1:61:16:46,[IP_ADRES] [MAC_ADRES],[IP_ADRES],vpn erişimi açılsın ip [IP_ADRES] mac D1:73:F1:61:16:46,True,True,False
560,kara_liste,kayit,[AILE] ve adli sicil bilgisi açıkta kalsın; kalan tüm kişisel verileri etiketle.,"acil güncellenecek bilgiler: baba adı Gürarda, adli kaydı kesinleşmiş hükmü yok, imza kaydı dijital imza özeti 980991, aile durumu boşanmış, velayet kendisinde, şasi no AKBVCP0VR4VDKHAMH, poliçe no POL-1964482","acil güncellenecek bilgiler: baba adı [BABA_ADI], adli kaydı kesinleşmiş hükmü yok, imza kaydı [IMZA], aile durumu boşanmış, velayet kendisinde, şasi no [SASI_NO], poliçe no [POLICE_NO]",[AILE] [BABA_ADI] [CEZA_KAYDI] [IMZA] [POLICE_NO] [SASI_NO],[BABA_ADI] [IMZA] [POLICE_NO] [SASI_NO],"acil güncellenecek bilgiler: baba adı [BABA_ADI], adli kaydı kesinleşmiş hükmü yok, imza kaydı [IMZA], aile durumu boşanmış, velayet kendisinde, şasi no [SASI_NO], poliçe no [POLICE_NO]",True,True,False
561,kara_liste,duz,MAC adresi haricindeki bütün PII maskelenecek.,vpn erişimi açılsın ip 100.217.221.88 mac 1C:BA:0E:C0:A7:69,vpn erişimi açılsın ip [IP_ADRES] mac 1C:BA:0E:C0:A7:69,[IP_ADRES] [MAC_ADRES],[IP_ADRES],vpn erişimi açılsın ip [IP_ADRES] mac 1C:BA:0E:C0:A7:69,True,True,False
562,kara_liste,duz,cinsiyet açıkta kalsın; kalan tüm kişisel verileri etiketle.,çalışan Şeyma Kaya Hatay Devlet Hastanesi bünyesinde 27 yaşında erkek,çalışan [AD] [ISYERI] bünyesinde [YAS] yaşında erkek,[AD] [CINSIYET] [ISYERI] [YAS],[AD] [ISYERI] [YAS],çalışan [AD] Hatay Devlet Hastanesi bünyesinde 27 yaşında erkek,False,False,False
563,kara_liste,duz,cep telefonu açıkta kalsın; kalan tüm kişisel verileri etiketle.,çocuğumun okul servisi için adres Menderes Mah. Nergis Cad. No:118 Atakum/Balıkesir tel (552) 271 42 89,çocuğumun okul servisi için adres [ADRES] tel (552) 271 42 89,[ADRES] [TEL],[ADRES],çocuğumun okul servisi için adres [ADRES] tel (552) 271 42 89,True,True,False
564,kara_liste,"kayit,caps",hesap no ve CVV kodu istisna; onun dışındaki tüm kişisel alanları gizle.,"PERSONEL DOSYASI GÜNCELLEMESİ: İMZA KAYDI DİJİTAL İMZA ÖZETİ 353822, ANNE ADI BERRİN, CVV 479, İP 236.83.66.26, KONUM 38.8533, 38.51, MAC D9:3C:64:DF:A1:52, HESAP NO 1018-1664430-438, GSM SIFIR BEŞ BEŞ İKİ ÜÇ SIFIR SEKİZ SIFIR ÜÇ DOKUZ ÜÇ, PİN 0112","PERSONEL DOSYASI GÜNCELLEMESİ: İMZA KAYDI [IMZA], ANNE ADI [ANNE_ADI], CVV 479, İP [IP_ADRES], KONUM [KONUM], MAC [MAC_ADRES], HESAP NO 1018-1664430-438, GSM [TEL], PİN [PIN]",[ANNE_ADI] [CVV] [HESAP_NO] [IMZA] [IP_ADRES] [KONUM] [MAC_ADRES] [PIN] [TEL],[ANNE_ADI] [IMZA] [IP_ADRES] [KONUM] [MAC_ADRES] [PIN] [TEL],"PERSONEL DOSYASI GÜNCELLEMESİ: [IMZA], ANNE ADI [ANNE_ADI], CVV 479, İP [IMEI], KONUM [KONUM], MAC D9:3C:64:DF:A1:52, HESAP NO 1018-1664430-438, GSM SIFIR BEŞ BEŞ İKİ ÜÇ SIFIR SEKİZ SIFIR ÜÇ DOKUZ ÜÇ, PİN [PIN]",False,True,False
565,kara_liste,duz,[AD] istisna; onun dışındaki tüm kişisel alanları gizle.,kredi başvurumun durumunu öğrenmek istiyorum adım Mehmet Tevetoğlu tc dört dört iki iki sekiz sekiz sıfır sekiz üç yedi altı,kredi başvurumun durumunu öğrenmek istiyorum adım Mehmet Tevetoğlu tc [TCKN],[AD] [TCKN],[TCKN],kredi başvurumun durumunu öğrenmek istiyorum adım Mehmet Tevetoğlu tc [TCKN],True,True,False
566,kara_liste,kayit,[TCKN] ve [SGK_NO] istisna; onun dışındaki tüm kişisel alanları gizle.,"çağrı merkezi notu: imei 961874018495638, plaka 05 ZZH 7317, şifresi Lale-3311*, tc kimlik no 6319 9124 926, sgk no 1727040859024, kan grubu A Rh pozitif","çağrı merkezi notu: imei [IMEI], plaka [PLAKA], şifresi [SIFRE], tc kimlik no 6319 9124 926, sgk no 1727040859024, kan grubu [KAN_GRUBU]",[IMEI] [KAN_GRUBU] [PLAKA] [SGK_NO] [SIFRE] [TCKN],[IMEI] [KAN_GRUBU] [PLAKA] [SIFRE],"çağrı merkezi notu: imei [IMEI], plaka [PLAKA], şifresi [SIFRE], tc kimlik no 6319 9124 926, sgk no 1727040859024, kan grubu [KAN_GRUBU]",True,True,False
567,kara_liste,kayit,kullanıcı adı ve [EMAIL] istisna; onun dışındaki tüm kişisel alanları gizle.,"personel dosyası güncellemesi: cüzdan adresi 0x3c5e77e1a09c11133e8d6ec37c8a3cdc6a135c4d, uyruğu Ukrayna, cihaz id KU1N-OYFU-BGZ9, kullanıcı adı barslan10, skt 09/27, kan grubu B Rh pozitif, biyometrik kaydı retina taraması, mail adresi sibel.ergul@icloud.com","personel dosyası güncellemesi: cüzdan adresi [KRIPTO_CUZDAN], uyruğu [UYRUK], cihaz id [CIHAZ_ID], kullanıcı adı barslan10, skt [KART_SKT], kan grubu [KAN_GRUBU], biyometrik kaydı [BIYOMETRIK], mail adresi sibel.ergul@icloud.com",[BIYOMETRIK] [CIHAZ_ID] [EMAIL] [KAN_GRUBU] [KART_SKT] [KRIPTO_CUZDAN] [KULLANICI_ADI] [UYRUK],[BIYOMETRIK] [CIHAZ_ID] [KAN_GRUBU] [KART_SKT] [KRIPTO_CUZDAN] [UYRUK],"personel dosyası güncellemesi: cüzdan adresi [KRIPTO_CUZDAN], uyruğu [UYRUK], cihaz id [CIHAZ_ID], kullanıcı adı barslan10, skt [KREDI_NOTU], kan grubu [KAN_GRUBU], biyometrik kaydı [BIYOMETRIK], mail adresi sibel.ergul@icloud.com",False,False,False
568,kara_liste,duz,"Maskeleme yaparken [KULLANICI_ADI] atlanacak, diğer her kişisel veri etiketlenecek.",uygulamaya giremiyorum kullanıcı adım umutyilmaz65 şifremi Cagla_596# yapmıştım,uygulamaya giremiyorum kullanıcı adım umutyilmaz65 şifremi [SIFRE] yapmıştım,[KULLANICI_ADI] [SIFRE],[SIFRE],uygulamaya giremiyorum kullanıcı adım umutyilmaz65 şifremi [SIFRE] yapmıştım,True,True,False
569,kara_liste,kayit,[ISYERI] haricindeki bütün PII maskelenecek.,"kredi başvuru formu: işyeri Kardelen Gıda AŞ, anne adı Sevginur, adli kaydı kesinleşmiş hükmü yok, pasaport no U83269414, uyruğu Rus, maaşı 97.500 TL maaş, ıban TR336088690954076047695658","kredi başvuru formu: işyeri Kardelen Gıda AŞ, anne adı [ANNE_ADI], adli kaydı [CEZA_KAYDI], pasaport no [PASAPORT_NO], uyruğu [UYRUK], maaşı [MAAS], ıban [IBAN]",[ANNE_ADI] [CEZA_KAYDI] [IBAN] [ISYERI] [MAAS] [PASAPORT_NO] [UYRUK],[ANNE_ADI] [CEZA_KAYDI] [IBAN] [MAAS] [PASAPORT_NO] [UYRUK],"kredi başvuru formu: işyeri Kardelen Gıda AŞ, anne adı [ANNE_ADI], adli kaydı [CEZA_KAYDI], pasaport no [PASAPORT_NO], uyruğu [UYRUK], maaşı [MAAS], ıban [IBAN]",True,False,False
570,kara_liste,kayit,Her şeyi maskele ama [KART_SKT] ve baba adı dokunulmadan kalsın.,"yeni müşteri kaydı: motor no K20B401898, aile durumu eşi ev hanımı, baba adı Lütfi, skt 05/2027, mac 31:33:F9:63:9B:5A, maaşı 138.500 TL maaş, ilgili kişi Derya Dinç, tc kimlik no 36763692800, ip 179.8.149.118","yeni müşteri kaydı: motor no [MOTOR_NO], aile durumu [AILE], baba adı Lütfi, skt 05/2027, mac [MAC_ADRES], maaşı [MAAS], ilgili kişi [AD], tc kimlik no [TCKN], ip [IP_ADRES]",[AD] [AILE] [BABA_ADI] [IP_ADRES] [KART_SKT] [MAAS] [MAC_ADRES] [MOTOR_NO] [TCKN],[AD] [AILE] [IP_ADRES] [MAAS] [MAC_ADRES] [MOTOR_NO] [TCKN],"yeni müşteri kaydı: motor no [MOTOR_NO], aile durumu [AILE], baba adı Lütfi, skt 05/2027, mac [MAC_ADRES], maaşı [MAAS], ilgili kişi [AD], tc kimlik no [TCKN], ip [IP_ADRES]",True,True,False
571,kara_liste,kayit,cihaz ID istisna; onun dışındaki tüm kişisel alanları gizle.,"çağrı merkezi notu: cüzdan adresi TOcaEKTtuUnUrvmZVdOoetOozssbkWANHI, işyeri Toros Sağlık AŞ, şasi no 20P9JBL0W62H3M571, cvv 564, cihaz id 49PJ-1OSZ-KF3K, plaka 74 ZGG 6968, ruhsat no RG-054685, doğum yeri Selçuklu","çağrı merkezi notu: cüzdan adresi [KRIPTO_CUZDAN], işyeri [ISYERI], şasi no [SASI_NO], cvv [CVV], cihaz id 49PJ-1OSZ-KF3K, plaka [PLAKA], ruhsat no [RUHSAT_NO], doğum yeri [DOGUM_YERI]",[CIHAZ_ID] [CVV] [DOGUM_YERI] [ISYERI] [KRIPTO_CUZDAN] [PLAKA] [RUHSAT_NO] [SASI_NO],[CVV] [DOGUM_YERI] [ISYERI] [KRIPTO_CUZDAN] [PLAKA] [RUHSAT_NO] [SASI_NO],"çağrı merkezi notu: cüzdan adresi [KRIPTO_CUZDAN], işyeri [ISYERI], şasi no [SASI_NO], cvv [CVV], cihaz id 49PJ-1OSZ-KF3K, plaka [PLAKA], ruhsat no [RUHSAT_NO], doğum yeri [DOGUM_YERI]",True,True,False
572,kara_liste,kayit,kripto cüzdan adresi istisna; onun dışındaki tüm kişisel alanları gizle.,"başvuru detayları: plaka 36 VR 7381, cüzdan adresi 0xbe86949cb007099963151d773594f7a228a7971c, mac 2A:49:A7:CD:8A:D8, sendika bilgisi Koop-İş üyesi, şifresi Ruzgar_5558+","başvuru detayları: plaka [PLAKA], cüzdan adresi 0xbe86949cb007099963151d773594f7a228a7971c, mac [MAC_ADRES], sendika bilgisi [SENDIKA], şifresi [SIFRE]",[KRIPTO_CUZDAN] [MAC_ADRES] [PLAKA] [SENDIKA] [SIFRE],[MAC_ADRES] [PLAKA] [SENDIKA] [SIFRE],"başvuru detayları: plaka [PLAKA], cüzdan adresi 0xbe86949cb007099963151d773594f7a228a7971c, mac [MAC_ADRES], sendika bilgisi [SENDIKA], şifresi Ruzgar_5558+",False,True,False
573,kara_liste,kayit,"Maskeleme yaparken [EHLIYET_NO] atlanacak, diğer her kişisel veri etiketlenecek.","personel dosyası güncellemesi: engel durumu %70 ortopedik engelli, ehliyet no F6327970, 50 yaşında, sendika bilgisi sendika üyeliği yok, doğum tarihi 16 Aralık 1993, pin 673628, kan grubu A Rh pozitif","personel dosyası güncellemesi: engel durumu [ENGEL_DURUMU], ehliyet no F6327970, [YAS] yaşında, sendika bilgisi [SENDIKA], doğum tarihi [DOGUM_TARIHI], pin [PIN], kan grubu [KAN_GRUBU]",[DOGUM_TARIHI] [EHLIYET_NO] [ENGEL_DURUMU] [KAN_GRUBU] [PIN] [SENDIKA] [YAS],[DOGUM_TARIHI] [ENGEL_DURUMU] [KAN_GRUBU] [PIN] [SENDIKA] [YAS],"personel dosyası güncellemesi: engel durumu [ENGEL_DURUMU], ehliyet no F6327970, [YAS] yaşında, sendika bilgisi [SENDIKA], doğum tarihi [DOGUM_TARIHI], pin [PIN], kan grubu [KAN_GRUBU]",True,False,False
574,kara_liste,duz,"Maskeleme yaparken mail adresi atlanacak, diğer her kişisel veri etiketlenecek.",hesap hareketlerimi berkaslan23@icloud.com adresine gönderin müşteri no 99573465,hesap hareketlerimi berkaslan23@icloud.com adresine gönderin müşteri no [MUSTERI_NO],[EMAIL] [MUSTERI_NO],[MUSTERI_NO],hesap hareketlerimi berkaslan23@icloud.com adresine gönderin müşteri no [MUSTERI_NO],True,True,False
575,kara_liste,kayit,"Maskeleme yaparken kan grubu ve ruhsat numarası atlanacak, diğer her kişisel veri etiketlenecek.","yeni müşteri kaydı: adli kaydı adli para cezası kaydı, motor no K57R246015, konum 40.943, 34.9284, ilgili kişi Abdülcemal Gül, engel durumu engel durumu yok, anne adı Amre, ruhsat no IZ-926319, baba adı Sulhi, kan grubu 0 Rh pozitif","yeni müşteri kaydı: adli kaydı [CEZA_KAYDI], motor no [MOTOR_NO], konum [KONUM], ilgili kişi [AD], engel durumu [ENGEL_DURUMU], anne adı [ANNE_ADI], ruhsat no IZ-926319, baba adı [BABA_ADI], kan grubu 0 Rh pozitif",[AD] [ANNE_ADI] [BABA_ADI] [CEZA_KAYDI] [ENGEL_DURUMU] [KAN_GRUBU] [KONUM] [MOTOR_NO] [RUHSAT_NO],[AD] [ANNE_ADI] [BABA_ADI] [CEZA_KAYDI] [ENGEL_DURUMU] [KONUM] [MOTOR_NO],"yeni müşteri kaydı: adli kaydı [CEZA_KAYDI], motor no [MOTOR_NO], konum [KONUM], ilgili kişi [AD], engel durumu [ENGEL_DURUMU], anne adı [ANNE_ADI], ruhsat no IZ-926319, baba adı [BABA_ADI], kan grubu 0 Rh pozitif",True,True,False
576,kara_liste,uzun,uyruk haricindeki bütün PII maskelenecek.,aile durumu babası emekli olarak güncellendi onaylıyor musunuz. çocuğumun okul servisi için adres Cumhuriyet Mah. Manolya Sok. No:233 Pendik/Samsun tel 0533 959 80 11. sözleşme feshi talep ediyorum sözleşme no 4073-44401 tc 62685780394. personelin engel durumu engel durumu yok olarak güncellendi. işe giriş evrakları için sgk no 2051275108898 gerekiyormuş. yabancı müşteri kaydı uyruğu Fransız pasaport A97392566,aile durumu [AILE] olarak güncellendi onaylıyor musunuz. çocuğumun okul servisi için adres [ADRES] tel [TEL]. sözleşme feshi talep ediyorum sözleşme no [SOZLESME_NO] tc [TCKN]. personelin engel durumu [ENGEL_DURUMU] olarak güncellendi. işe giriş evrakları için sgk no [SGK_NO] gerekiyormuş. yabancı müşteri kaydı uyruğu Fransız pasaport [PASAPORT_NO],[ADRES] [AILE] [ENGEL_DURUMU] [PASAPORT_NO] [SGK_NO] [SOZLESME_NO] [TCKN] [TEL] [UYRUK],[ADRES] [AILE] [ENGEL_DURUMU] [PASAPORT_NO] [SGK_NO] [SOZLESME_NO] [TCKN] [TEL],aile durumu [AILE] olarak güncellendi onaylıyor musunuz. çocuğumun okul servisi için adres [ADRES] tel [TEL]. sözleşme feshi talep ediyorum sözleşme no [SOZLESME_NO] tc [TCKN]. personelin engel durumu [ENGEL_DURUMU] olarak güncellendi. işe giriş evrakları için sgk no [SGK_NO] gerekiyormuş. yabancı müşteri kaydı uyruğu Fransız pasaport [PASAPORT_NO],True,True,False
577,kara_liste,kayit,IBAN ve biyometrik veri haricindeki bütün PII maskelenecek.,"kredi başvuru formu: müşteri Sinan Yavuz, IBAN TR003071875996597708729146, kan grubu A Rh pozitif, motor no O61D974090, skt 08/33, biyometrik kaydı el geometrisi verisi, sendika bilgisi sendika üyeliği yok, adli kaydı ertelenmiş hapis cezası","kredi başvuru formu: müşteri [AD], IBAN TR003071875996597708729146, kan grubu [KAN_GRUBU], motor no [MOTOR_NO], skt [KART_SKT], biyometrik kaydı el geometrisi verisi, sendika bilgisi [SENDIKA], adli kaydı [CEZA_KAYDI]",[AD] [BIYOMETRIK] [CEZA_KAYDI] [IBAN] [KAN_GRUBU] [KART_SKT] [MOTOR_NO] [SENDIKA],[AD] [CEZA_KAYDI] [KAN_GRUBU] [KART_SKT] [MOTOR_NO] [SENDIKA],"kredi başvuru formu: müşteri [MUSTERI_NO], IBAN TR003071875996597708729146, kan grubu [KAN_GRUBU], motor no [MOTOR_NO], skt [KREDI_NOTU], biyometrik kaydı el geometrisi verisi, sendika bilgisi [SENDIKA], adli kaydı [CEZA_KAYDI]",False,True,False
578,kara_liste,kayit,biyometrik veri haricindeki bütün PII maskelenecek.,"acil güncellenecek bilgiler: gsm (535) 310 72 76, skt 01/2026, sgk no 3155 3863 6169 4, biyometrik kaydı el geometrisi verisi, mail adresi arisoy1971@gmail.com","acil güncellenecek bilgiler: gsm [TEL], skt [KART_SKT], sgk no [SGK_NO], biyometrik kaydı el geometrisi verisi, mail adresi [EMAIL]",[BIYOMETRIK] [EMAIL] [KART_SKT] [SGK_NO] [TEL],[EMAIL] [KART_SKT] [SGK_NO] [TEL],"acil güncellenecek bilgiler: gsm [TEL], skt [KREDI_NOTU], sgk no [SGK_NO], biyometrik kaydı el geometrisi verisi, mail adresi [EMAIL]",False,True,False
579,kara_liste,duz,kredi kartı numarası açıkta kalsın; kalan tüm kişisel verileri etiketle.,internetten yaptığım ödeme görünmüyor kart no 4828559064670990 skt 06/26,internetten yaptığım ödeme görünmüyor kart no 4828559064670990 skt [KART_SKT],[KART] [KART_SKT],[KART_SKT],internetten yaptığım ödeme görünmüyor kart no 4828559064670990 skt [KART_SKT],True,True,False
580,kara_liste,duz,Her şeyi maskele ama [TCKN] dokunulmadan kalsın.,sözleşme feshi talep ediyorum sözleşme no 9319-86373 tc on bir kırk sekiz otuz yirmi bir yetmiş dokuz altı,sözleşme feshi talep ediyorum sözleşme no [SOZLESME_NO] tc on bir kırk sekiz otuz yirmi bir yetmiş dokuz altı,[SOZLESME_NO] [TCKN],[SOZLESME_NO],sözleşme feshi talep ediyorum sözleşme no [SOZLESME_NO] tc on bir kırk sekiz otuz yirmi bir yetmiş dokuz altı,True,True,False
581,kara_liste,kayit,"Maskeleme yaparken kullanıcı adı ve SGK no atlanacak, diğer her kişisel veri etiketlenecek.","başvuru detayları: sgk no 9748 0517 9600 2, sendika bilgisi Öz Finans-İş üyesi, kullanıcı adı sevican_doga14, kredi notu 379, skt 12/33","başvuru detayları: sgk no 9748 0517 9600 2, sendika bilgisi [SENDIKA], kullanıcı adı sevican_doga14, kredi notu [KREDI_NOTU], skt [KART_SKT]",[KART_SKT] [KREDI_NOTU] [KULLANICI_ADI] [SENDIKA] [SGK_NO],[KART_SKT] [KREDI_NOTU] [SENDIKA],"başvuru detayları: sgk no 9748 0517 9600 2, sendika bilgisi [SENDIKA], kullanıcı adı sevican_doga14, kredi notu [KREDI_NOTU]",False,True,False
582,kara_liste,kayit,engellilik bilgisi ve kredi notu haricindeki bütün PII maskelenecek.,"kredi başvuru formu: skt 03/2031, kan grubu 0 Rh negatif, engel durumu %60 görme engelli, doğum yeri Adana, plaka 42 HU 5872, adresi Çamlık Mah. Orkide Bulv. No:250 D:3 Kat:9 Kepez/Trabzon, kredi notu 1578, sağlık notu kalp yetmezliği takibi","kredi başvuru formu: skt [KART_SKT], kan grubu [KAN_GRUBU], engel durumu %60 görme engelli, doğum yeri [DOGUM_YERI], plaka [PLAKA], adresi [ADRES], kredi notu 1578, sağlık notu [SAGLIK]",[ADRES] [DOGUM_YERI] [ENGEL_DURUMU] [KAN_GRUBU] [KART_SKT] [KREDI_NOTU] [PLAKA] [SAGLIK],[ADRES] [DOGUM_YERI] [KAN_GRUBU] [KART_SKT] [PLAKA] [SAGLIK],"kredi başvuru formu: skt [KREDI_NOTU], kan grubu [KAN_GRUBU], engel durumu %60 görme engelli, doğum yeri [DOGUM_YERI], plaka [PLAKA], adresi [ADRES], kredi notu 1578, sağlık notu kalp yetmezliği takibi",False,True,False
583,kara_liste,duz,Her şeyi maskele ama [PASAPORT_NO] dokunulmadan kalsın.,yurtdışı harcama onayı pasaport A09091437 kart beş yedi üç iki iki sıfır üç sekiz üç sekiz altı iki beş dört sekiz sıfır,yurtdışı harcama onayı pasaport A09091437 kart [KART],[KART] [PASAPORT_NO],[KART],yurtdışı harcama onayı pasaport A09091437 kart [KART],True,True,False
584,kara_liste,caps,T.C. kimlik numarası istisna; onun dışındaki tüm kişisel alanları gizle.,KREDİ BAŞVURUMUN DURUMUNU ÖĞRENMEK İSTİYORUM ADIM GÖKHAN ÖZCAN TC 2080 1842 432,KREDİ BAŞVURUMUN DURUMUNU ÖĞRENMEK İSTİYORUM ADIM [AD] TC 2080 1842 432,[AD] [TCKN],[AD],KREDİ BAŞVURUMUN DURUMUNU ÖĞRENMEK İSTİYORUM ADIM [AD] TC 2080 1842 432,True,True,False
585,kara_liste,duz,"Maskeleme yaparken [SICIL_NO] atlanacak, diğer her kişisel veri etiketlenecek.",bordro itirazım var sicil 40080 maaşım 182.500 TL maaş yatmış eksik,bordro itirazım var sicil 40080 maaşım [MAAS] yatmış eksik,[MAAS] [SICIL_NO],[MAAS],bordro itirazım var sicil 40080 maaşım [MAAS] yatmış eksik,True,True,False
586,kara_liste,duz,doğum tarihi haricindeki bütün PII maskelenecek.,poliçemi yenilemek istiyorum poliçe no 3376/322177 doğum tarihim 17 Şubat 2000,poliçemi yenilemek istiyorum poliçe no [POLICE_NO] doğum tarihim 17 Şubat 2000,[DOGUM_TARIHI] [POLICE_NO],[POLICE_NO],poliçemi yenilemek istiyorum poliçe no [POLICE_NO] doğum tarihim 17 Şubat 2000,True,True,False
587,kara_liste,caps,doğum tarihi istisna; onun dışındaki tüm kişisel alanları gizle.,POLİÇEMİ YENİLEMEK İSTİYORUM POLİÇE NO P128526136 DOĞUM TARİHİM 2003-11-09,POLİÇEMİ YENİLEMEK İSTİYORUM POLİÇE NO [POLICE_NO] DOĞUM TARİHİM 2003-11-09,[DOGUM_TARIHI] [POLICE_NO],[POLICE_NO],POLİÇEMİ YENİLEMEK İSTİYORUM POLİÇE NO [POLICE_NO] DOĞUM TARİHİM 2003-11-09,True,True,False
588,kara_liste,duz,[TCKN] haricindeki bütün PII maskelenecek.,sözleşme feshi talep ediyorum sözleşme no 3211-54748 tc 79702313978,sözleşme feshi talep ediyorum sözleşme no [SOZLESME_NO] tc 79702313978,[SOZLESME_NO] [TCKN],[SOZLESME_NO],sözleşme feshi talep ediyorum sözleşme no [SOZLESME_NO] tc 79702313978,True,True,False
589,kara_liste,duz,ad soyad açıkta kalsın; kalan tüm kişisel verileri etiketle.,aidat iadesi için ıban paylaşıyorum TR32-0410-1319-5322-7981-0458-20 isim Sinan Gülen,aidat iadesi için ıban paylaşıyorum [IBAN] isim Sinan Gülen,[AD] [IBAN],[IBAN],aidat iadesi için ıban paylaşıyorum [IBAN] isim Sinan Gülen,True,True,False
590,kara_liste,kayit,e-posta adresi istisna; onun dışındaki tüm kişisel alanları gizle.,"sisteme girilecek kayıt: e-postası hicsonmez_sezer@yandex.com, din hanesi Agnostik, telefonu (532) 797 30 03, sözleşme no 1764-81316, kan grubu 0 Rh pozitif","sisteme girilecek kayıt: e-postası hicsonmez_sezer@yandex.com, din hanesi [DIN], telefonu [TEL], sözleşme no [SOZLESME_NO], kan grubu [KAN_GRUBU]",[DIN] [EMAIL] [KAN_GRUBU] [SOZLESME_NO] [TEL],[DIN] [KAN_GRUBU] [SOZLESME_NO] [TEL],"sisteme girilecek kayıt: e-postası hicsonmez_sezer@yandex.com, din hanesi [DIN], telefonu [TEL], sözleşme no [SOZLESME_NO], kan grubu [KAN_GRUBU]",True,True,False
591,kara_liste,duz,kredi notu haricindeki bütün PII maskelenecek.,müşteri Macide Sakarya kredi notu 1287 çıktı limit artışı uygun mu,müşteri [AD] kredi notu 1287 çıktı limit artışı uygun mu,[AD] [KREDI_NOTU],[AD],müşteri [AD] kredi notu 1287 çıktı limit artışı uygun mu,True,True,False
592,kara_liste,duz,Her şeyi maskele ama [MOTOR_NO] dokunulmadan kalsın.,araç satışı için şasi W5TNFKEVYHZZ2V9HW motor M45B043342 sorgulanacak,araç satışı için şasi [SASI_NO] motor M45B043342 sorgulanacak,[MOTOR_NO] [SASI_NO],[SASI_NO],araç satışı için şasi [SASI_NO] motor M45B043342 sorgulanacak,True,True,False
593,kara_liste,"kayit,caps",araç plakası ve hesap no istisna; onun dışındaki tüm kişisel alanları gizle.,"BAYİ EKRANINDAN GELEN KAYIT: MOTOR NO M88B721218, UYRUĞU İRAN, SGK NO 6487314820227, SAĞLIK NOTU FISTIK ALERJİSİ, CVV 565, PLAKA 02 FFU 2805, HESAP NO 5557 329654","BAYİ EKRANINDAN GELEN KAYIT: MOTOR NO [MOTOR_NO], UYRUĞU [UYRUK], SGK NO [SGK_NO], SAĞLIK NOTU [SAGLIK], CVV [CVV], PLAKA 02 FFU 2805, HESAP NO 5557 329654",[CVV] [HESAP_NO] [MOTOR_NO] [PLAKA] [SAGLIK] [SGK_NO] [UYRUK],[CVV] [MOTOR_NO] [SAGLIK] [SGK_NO] [UYRUK],"BAYİ EKRANINDAN GELEN KAYIT: MOTOR NO [MOTOR_NO], UYRUĞU İRAN, SGK NO [SGK_NO], SAĞLIK NOTU [SAGLIK], CVV [CVV], PLAKA 02 FFU 2805, HESAP NO 5557 329654",False,False,False
594,kara_liste,duz,müşteri numarası istisna; onun dışındaki tüm kişisel alanları gizle.,hesap hareketlerimi oguz_akdeniz@yandex.com adresine gönderin müşteri no MU4516530,hesap hareketlerimi [EMAIL] adresine gönderin müşteri no MU4516530,[EMAIL] [MUSTERI_NO],[EMAIL],hesap hareketlerimi [EMAIL] adresine gönderin müşteri no MU4516530,True,True,False
595,kara_liste,uzun,Her şeyi maskele ama kripto cüzdan adresi ve kredi notu dokunulmadan kalsın.,imza doğrulaması için imza hash d846ff80 kayıtlarda mevcut. müşteri Cantez Kısakürek kredi notu 1159 çıktı limit artışı uygun mu. vpn erişimi açılsın ip 197.213.201.203 mac EB:98:36:F5:46:95. kripto çekim adresim bc1qj6pf7lz64zdqq4xkx86u1dztizptha onay bekliyor. araç satışı için şasi HHESKM47D3JPENVJB motor O92B991702 sorgulanacak,imza doğrulaması için [IMZA] kayıtlarda mevcut. müşteri [AD] kredi notu 1159 çıktı limit artışı uygun mu. vpn erişimi açılsın ip [IP_ADRES] mac [MAC_ADRES]. kripto çekim adresim bc1qj6pf7lz64zdqq4xkx86u1dztizptha onay bekliyor. araç satışı için şasi [SASI_NO] motor [MOTOR_NO] sorgulanacak,[AD] [IMZA] [IP_ADRES] [KREDI_NOTU] [KRIPTO_CUZDAN] [MAC_ADRES] [MOTOR_NO] [SASI_NO],[AD] [IMZA] [IP_ADRES] [MAC_ADRES] [MOTOR_NO] [SASI_NO],[IMZA] kayıtlarda mevcut. müşteri [MUSTERI_NO] kredi notu 1159 çıktı limit artışı uygun mu. vpn erişimi açılsın ip [IP_ADRES] mac [MAC_ADRES]. kripto çekim adresim bc1qj6pf7lz64zdqq4xkx86u1dztizptha onay bekliyor. araç satışı için şasi [SASI_NO] motor [MOTOR_NO] sorgulanacak,False,True,False
596,kara_liste,kayit,motor numarası ve [CINSIYET] açıkta kalsın; kalan tüm kişisel verileri etiketle.,"çağrı merkezi notu: şasi no 5KA9T2ZY1NCLHLMJC, sicil no SC2624, müşteri no MU9871057, ıban TR8385 0242 9704 5722 2997 4134, cinsiyeti erkek, motor no M65D388301, sgk no 3259964592097","çağrı merkezi notu: şasi no [SASI_NO], sicil no [SICIL_NO], müşteri no [MUSTERI_NO], ıban [IBAN], cinsiyeti erkek, motor no M65D388301, sgk no [SGK_NO]",[CINSIYET] [IBAN] [MOTOR_NO] [MUSTERI_NO] [SASI_NO] [SGK_NO] [SICIL_NO],[IBAN] [MUSTERI_NO] [SASI_NO] [SGK_NO] [SICIL_NO],"çağrı merkezi notu: şasi no [SASI_NO], sicil no [SICIL_NO], müşteri no [MUSTERI_NO], ıban [IBAN], cinsiyeti erkek, motor no M65D388301, sgk no [SGK_NO]",True,True,False
597,kara_liste,duz,Her şeyi maskele ama kart son kullanma tarihi dokunulmadan kalsın.,internetten yaptığım ödeme görünmüyor kart no elli dokuz yirmi iki seksen altı otuz dokuz on sıfır altı doksan üç altmış iki skt 03/2027,internetten yaptığım ödeme görünmüyor kart no [KART] skt 03/2027,[KART] [KART_SKT],[KART],internetten yaptığım ödeme görünmüyor kart no [KART] skt 03/2027,True,True,False
598,kara_liste,kayit,Her şeyi maskele ama MAC adresi dokunulmadan kalsın.,"sisteme girilecek kayıt: kullanıcı adı adlantunc72, anne adı Melis, hesap no 3612 472900, kart no dört sekiz sekiz dokuz dört dokuz sekiz altı beş üç dört bir dokuz dokuz beş dokuz, mac FA:A2:8C:FE:E1:6B","sisteme girilecek kayıt: kullanıcı adı [KULLANICI_ADI], anne adı [ANNE_ADI], hesap no [HESAP_NO], kart no [KART], mac FA:A2:8C:FE:E1:6B",[ANNE_ADI] [HESAP_NO] [KART] [KULLANICI_ADI] [MAC_ADRES],[ANNE_ADI] [HESAP_NO] [KART] [KULLANICI_ADI],"sisteme girilecek kayıt: kullanıcı adı [KULLANICI_ADI], anne adı [ANNE_ADI], hesap no [HESAP_NO], kart no [KART], mac FA:A2:8C:FE:E1:6B",True,True,False
599,kara_liste,uzun,"Maskeleme yaparken [UYRUK] atlanacak, diğer her kişisel veri etiketlenecek.",yabancı müşteri kaydı uyruğu Ukrayna pasaport U44173367. etnik köken alanı Kürt yazılmış bu alan zorunlu mu. şirket aracının muayenesi yaklaştı plaka 80 BBA 3802 ruhsat no KF-853513. araç satışı için şasi E2F5H6JJKCCPUE7T1 motor K35R295415 sorgulanacak. babamın adı Yayak annemin adı Rengül form böyle istiyor,yabancı müşteri kaydı uyruğu Ukrayna pasaport [PASAPORT_NO]. etnik köken alanı [ETNIK_KOKEN] yazılmış bu alan zorunlu mu. şirket aracının muayenesi yaklaştı plaka [PLAKA] ruhsat no [RUHSAT_NO]. araç satışı için şasi [SASI_NO] motor [MOTOR_NO] sorgulanacak. babamın adı [BABA_ADI] annemin adı [ANNE_ADI] form böyle istiyor,[ANNE_ADI] [BABA_ADI] [ETNIK_KOKEN] [MOTOR_NO] [PASAPORT_NO] [PLAKA] [RUHSAT_NO] [SASI_NO] [UYRUK],[ANNE_ADI] [BABA_ADI] [ETNIK_KOKEN] [MOTOR_NO] [PASAPORT_NO] [PLAKA] [RUHSAT_NO] [SASI_NO],yabancı müşteri kaydı uyruğu Ukrayna pasaport [PASAPORT_NO]. etnik köken alanı [ETNIK_KOKEN] yazılmış bu alan zorunlu mu. şirket aracının muayenesi yaklaştı plaka [PLAKA] ruhsat no [RUHSAT_NO]. araç satışı için şasi [SASI_NO] motor [MOTOR_NO] sorgulanacak. babamın adı [BABA_ADI] annemin adı [ANNE_ADI] form böyle istiyor,True,True,False
600,kara_liste,duz,"Maskeleme yaparken IP adresi atlanacak, diğer her kişisel veri etiketlenecek.",vpn erişimi açılsın ip 115.186.84.197 mac 91:80:A1:66:33:4B,vpn erişimi açılsın ip 115.186.84.197 mac [MAC_ADRES],[IP_ADRES] [MAC_ADRES],[MAC_ADRES],vpn erişimi açılsın ip 115.186.84.197 mac [MAC_ADRES],True,True,False
601,kapsam_disi,duz,"SGK no ve [IMEI] alanını etiketle, kalan her şeyi aynen bırak.",şirket aracının muayenesi yaklaştı plaka 67 V 8098 ruhsat no ZY-720812,şirket aracının muayenesi yaklaştı plaka 67 V 8098 ruhsat no ZY-720812,[PLAKA] [RUHSAT_NO],,şirket aracının muayenesi yaklaştı plaka 67 V 8098 ruhsat no [RUHSAT_NO],False,True,False
602,kapsam_disi,uzun,Kapsam yalnızca kullanıcı adı ve [POLICE_NO]; diğer kişisel veriler bu sefer açık kalacak.,etnik köken alanı Laz yazılmış bu alan zorunlu mu. araç satışı için şasi PXWE99PY6W6KN6LXJ motor N37R878341 sorgulanacak. kripto çekim adresim 0x6aa081e89cff8c40f3f8accb559ce3ff652a3c74 onay bekliyor. din hanesi Hristiyan olarak görünüyor değiştirmek istiyorum,etnik köken alanı Laz yazılmış bu alan zorunlu mu. araç satışı için şasi PXWE99PY6W6KN6LXJ motor N37R878341 sorgulanacak. kripto çekim adresim 0x6aa081e89cff8c40f3f8accb559ce3ff652a3c74 onay bekliyor. din hanesi Hristiyan olarak görünüyor değiştirmek istiyorum,[DIN] [ETNIK_KOKEN] [KRIPTO_CUZDAN] [MOTOR_NO] [SASI_NO],,etnik köken alanı Laz yazılmış bu alan zorunlu mu. araç satışı için şasi PXWE99PY6W6KN6LXJ motor N37R878341 sorgulanacak. kripto çekim adresim 0x6aa081e89cff8c40f3f8accb559ce3ff652a3c74 onay bekliyor. din hanesi Hristiyan olarak görünüyor değiştirmek istiyorum,True,True,False
603,kapsam_disi,kayit,Bu talepte tek hedef ceza kaydı ve [MAC_ADRES]; başka alan etiketlenmeyecek.,"sisteme girilecek kayıt: şasi no 0NBD6TUG1A9ZW6P3P, mail adresi nur1958@mynet.com, biyometrik kaydı iris taraması, konum 39.4856, 40.9395, kart no 5280180386102787, sağlık notu astım tanısı, şifresi Ruzgar.6877*, işyeri Sakarya Büyükşehir Belediyesi, sicil no 1345","sisteme girilecek kayıt: şasi no 0NBD6TUG1A9ZW6P3P, mail adresi nur1958@mynet.com, biyometrik kaydı iris taraması, konum 39.4856, 40.9395, kart no 5280180386102787, sağlık notu astım tanısı, şifresi Ruzgar.6877*, işyeri Sakarya Büyükşehir Belediyesi, sicil no 1345",[BIYOMETRIK] [EMAIL] [ISYERI] [KART] [KONUM] [SAGLIK] [SASI_NO] [SICIL_NO] [SIFRE],,"sisteme girilecek kayıt: şasi no [SASI_NO], mail adresi nur1958@mynet.com, biyometrik kaydı iris taraması, konum 39.4856, 40.9395, kart no [KART], sağlık notu astım tanısı, şifresi [SIFRE], işyeri Sakarya Büyükşehir Belediyesi, sicil no 1345",False,True,False
604,kapsam_disi,duz,Bu talepte tek hedef etnik köken bilgisi; başka alan etiketlenmeyecek.,internetten yaptığım ödeme görünmüyor kart no 5237 9400 3670 6061 skt 06/29,internetten yaptığım ödeme görünmüyor kart no 5237 9400 3670 6061 skt 06/29,[KART] [KART_SKT],,internetten yaptığım ödeme görünmüyor kart no [KART] skt 06/29,False,True,False
605,kapsam_disi,duz,"Sadece ehliyet numarası ve [KART_SKT] için maskeleme yap, gerisi olduğu gibi kalsın.",bordro itirazım var sicil SC3145 maaşım 87.500 TL maaş yatmış eksik,bordro itirazım var sicil SC3145 maaşım 87.500 TL maaş yatmış eksik,[MAAS] [SICIL_NO],,bordro itirazım var sicil SC3145 maaşım 87.500 TL maaş yatmış eksik,True,True,False
606,kapsam_disi,kayit,Yalnız [DIN] gizlenecek; başka hiçbir şey değişmeyecek.,"bayi ekranından gelen kayıt: adresi Kültür Mah. Gül Bulv. No:94 D:7 Kat:12 İpekyolu/Aydın, motor no K64N892636, ehliyet no D5212463, cinsiyeti erkek, sicil no 9502, anne kızlık soyadı Akçay","bayi ekranından gelen kayıt: adresi Kültür Mah. Gül Bulv. No:94 D:7 Kat:12 İpekyolu/Aydın, motor no K64N892636, ehliyet no D5212463, cinsiyeti erkek, sicil no 9502, anne kızlık soyadı Akçay",[ADRES] [ANNE_KIZLIK] [CINSIYET] [EHLIYET_NO] [MOTOR_NO] [SICIL_NO],,"bayi ekranından gelen kayıt: adresi Kültür Mah. Gül Bulv. No:94 D:7 Kat:12 İpekyolu/Aydın, motor no K64N892636, ehliyet no D5212463, cinsiyeti erkek, sicil no 9502, anne kızlık soyadı Akçay",True,True,False
607,kapsam_disi,ekli,Kapsam yalnızca [POLICE_NO]; diğer kişisel veriler bu sefer açık kalacak.,Seda Demir'in vekaleti Özge Tevetoğlu'ya devredildi,Seda Demir'in vekaleti Özge Tevetoğlu'ya devredildi,[AD],,Seda Demir'in vekaleti Özge Tevetoğlu'ya devredildi,True,True,False
608,kapsam_disi,duz,Bu metinde kart son kullanma tarihi dışında hiçbir şeyi maskeleme.,hesap no altı yedi iki beş sıfır üç sıfır altı yedi beş üzerine otomatik ödeme tanımlansın,hesap no altı yedi iki beş sıfır üç sıfır altı yedi beş üzerine otomatik ödeme tanımlansın,[HESAP_NO],,hesap no altı yedi iki beş sıfır üç sıfır altı yedi beş üzerine otomatik ödeme tanımlansın,True,True,False
609,kapsam_disi,caps,Yalnız MAC adresi ve [EHLIYET_NO] gizlenecek; başka hiçbir şey değişmeyecek.,BABAMIN ADI BARIŞ ANNEMİN ADI TUĞBA FORM BÖYLE İSTİYOR,BABAMIN ADI BARIŞ ANNEMİN ADI TUĞBA FORM BÖYLE İSTİYOR,[ANNE_ADI] [BABA_ADI],,BABAMIN ADI BARIŞ ANNEMİN ADI TUĞBA FORM BÖYLE İSTİYOR,True,True,False
610,kapsam_disi,kayit,Bu metinde cinsiyet dışında hiçbir şeyi maskeleme.,"başvuru detayları: kredi notu 1145, vergi no bir dokuz üç bir bir bir sekiz üç sıfır üç, ruhsat no WF-688202, kan grubu B Rh pozitif, doğum tarihi 03/04/1981, skt 04/31, tc kimlik no 724-413-169-96, aile durumu boşanmış, velayet kendisinde","başvuru detayları: kredi notu 1145, vergi no bir dokuz üç bir bir bir sekiz üç sıfır üç, ruhsat no WF-688202, kan grubu B Rh pozitif, doğum tarihi 03/04/1981, skt 04/31, tc kimlik no 724-413-169-96, aile durumu boşanmış, velayet kendisinde",[AILE] [DOGUM_TARIHI] [KAN_GRUBU] [KART_SKT] [KREDI_NOTU] [RUHSAT_NO] [TCKN] [VERGI_NO],,"başvuru detayları: kredi notu 1145, vergi no bir dokuz üç bir bir bir sekiz üç sıfır üç, ruhsat no WF-688202, kan grubu B Rh pozitif, doğum tarihi 03/04/1981, skt 04/31, tc kimlik no 724-413-169-96, aile durumu boşanmış, velayet kendisinde",True,True,False
611,kapsam_disi,kayit,Bu metinde kart güvenlik kodu ve şasi numarası dışında hiçbir şeyi maskeleme.,"sisteme girilecek kayıt: kullanıcı adı ayhantar47, hesap no 2308 516135, imza kaydı dijital imza özeti 616A04, sözleşme no 1512-61457, vergi no 3432023691, engel durumu %70 ortopedik engelli, ip 247.183.228.128, sendika bilgisi Basisen üyesi","sisteme girilecek kayıt: kullanıcı adı ayhantar47, hesap no 2308 516135, imza kaydı dijital imza özeti 616A04, sözleşme no 1512-61457, vergi no 3432023691, engel durumu %70 ortopedik engelli, ip 247.183.228.128, sendika bilgisi Basisen üyesi",[ENGEL_DURUMU] [HESAP_NO] [IMZA] [IP_ADRES] [KULLANICI_ADI] [SENDIKA] [SOZLESME_NO] [VERGI_NO],,"sisteme girilecek kayıt: kullanıcı adı ayhantar47, hesap no 2308 516135, imza kaydı dijital imza özeti 616A04, sözleşme no 1512-61457, vergi no 3432023691, engel durumu %70 ortopedik engelli, ip 247.183.228.128, sendika bilgisi Basisen üyesi",True,True,False
612,kapsam_disi,ekli,Kapsam yalnızca cihaz ID ve sözleşme numarası; diğer kişisel veriler bu sefer açık kalacak.,Cem Aslan'ın vekaleti Onur Kılıç'a devredildi,Cem Aslan'ın vekaleti Onur Kılıç'a devredildi,[AD],,Cem Aslan'ın vekaleti Onur Kılıç'a devredildi,True,True,False
613,kapsam_disi,kayit,"Sadece hesap no ve [KAN_GRUBU] için maskeleme yap, gerisi olduğu gibi kalsın.","çağrı merkezi notu: müşteri Ozan Zengin, doğum yeri Elazığ, ip 111.208.155.226, sendika bilgisi Öz Finans-İş üyesi, ıban TR9429 7397 8351 7224 4824 4019, ruhsat no HE-388544, kredi notu 1205, ehliyet no E5861538","çağrı merkezi notu: müşteri Ozan Zengin, doğum yeri Elazığ, ip 111.208.155.226, sendika bilgisi Öz Finans-İş üyesi, ıban TR9429 7397 8351 7224 4824 4019, ruhsat no HE-388544, kredi notu 1205, ehliyet no E5861538",[AD] [DOGUM_YERI] [EHLIYET_NO] [IBAN] [IP_ADRES] [KREDI_NOTU] [RUHSAT_NO] [SENDIKA],,"çağrı merkezi notu: müşteri Ozan Zengin, doğum yeri Elazığ, ip 111.208.155.226, sendika bilgisi Öz Finans-İş üyesi, ıban TR9429 7397 8351 7224 4824 4019, ruhsat no HE-388544, kredi notu 1205, ehliyet no E5861538",True,True,False
614,kapsam_disi,kayit,Bu talepte tek hedef [TCKN] ve anne adı; başka alan etiketlenmeyecek.,"sisteme girilecek kayıt: ehliyet no D0352936, kredi notu 1546, sgk no 8283045829067, uyruğu Afgan, kullanıcı adı salih_akta93, poliçe no POL-9504456, ruhsat no VY-031412","sisteme girilecek kayıt: ehliyet no D0352936, kredi notu 1546, sgk no 8283045829067, uyruğu Afgan, kullanıcı adı salih_akta93, poliçe no POL-9504456, ruhsat no VY-031412",[EHLIYET_NO] [KREDI_NOTU] [KULLANICI_ADI] [POLICE_NO] [RUHSAT_NO] [SGK_NO] [UYRUK],,"sisteme girilecek kayıt: ehliyet no [EHLIYET_NO], kredi notu 1546, sgk no [SGK_NO], uyruğu Afgan, kullanıcı adı salih_akta93, poliçe no POL-9504456, ruhsat no [RUHSAT_NO]",False,True,False
615,kapsam_disi,duz,Bu talepte tek hedef doğum tarihi ve kan grubu; başka alan etiketlenmeyecek.,etnik köken alanı Kürt yazılmış bu alan zorunlu mu,etnik köken alanı Kürt yazılmış bu alan zorunlu mu,[ETNIK_KOKEN],,etnik köken alanı Kürt yazılmış bu alan zorunlu mu,True,True,False
616,kapsam_disi,caps,"Sadece cinsiyet için maskeleme yap, gerisi olduğu gibi kalsın.",ŞİRKET ARACININ MUAYENESİ YAKLAŞTI PLAKA 65 AN 2716 RUHSAT NO EO-056835,ŞİRKET ARACININ MUAYENESİ YAKLAŞTI PLAKA 65 AN 2716 RUHSAT NO EO-056835,[PLAKA] [RUHSAT_NO],,ŞİRKET ARACININ MUAYENESİ YAKLAŞTI PLAKA 65 AN 2716 RUHSAT NO EO-056835,True,True,False
617,kapsam_disi,uzun,Bu talepte tek hedef kripto cüzdan adresi ve [SENDIKA]; başka alan etiketlenmeyecek.,uygulamaya giremiyorum kullanıcı adım usari85 şifremi Ruzgar5231. yapmıştım. aidat iadesi için ıban paylaşıyorum TR23-0191-5994-2853-9398-2826-23 isim Zehra Erdoğan. hesap hareketlerimi nursedaozkan42@yandex.com adresine gönderin müşteri no MU0918126. yurtdışı harcama onayı pasaport U72858220 kart 4717 5062 4422 7698. personelin engel durumu kronik hastalık raporu olarak güncellendi. annemin kızlık soyadı Aydın güvenlik sorusunda kabul edilmiyor,uygulamaya giremiyorum kullanıcı adım usari85 şifremi Ruzgar5231. yapmıştım. aidat iadesi için ıban paylaşıyorum TR23-0191-5994-2853-9398-2826-23 isim Zehra Erdoğan. hesap hareketlerimi nursedaozkan42@yandex.com adresine gönderin müşteri no MU0918126. yurtdışı harcama onayı pasaport U72858220 kart 4717 5062 4422 7698. personelin engel durumu kronik hastalık raporu olarak güncellendi. annemin kızlık soyadı Aydın güvenlik sorusunda kabul edilmiyor,[AD] [ANNE_KIZLIK] [EMAIL] [ENGEL_DURUMU] [IBAN] [KART] [KULLANICI_ADI] [MUSTERI_NO] [PASAPORT_NO] [SIFRE],,uygulamaya giremiyorum kullanıcı adım [KULLANICI_ADI] şifremi [SIFRE]. yapmıştım. aidat iadesi için ıban paylaşıyorum [IBAN] isim [AD]. hesap hareketlerimi [EMAIL] adresine gönderin müşteri no [MUSTERI_NO]. yurtdışı harcama onayı pasaport [PASAPORT_NO] kart [KART]. personelin engel durumu [ENGEL_DURUMU] olarak güncellendi. annemin kızlık soyadı [ANNE_KIZLIK] güvenlik sorusunda kabul edilmiyor,False,True,False
618,kapsam_disi,kayit,Bu talepte tek hedef kan grubu; başka alan etiketlenmeyecek.,"çağrı merkezi notu: işyeri Doğa Otomotiv A.Ş., engel durumu %60 görme engelli, ehliyet no B6219169, tc si 716-319-113-24, sicil no SC8255, motor no Z28B176520","çağrı merkezi notu: işyeri Doğa Otomotiv A.Ş., engel durumu %60 görme engelli, ehliyet no B6219169, tc si 716-319-113-24, sicil no SC8255, motor no Z28B176520",[EHLIYET_NO] [ENGEL_DURUMU] [ISYERI] [MOTOR_NO] [SICIL_NO] [TCKN],,"çağrı merkezi notu: işyeri Doğa Otomotiv A.Ş., engel durumu %60 görme engelli, ehliyet no B6219169, tc si 716-319-113-24, sicil no SC8255, motor no Z28B176520",True,True,False
619,kapsam_disi,duz,Maskeleme talimatı: sadece işyeri bilgisi ve din bilgisi.,yurtdışı harcama onayı pasaport A64579065 kart 5723-5541-0343-7238,yurtdışı harcama onayı pasaport A64579065 kart 5723-5541-0343-7238,[KART] [PASAPORT_NO],,yurtdışı harcama onayı pasaport A64579065 kart 5723-5541-0343-7238,True,True,False
620,kapsam_disi,uzun,Maskeleme talimatı: sadece şasi numarası.,bordro itirazım var sicil SC4032 maaşım aylık 128.000 TL yatmış eksik. şirket aracının muayenesi yaklaştı plaka 50 Z 7193 ruhsat no TB-075459. hesap no 2413 587512 üzerine otomatik ödeme tanımlansın. cihaz eşleştirme kodu D8OM-VDF5-T0H3 kabul edilmiyor. kripto çekim adresim 0x42284dcb195a39506dddd00fe96ba204d15a4cbe onay bekliyor. biyometrik girişte sorun var retina taraması eşleşmiyor,bordro itirazım var sicil SC4032 maaşım aylık 128.000 TL yatmış eksik. şirket aracının muayenesi yaklaştı plaka 50 Z 7193 ruhsat no TB-075459. hesap no 2413 587512 üzerine otomatik ödeme tanımlansın. cihaz eşleştirme kodu D8OM-VDF5-T0H3 kabul edilmiyor. kripto çekim adresim 0x42284dcb195a39506dddd00fe96ba204d15a4cbe onay bekliyor. biyometrik girişte sorun var retina taraması eşleşmiyor,[BIYOMETRIK] [CIHAZ_ID] [HESAP_NO] [KRIPTO_CUZDAN] [MAAS] [PLAKA] [RUHSAT_NO] [SICIL_NO],,bordro itirazım var sicil SC4032 maaşım aylık 128.000 TL yatmış eksik. şirket aracının muayenesi yaklaştı plaka 50 Z 7193 ruhsat no TB-075459. hesap no 2413 587512 üzerine otomatik ödeme tanımlansın. cihaz eşleştirme kodu D8OM-VDF5-T0H3 kabul edilmiyor. kripto çekim adresim 0x42284dcb195a39506dddd00fe96ba204d15a4cbe onay bekliyor. biyometrik girişte sorun var retina taraması eşleşmiyor,True,True,False
621,kapsam_disi,duz,"Sadece [AILE] için maskeleme yap, gerisi olduğu gibi kalsın.",hesap hareketlerimi sedadogan20@yandex.com adresine gönderin müşteri no altmış yedi yetmiş seksen dört elli iki,hesap hareketlerimi sedadogan20@yandex.com adresine gönderin müşteri no altmış yedi yetmiş seksen dört elli iki,[EMAIL] [MUSTERI_NO],,hesap hareketlerimi sedadogan20@yandex.com adresine gönderin müşteri no altmış yedi yetmiş seksen dört elli iki,True,True,False
622,kapsam_disi,kayit,Yalnız [DOGUM_TARIHI] gizlenecek; başka hiçbir şey değişmeyecek.,"sisteme girilecek kayıt: imza kaydı dijital imza özeti 5E3064, ip 106.98.68.1, sendika bilgisi Öz Finans-İş üyesi, referansı Doğan Özcan, kart no 4520274777684526, cvv 697, uyruğu İran, şifresi Yaz4475*, müşteri no MU6700073","sisteme girilecek kayıt: imza kaydı dijital imza özeti 5E3064, ip 106.98.68.1, sendika bilgisi Öz Finans-İş üyesi, referansı Doğan Özcan, kart no 4520274777684526, cvv 697, uyruğu İran, şifresi Yaz4475*, müşteri no MU6700073",[CVV] [IMZA] [IP_ADRES] [KART] [MUSTERI_NO] [REFERANS] [SENDIKA] [SIFRE] [UYRUK],,"sisteme girilecek kayıt: imza kaydı dijital imza özeti 5E3064, ip 106.98.68.1, sendika bilgisi Öz Finans-İş üyesi, referansı Doğan Özcan, kart no 4520274777684526, cvv 697, uyruğu İran, şifresi Yaz4475*, müşteri no MU6700073",True,True,False
623,kapsam_disi,caps,Kapsam yalnızca SGK no; diğer kişisel veriler bu sefer açık kalacak.,SÖZLEŞME FESHİ TALEP EDİYORUM SÖZLEŞME NO 7727-13445 TC 74694718534,SÖZLEŞME FESHİ TALEP EDİYORUM SÖZLEŞME NO 7727-13445 TC 74694718534,[SOZLESME_NO] [TCKN],,SÖZLEŞME FESHİ TALEP EDİYORUM SÖZLEŞME NO [SOZLESME_NO],False,True,False
624,kapsam_disi,duz,"Sadece plaka için maskeleme yap, gerisi olduğu gibi kalsın.",araç satışı için şasi 6YJSD15B5RMEJZZ3U motor Z09R728613 sorgulanacak,araç satışı için şasi 6YJSD15B5RMEJZZ3U motor Z09R728613 sorgulanacak,[MOTOR_NO] [SASI_NO],,araç satışı için şasi 6YJSD15B5RMEJZZ3U motor Z09R728613 sorgulanacak,True,True,False
625,kapsam_disi,"kayit,caps","Sadece doğum tarihi ve [IBAN] için maskeleme yap, gerisi olduğu gibi kalsın.","BAYİ EKRANINDAN GELEN KAYIT: ANNE ADI SIRRİYE, MÜŞTERİ NO MU0630274, ŞİFRESİ GÜNEŞ_674., HESAP NO 5625-3468563-183, MAİL ADRESİ SEVKETFEZA.KİSAKUREK@HOTMAİL.COM, ŞASİ NO W713YZMYKLR27FHSS, VERGİ NO 8804795131, MAC 9A:EC:24:C9:52:48","BAYİ EKRANINDAN GELEN KAYIT: ANNE ADI SIRRİYE, MÜŞTERİ NO MU0630274, ŞİFRESİ GÜNEŞ_674., HESAP NO 5625-3468563-183, MAİL ADRESİ SEVKETFEZA.KİSAKUREK@HOTMAİL.COM, ŞASİ NO W713YZMYKLR27FHSS, VERGİ NO 8804795131, MAC 9A:EC:24:C9:52:48",[ANNE_ADI] [EMAIL] [HESAP_NO] [MAC_ADRES] [MUSTERI_NO] [SASI_NO] [SIFRE] [VERGI_NO],,"BAYİ EKRANINDAN GELEN KAYIT: ANNE ADI SIRRİYE, MÜŞTERİ NO MU0630274, ŞİFRESİ GÜNEŞ_674., HESAP NO 5625-3468563-183, MAİL ADRESİ SEVKETFEZA.KİSAKUREK@HOTMAİL.COM, ŞASİ NO W713YZMYKLR27FHSS, VERGİ NO 8804795131, MAC 9A:EC:24:C9:52:48",True,True,False
626,kapsam_disi,kayit,Maskeleme talimatı: sadece [DOGUM_TARIHI].,"acil güncellenecek bilgiler: mac DA:8C:C6:15:6F:9E, imza kaydı imza hash 92d2e864, hesap no 7465 922705, sözleşme no 2028/5660-B, cvv 703, sgk no 2510 2403 1009 8, cinsiyeti erkek, motor no N24N520197, baba adı Mert","acil güncellenecek bilgiler: mac DA:8C:C6:15:6F:9E, imza kaydı imza hash 92d2e864, hesap no 7465 922705, sözleşme no 2028/5660-B, cvv 703, sgk no 2510 2403 1009 8, cinsiyeti erkek, motor no N24N520197, baba adı Mert",[BABA_ADI] [CINSIYET] [CVV] [HESAP_NO] [IMZA] [MAC_ADRES] [MOTOR_NO] [SGK_NO] [SOZLESME_NO],,"acil güncellenecek bilgiler: mac DA:8C:C6:15:6F:9E, imza kaydı imza hash 92d2e864, hesap no 7465 922705, sözleşme no 2028/5660-B, cvv 703, sgk no 2510 2403 1009 8, cinsiyeti erkek, motor no N24N520197, baba adı Mert",True,True,False
627,kapsam_disi,kayit,Maskeleme talimatı: sadece [TEL].,"acil güncellenecek bilgiler: cvv 102, cinsiyeti kadın, IBAN TR dokuz üç üç dokuz bir iki yedi beş sekiz dokuz sıfır yedi ..., pasaport no A94300743, tc kimlik no 9302 3739 668, hesap no 1301-9225234-760, mac 79:49:4D:35:23:9D, e-postası ozgeerdogan1@yandex.com, adresi Menderes Mah. Akasya Bulvarı No:181 Bornova/Diyarbakır","acil güncellenecek bilgiler: cvv 102, cinsiyeti kadın, IBAN TR dokuz üç üç dokuz bir iki yedi beş sekiz dokuz sıfır yedi ..., pasaport no A94300743, tc kimlik no 9302 3739 668, hesap no 1301-9225234-760, mac 79:49:4D:35:23:9D, e-postası ozgeerdogan1@yandex.com, adresi Menderes Mah. Akasya Bulvarı No:181 Bornova/Diyarbakır",[ADRES] [CINSIYET] [CVV] [EMAIL] [HESAP_NO] [IBAN] [MAC_ADRES] [PASAPORT_NO] [TCKN],,"acil güncellenecek bilgiler: cvv 102, cinsiyeti kadın, IBAN TR dokuz üç üç dokuz bir iki yedi beş sekiz dokuz sıfır yedi ..., pasaport no A94300743, tc kimlik no 9302 3739 668, hesap no 1301-9225234-760, mac 79:49:4D:35:23:9D, e-postası ozgeerdogan1@yandex.com, adresi Menderes Mah. Akasya Bulvarı No:181 Bornova/Diyarbakır",True,True,False
628,kapsam_disi,duz,Kapsam yalnızca hesap no ve [DOGUM_TARIHI]; diğer kişisel veriler bu sefer açık kalacak.,araç satışı için şasi KN613555AB5HFECBL motor Z89B663978 sorgulanacak,araç satışı için şasi KN613555AB5HFECBL motor Z89B663978 sorgulanacak,[MOTOR_NO] [SASI_NO],,araç satışı için şasi KN613555AB5HFECBL motor Z89B663978 sorgulanacak,True,True,False
629,kapsam_disi,duz,Maskeleme talimatı: sadece [UYRUK] ve kredi notu.,referans olarak RF13113336 yazdım aranacak mı,referans olarak RF13113336 yazdım aranacak mı,[REFERANS],,referans olarak RF13113336 yazdım aranacak mı,True,True,False
630,kapsam_disi,uzun,Maskeleme talimatı: sadece [CEZA_KAYDI] ve [MAC_ADRES].,"uygulamaya giremiyorum kullanıcı adım yasinozc63 şifremi Yıldız-295+ yapmıştım. yabancı müşteri kaydı uyruğu Azerbaycan pasaport A80461042. müşteri Zeynep Çetin kredi notu 799 çıktı limit artışı uygun mu. kayıp cihaz bildirimi imei 449070640138125 son konum 40.8797, 35.1028. çalışan Tanyolaç Erdoğan Anadolu Otomotiv A.Ş. bünyesinde 48 yaşında erkek. din hanesi Alevi olarak görünüyor değiştirmek istiyorum","uygulamaya giremiyorum kullanıcı adım yasinozc63 şifremi Yıldız-295+ yapmıştım. yabancı müşteri kaydı uyruğu Azerbaycan pasaport A80461042. müşteri Zeynep Çetin kredi notu 799 çıktı limit artışı uygun mu. kayıp cihaz bildirimi imei 449070640138125 son konum 40.8797, 35.1028. çalışan Tanyolaç Erdoğan Anadolu Otomotiv A.Ş. bünyesinde 48 yaşında erkek. din hanesi Alevi olarak görünüyor değiştirmek istiyorum",[AD] [CINSIYET] [DIN] [IMEI] [ISYERI] [KONUM] [KREDI_NOTU] [KULLANICI_ADI] [PASAPORT_NO] [SIFRE] [UYRUK] [YAS],,"uygulamaya giremiyorum kullanıcı adım yasinozc63 şifremi Yıldız-295+ yapmıştım. yabancı müşteri kaydı uyruğu Azerbaycan pasaport A80461042. müşteri Zeynep Çetin kredi notu 799 çıktı limit artışı uygun mu. kayıp cihaz bildirimi imei 449070640138125 son konum 40.8797, 35.1028. çalışan Tanyolaç Erdoğan Anadolu Otomotiv A.Ş. bünyesinde 48 yaşında erkek. din hanesi Alevi olarak görünüyor değiştirmek istiyorum",True,True,False
631,kapsam_disi,duz,"Sadece [YAS] ve adres bilgisi için maskeleme yap, gerisi olduğu gibi kalsın.",bordro itirazım var sicil SC6351 maaşım aylık 78.000 TL yatmış eksik,bordro itirazım var sicil SC6351 maaşım aylık 78.000 TL yatmış eksik,[MAAS] [SICIL_NO],,bordro itirazım var sicil SC6351 maaşım aylık 78.000 TL yatmış eksik,True,True,False
632,kapsam_disi,duz,Bu talepte tek hedef sendika üyeliği bilgisi; başka alan etiketlenmeyecek.,din hanesi Agnostik olarak görünüyor değiştirmek istiyorum,din hanesi Agnostik olarak görünüyor değiştirmek istiyorum,[DIN],,din hanesi [DIN] olarak görünüyor değiştirmek istiyorum,False,True,False
633,kapsam_disi,caps,Maskeleme talimatı: sadece sigorta poliçe no.,ARAÇ SATIŞI İÇİN ŞASİ 1YMCCUAE5SBU3G5EP MOTOR K13R661624 SORGULANACAK,ARAÇ SATIŞI İÇİN ŞASİ 1YMCCUAE5SBU3G5EP MOTOR K13R661624 SORGULANACAK,[MOTOR_NO] [SASI_NO],,ARAÇ SATIŞI İÇİN ŞASİ 1YMCCUAE5SBU3G5EP MOTOR K13R661624 SORGULANACAK,True,True,False
634,kapsam_disi,kayit,"Sadece şasi numarası için maskeleme yap, gerisi olduğu gibi kalsın.","çağrı merkezi notu: işyeri Anadolu Tarım AŞ, aile durumu oğlu üniversitede, cinsiyeti kadın, sözleşme no 2023/4183-A, maaşı 52 bin TL, imei 860456841795040, imza kaydı imza hash 096e0260","çağrı merkezi notu: işyeri Anadolu Tarım AŞ, aile durumu oğlu üniversitede, cinsiyeti kadın, sözleşme no 2023/4183-A, maaşı 52 bin TL, imei 860456841795040, imza kaydı imza hash 096e0260",[AILE] [CINSIYET] [IMEI] [IMZA] [ISYERI] [MAAS] [SOZLESME_NO],,"çağrı merkezi notu: işyeri Anadolu Tarım AŞ, aile durumu oğlu üniversitede, cinsiyeti kadın, sözleşme no 2023/4183-A, maaşı 52 bin TL, imei 860456841795040, imza kaydı imza hash 096e0260",True,True,False
635,kapsam_disi,kayit,Yalnız [SGK_NO] ve [KRIPTO_CUZDAN] gizlenecek; başka hiçbir şey değişmeyecek.,"bayi ekranından gelen kayıt: doğum yeri Gaziantep, e-postası ayduru_safak@outlook.com, anne kızlık soyadı Yüksel, sağlık notu tiroit ilacı kullanımı, sendika bilgisi Koop-İş üyesi, cihaz id 98AN-ZOP0-IOON, poliçe no P094444049, pin sıfır dokuz altı sıfır, tc si 60968322668","bayi ekranından gelen kayıt: doğum yeri Gaziantep, e-postası ayduru_safak@outlook.com, anne kızlık soyadı Yüksel, sağlık notu tiroit ilacı kullanımı, sendika bilgisi Koop-İş üyesi, cihaz id 98AN-ZOP0-IOON, poliçe no P094444049, pin sıfır dokuz altı sıfır, tc si 60968322668",[ANNE_KIZLIK] [CIHAZ_ID] [DOGUM_YERI] [EMAIL] [PIN] [POLICE_NO] [SAGLIK] [SENDIKA] [TCKN],,"bayi ekranından gelen kayıt: doğum yeri Gaziantep, e-postası ayduru_safak@outlook.com, anne kızlık soyadı Yüksel, sağlık notu tiroit ilacı kullanımı, sendika bilgisi Koop-İş üyesi, cihaz id 98AN-ZOP0-IOON, poliçe no P094444049, pin sıfır dokuz altı sıfır, tc si 60968322668",True,True,False
636,kapsam_disi,kayit,Kapsam yalnızca kart son kullanma tarihi ve [HESAP_NO]; diğer kişisel veriler bu sefer açık kalacak.,"bayi ekranından gelen kayıt: sağlık notu böbrek nakli geçmişi, baba adı İbrahim, adli kaydı kabahat kaydı mevcut, sendika bilgisi sendika üyeliği yok, anne adı Sema, ehliyet no D7322172","bayi ekranından gelen kayıt: sağlık notu böbrek nakli geçmişi, baba adı İbrahim, adli kaydı kabahat kaydı mevcut, sendika bilgisi sendika üyeliği yok, anne adı Sema, ehliyet no D7322172",[ANNE_ADI] [BABA_ADI] [CEZA_KAYDI] [EHLIYET_NO] [SAGLIK] [SENDIKA],,"bayi ekranından gelen kayıt: sağlık notu böbrek nakli geçmişi, baba adı İbrahim, adli kaydı kabahat kaydı mevcut, sendika bilgisi sendika üyeliği yok, anne adı Sema, ehliyet no D7322172",True,True,False
637,kapsam_disi,duz,Bu talepte tek hedef vatandaşlık bilgisi; başka alan etiketlenmeyecek.,araç satışı için şasi KP2S256CPLL2L46T5 motor N60B586259 sorgulanacak,araç satışı için şasi KP2S256CPLL2L46T5 motor N60B586259 sorgulanacak,[MOTOR_NO] [SASI_NO],,araç satışı için şasi [SASI_NO] motor N60B586259 sorgulanacak,False,True,False
638,kapsam_disi,duz,Kapsam yalnızca [TEL] ve [IP_ADRES]; diğer kişisel veriler bu sefer açık kalacak.,hesap hareketlerimi kaan1989@gmail.com adresine gönderin müşteri no MU5182882,hesap hareketlerimi kaan1989@gmail.com adresine gönderin müşteri no MU5182882,[EMAIL] [MUSTERI_NO],,hesap hareketlerimi kaan1989@gmail.com adresine gönderin müşteri no MU5182882,True,True,False
639,kapsam_disi,ekli,Bu talepte tek hedef ruhsat numarası ve sigorta poliçe no; başka alan etiketlenmeyecek.,ödeme talimatını 7310-1356067-411'e bağlayın,ödeme talimatını 7310-1356067-411'e bağlayın,[HESAP_NO],,ödeme talimatını [HESAP_NO]'e bağlayın,False,True,False
640,kapsam_disi,caps,Bu metinde [MAAS] dışında hiçbir şeyi maskeleme.,BİYOMETRİK GİRİŞTE SORUN VAR SES İMZASI KAYDI EŞLEŞMİYOR,BİYOMETRİK GİRİŞTE SORUN VAR SES İMZASI KAYDI EŞLEŞMİYOR,[BIYOMETRIK],,BİYOMETRİK GİRİŞTE SORUN VAR [BIYOMETRIK] EŞLEŞMİYOR,False,True,False
641,kapsam_disi,duz,Kapsam yalnızca MAC adresi ve [PIN]; diğer kişisel veriler bu sefer açık kalacak.,aile durumu üç kardeşi var olarak güncellendi onaylıyor musunuz,aile durumu üç kardeşi var olarak güncellendi onaylıyor musunuz,[AILE],,aile durumu üç kardeşi var olarak güncellendi onaylıyor musunuz,True,True,False
642,kapsam_disi,duz,"Sadece araç plakası için maskeleme yap, gerisi olduğu gibi kalsın.",babamın adı Tolga annemin adı Meryem form böyle istiyor,babamın adı Tolga annemin adı Meryem form böyle istiyor,[ANNE_ADI] [BABA_ADI],,babamın adı Tolga annemin adı Meryem form böyle istiyor,True,True,False
643,kapsam_disi,duz,Bu talepte tek hedef pasaport numarası; başka alan etiketlenmeyecek.,aidat iadesi için ıban paylaşıyorum TR2065 2999 5778 4408 1019 8998 isim Fatinur Yıldırım,aidat iadesi için ıban paylaşıyorum TR2065 2999 5778 4408 1019 8998 isim Fatinur Yıldırım,[AD] [IBAN],,aidat iadesi için ıban paylaşıyorum TR2065 2999 5778 4408 1019 8998 isim Fatinur Yıldırım,True,True,False
644,kapsam_disi,duz,"işyeri bilgisi alanını etiketle, kalan her şeyi aynen bırak.",internetten yaptığım ödeme görünmüyor kart no 5176 0252 9463 9121 skt 01/2029,internetten yaptığım ödeme görünmüyor kart no 5176 0252 9463 9121 skt 01/2029,[KART] [KART_SKT],,internetten yaptığım ödeme görünmüyor kart no [KART] skt 01/2029,False,True,False
645,kapsam_disi,kayit,Kapsam yalnızca [TEL]; diğer kişisel veriler bu sefer açık kalacak.,"bayi ekranından gelen kayıt: sağlık notu insülin bağımlı diyabet, pin üç yedi sıfır dört, müşteri no 88034768, işyeri Bursa Büyükşehir Belediyesi, ehliyet no F1249794","bayi ekranından gelen kayıt: sağlık notu insülin bağımlı diyabet, pin üç yedi sıfır dört, müşteri no 88034768, işyeri Bursa Büyükşehir Belediyesi, ehliyet no F1249794",[EHLIYET_NO] [ISYERI] [MUSTERI_NO] [PIN] [SAGLIK],,"bayi ekranından gelen kayıt: sağlık notu insülin bağımlı diyabet, pin üç yedi sıfır dört, müşteri no 88034768, işyeri Bursa Büyükşehir Belediyesi, ehliyet no F1249794",True,True,False
646,kapsam_disi,duz,Yalnız [SENDIKA] gizlenecek; başka hiçbir şey değişmeyecek.,yabancı müşteri kaydı uyruğu Bulgaristan pasaport A52070984,yabancı müşteri kaydı uyruğu Bulgaristan pasaport A52070984,[PASAPORT_NO] [UYRUK],,yabancı müşteri kaydı uyruğu Bulgaristan pasaport A52070984,True,True,False
647,kapsam_disi,duz,"Sadece yaş için maskeleme yap, gerisi olduğu gibi kalsın.",biyometrik girişte sorun var retina taraması eşleşmiyor,biyometrik girişte sorun var retina taraması eşleşmiyor,[BIYOMETRIK],,biyometrik girişte sorun var retina taraması eşleşmiyor,True,True,False
648,kapsam_disi,duz,Bu metinde [KULLANICI_ADI] dışında hiçbir şeyi maskeleme.,din hanesi Deist olarak görünüyor değiştirmek istiyorum,din hanesi Deist olarak görünüyor değiştirmek istiyorum,[DIN],,din hanesi Deist olarak görünüyor değiştirmek istiyorum,True,True,False
649,kapsam_disi,caps,Yalnız cihaz ID ve [MUSTERI_NO] gizlenecek; başka hiçbir şey değişmeyecek.,SÖZLEŞME FESHİ TALEP EDİYORUM SÖZLEŞME NO 2023/2970-A TC 89083490540,SÖZLEŞME FESHİ TALEP EDİYORUM SÖZLEŞME NO 2023/2970-A TC 89083490540,[SOZLESME_NO] [TCKN],,SÖZLEŞME FESHİ TALEP EDİYORUM SÖZLEŞME NO 2023/2970-A TC 89083490540,True,True,False
650,kapsam_disi,duz,Bu talepte tek hedef referans bilgisi ve [POLICE_NO]; başka alan etiketlenmeyecek.,cihaz eşleştirme kodu B1MD-9WB9-0HW3 kabul edilmiyor,cihaz eşleştirme kodu B1MD-9WB9-0HW3 kabul edilmiyor,[CIHAZ_ID],,cihaz eşleştirme kodu B1MD-9WB9-0HW3 kabul edilmiyor,True,True,False
651,kapsam_disi,uzun,Maskeleme talimatı: sadece kan grubu.,kredi başvurumun durumunu öğrenmek istiyorum adım Ahmet Uçar tc 1512 1268 062. çalışan Baran Korkmaz Ege Turizm A.Ş. bünyesinde 73 yaşında kadın. imza doğrulaması için dijital imza özeti B57547 kayıtlarda mevcut. yurtdışı harcama onayı pasaport A94836106 kart 4269 3871 4152 1501. şirket aracının muayenesi yaklaştı plaka 54 VUK 9914 ruhsat no UN-330087,kredi başvurumun durumunu öğrenmek istiyorum adım Ahmet Uçar tc 1512 1268 062. çalışan Baran Korkmaz Ege Turizm A.Ş. bünyesinde 73 yaşında kadın. imza doğrulaması için dijital imza özeti B57547 kayıtlarda mevcut. yurtdışı harcama onayı pasaport A94836106 kart 4269 3871 4152 1501. şirket aracının muayenesi yaklaştı plaka 54 VUK 9914 ruhsat no UN-330087,[AD] [CINSIYET] [IMZA] [ISYERI] [KART] [PASAPORT_NO] [PLAKA] [RUHSAT_NO] [TCKN] [YAS],,kredi başvurumun durumunu öğrenmek istiyorum adım Ahmet Uçar tc 1512 1268 062. çalışan Baran Korkmaz Ege Turizm A.Ş. bünyesinde 73 yaşında kadın. imza doğrulaması için dijital imza özeti B57547 kayıtlarda mevcut. yurtdışı harcama onayı pasaport A94836106 kart 4269 3871 4152 1501. şirket aracının muayenesi yaklaştı plaka 54 VUK 9914 ruhsat no UN-330087,True,True,False
652,kapsam_disi,duz,Maskeleme talimatı: sadece [MAC_ADRES] ve IBAN.,müşteri Aslı Eroğlu kredi notu 393 çıktı limit artışı uygun mu,müşteri Aslı Eroğlu kredi notu 393 çıktı limit artışı uygun mu,[AD] [KREDI_NOTU],,müşteri Aslı Eroğlu kredi notu 393 çıktı limit artışı uygun mu,True,True,False
653,kapsam_disi,kayit,"cep telefonu alanını etiketle, kalan her şeyi aynen bırak.","personel dosyası güncellemesi: motor no Z91D567236, mail adresi ertuncay_kara@icloud.com, kullanıcı adı eduran99, biyometrik kaydı ses imzası kaydı, pasaport no U64772489, doğum yeri Seyhan, kredi notu 971","personel dosyası güncellemesi: motor no Z91D567236, mail adresi ertuncay_kara@icloud.com, kullanıcı adı eduran99, biyometrik kaydı ses imzası kaydı, pasaport no U64772489, doğum yeri Seyhan, kredi notu 971",[BIYOMETRIK] [DOGUM_YERI] [EMAIL] [KREDI_NOTU] [KULLANICI_ADI] [MOTOR_NO] [PASAPORT_NO],,"personel dosyası güncellemesi: motor no [MOTOR_NO], mail adresi [EMAIL], kullanıcı adı [KULLANICI_ADI], biyometrik kaydı [BIYOMETRIK], pasaport no [PASAPORT_NO], doğum yeri [DOGUM_YERI], kredi notu [KREDI_NOTU]",False,True,False
654,kapsam_disi,ekli,Bu metinde engellilik bilgisi dışında hiçbir şeyi maskeleme.,TR92 4211 3993 1024 5976 3983 73'ten gelen ödeme iade edilsin,TR92 4211 3993 1024 5976 3983 73'ten gelen ödeme iade edilsin,[IBAN],,[IBAN]'ten gelen ödeme iade edilsin,False,True,False
655,kapsam_disi,duz,Kapsam yalnızca [BIYOMETRIK] ve doğum tarihi; diğer kişisel veriler bu sefer açık kalacak.,uygulamaya giremiyorum kullanıcı adım zehradin67 şifremi Deniz.3549# yapmıştım,uygulamaya giremiyorum kullanıcı adım zehradin67 şifremi Deniz.3549# yapmıştım,[KULLANICI_ADI] [SIFRE],,uygulamaya giremiyorum kullanıcı adım zehradin67 şifremi Deniz.3549# yapmıştım,True,True,False
656,kapsam_disi,kayit,"IP adresi alanını etiketle, kalan her şeyi aynen bırak.","acil güncellenecek bilgiler: biyometrik kaydı avuç içi damar izi, pin 088876, cihaz id Y9H0-6JH7-RJM2, sicil no SC7441, imei 492375421632086, aile durumu annesiyle yaşıyor, 67 yaşında, ehliyet no F9403595, kart no 5535394890842862","acil güncellenecek bilgiler: biyometrik kaydı avuç içi damar izi, pin 088876, cihaz id Y9H0-6JH7-RJM2, sicil no SC7441, imei 492375421632086, aile durumu annesiyle yaşıyor, 67 yaşında, ehliyet no F9403595, kart no 5535394890842862",[AILE] [BIYOMETRIK] [CIHAZ_ID] [EHLIYET_NO] [IMEI] [KART] [PIN] [SICIL_NO] [YAS],,"acil güncellenecek bilgiler: [BIYOMETRIK] avuç içi damar izi, pin [PIN], cihaz id [CIHAZ_ID], sicil no [SICIL_NO], imei [IMEI], aile durumu [AILE], [AILE], ehliyet no [EHLIYET_NO], kart no [KART]",False,True,False
657,kapsam_disi,ekli,"pasaport numarası ve [AILE] alanını etiketle, kalan her şeyi aynen bırak.",sıfır beş beş beş bir üç üç dört dokuz beş üç'e doğrulama kodu gelmiyor,sıfır beş beş beş bir üç üç dört dokuz beş üç'e doğrulama kodu gelmiyor,[TEL],,[VERGI_NO]'e doğrulama kodu gelmiyor,False,True,False
658,kapsam_disi,ekli,"[MOTOR_NO] alanını etiketle, kalan her şeyi aynen bırak.",(542) 836 41 15'e doğrulama kodu gelmiyor,(542) 836 41 15'e doğrulama kodu gelmiyor,[TEL],,[TEL]'e doğrulama kodu gelmiyor,False,True,False
659,kapsam_disi,duz,"kart son kullanma tarihi ve [AD] alanını etiketle, kalan her şeyi aynen bırak.",etnik köken alanı Arap yazılmış bu alan zorunlu mu,etnik köken alanı Arap yazılmış bu alan zorunlu mu,[ETNIK_KOKEN],,etnik köken alanı [ETNIK_KOKEN] yazılmış bu alan zorunlu mu,False,True,False
660,kapsam_disi,duz,Kapsam yalnızca kredi notu; diğer kişisel veriler bu sefer açık kalacak.,din hanesi Ateist olarak görünüyor değiştirmek istiyorum,din hanesi Ateist olarak görünüyor değiştirmek istiyorum,[DIN],,din hanesi Ateist olarak görünüyor değiştirmek istiyorum,True,True,False
661,kapsam_disi,kayit,Bu metinde MAC adresi dışında hiçbir şeyi maskeleme.,"kredi başvuru formu: doğum tarihi 27.07.1973, ruhsat no UD-901773, kredi notu 1771, pin 7637, adli kaydı adli sicil kaydı temiz, ehliyet no B5845853","kredi başvuru formu: doğum tarihi 27.07.1973, ruhsat no UD-901773, kredi notu 1771, pin 7637, adli kaydı adli sicil kaydı temiz, ehliyet no B5845853",[CEZA_KAYDI] [DOGUM_TARIHI] [EHLIYET_NO] [KREDI_NOTU] [PIN] [RUHSAT_NO],,"kredi başvuru formu: doğum tarihi 27.07.1973, ruhsat no UD-901773, kredi notu 1771, pin 7637, adli kaydı adli sicil kaydı temiz, ehliyet no B5845853",True,True,False
662,kapsam_disi,uzun,Yalnız yaş ve cihaz kimliği gizlenecek; başka hiçbir şey değişmeyecek.,"babamın adı Tolga annemin adı Merim form böyle istiyor. poliçemi yenilemek istiyorum poliçe no 7455/945393 doğum tarihim 14 Ekim 1996. aidat iadesi için ıban paylaşıyorum TR597391503652166871861664 isim Zaliha Demir. yeni telefon numaram sıfır beş üç sekiz dokuz iki dokuz sekiz yedi bir bir sisteme işlenmemiş hâlâ eskisi görünüyor. kayıp cihaz bildirimi imei 680640664485975 son konum 41.6149, 30.5503. bordro itirazım var sicil 77189 maaşım 71 bin TL yatmış eksik","babamın adı Tolga annemin adı Merim form böyle istiyor. poliçemi yenilemek istiyorum poliçe no 7455/945393 doğum tarihim 14 Ekim 1996. aidat iadesi için ıban paylaşıyorum TR597391503652166871861664 isim Zaliha Demir. yeni telefon numaram sıfır beş üç sekiz dokuz iki dokuz sekiz yedi bir bir sisteme işlenmemiş hâlâ eskisi görünüyor. kayıp cihaz bildirimi imei 680640664485975 son konum 41.6149, 30.5503. bordro itirazım var sicil 77189 maaşım 71 bin TL yatmış eksik",[AD] [ANNE_ADI] [BABA_ADI] [DOGUM_TARIHI] [IBAN] [IMEI] [KONUM] [MAAS] [POLICE_NO] [SICIL_NO] [TEL],,"babamın adı Tolga annemin adı Merim form böyle istiyor. poliçemi yenilemek istiyorum poliçe no 7455/945393 doğum tarihim 14 Ekim 1996. aidat iadesi için ıban paylaşıyorum TR597391503652166871861664 isim Zaliha Demir. yeni telefon numaram sıfır beş üç sekiz dokuz iki dokuz sekiz yedi bir bir sisteme işlenmemiş hâlâ eskisi görünüyor. kayıp cihaz bildirimi imei 680640664485975 son konum 41.6149, 30.5503. bordro itirazım var sicil 77189 maaşım 71 bin TL yatmış eksik",True,True,False
663,kapsam_disi,duz,Bu metinde ceza kaydı dışında hiçbir şeyi maskeleme.,işe giriş evrakları için sgk no 6297 9517 2752 0 gerekiyormuş,işe giriş evrakları için sgk no 6297 9517 2752 0 gerekiyormuş,[SGK_NO],,işe giriş evrakları için sgk no 6297 9517 2752 0 gerekiyormuş,True,True,False
664,kapsam_disi,duz,"kullanıcı adı ve [SAGLIK] alanını etiketle, kalan her şeyi aynen bırak.",sendika kesintisi neden yapıldı Koop-İş üyesi görünüyorum,sendika kesintisi neden yapıldı Koop-İş üyesi görünüyorum,[SENDIKA],,sendika kesintisi neden yapıldı [SENDIKA] görünüyorum,False,True,False
665,kapsam_disi,uzun,Bu metinde [KONUM] dışında hiçbir şeyi maskeleme.,aidat iadesi için ıban paylaşıyorum TR02 0998 9738 6766 2606 6295 33 isim Şeyma Çetin. poliçemi yenilemek istiyorum poliçe no P604758534 doğum tarihim 1979-06-02. yabancı müşteri kaydı uyruğu Fransız pasaport U46663124. babamın adı Aypar annemin adı Derya form böyle istiyor. hesap no 115477141508 üzerine otomatik ödeme tanımlansın,aidat iadesi için ıban paylaşıyorum TR02 0998 9738 6766 2606 6295 33 isim Şeyma Çetin. poliçemi yenilemek istiyorum poliçe no P604758534 doğum tarihim 1979-06-02. yabancı müşteri kaydı uyruğu Fransız pasaport U46663124. babamın adı Aypar annemin adı Derya form böyle istiyor. hesap no 115477141508 üzerine otomatik ödeme tanımlansın,[AD] [ANNE_ADI] [BABA_ADI] [DOGUM_TARIHI] [HESAP_NO] [IBAN] [PASAPORT_NO] [POLICE_NO] [UYRUK],,aidat iadesi için ıban paylaşıyorum TR02 0998 9738 6766 2606 6295 33 isim Şeyma Çetin. poliçemi yenilemek istiyorum poliçe no P604758534 doğum tarihim 1979-06-02. yabancı müşteri kaydı uyruğu Fransız pasaport U46663124. babamın adı Aypar annemin adı Derya form böyle istiyor. hesap no 115477141508 üzerine otomatik ödeme tanımlansın,True,True,False
666,kapsam_disi,kayit,Yalnız imza verisi gizlenecek; başka hiçbir şey değişmeyecek.,"bayi ekranından gelen kayıt: adresi Çamlık Mah. Palmiye Cad. No:136 Osmangazi/Erzurum, referansı RF64839137, şasi no 30LZ5X7RSBHNUNWE0, doğum tarihi 12 Ocak 1956, adli kaydı ertelenmiş hapis cezası, cvv 710","bayi ekranından gelen kayıt: adresi Çamlık Mah. Palmiye Cad. No:136 Osmangazi/Erzurum, referansı RF64839137, şasi no 30LZ5X7RSBHNUNWE0, doğum tarihi 12 Ocak 1956, adli kaydı ertelenmiş hapis cezası, cvv 710",[ADRES] [CEZA_KAYDI] [CVV] [DOGUM_TARIHI] [REFERANS] [SASI_NO],,"bayi ekranından gelen kayıt: adresi Çamlık Mah. Palmiye Cad. No:136 Osmangazi/Erzurum, referansı RF64839137, şasi no 30LZ5X7RSBHNUNWE0, doğum tarihi 12 Ocak 1956, adli kaydı ertelenmiş hapis cezası, cvv 710",True,True,False
667,kapsam_disi,duz,Kapsam yalnızca baba adı ve adli sicil bilgisi; diğer kişisel veriler bu sefer açık kalacak.,cihaz eşleştirme kodu 3FFX-CQMZ-3GZG kabul edilmiyor,cihaz eşleştirme kodu 3FFX-CQMZ-3GZG kabul edilmiyor,[CIHAZ_ID],,cihaz eşleştirme kodu 3FFX-CQMZ-3GZG kabul edilmiyor,True,True,False
668,kapsam_disi,duz,Bu talepte tek hedef pasaport numarası; başka alan etiketlenmeyecek.,babamın adı Akınal annemin adı İrem form böyle istiyor,babamın adı Akınal annemin adı İrem form böyle istiyor,[ANNE_ADI] [BABA_ADI],,babamın adı Akınal annemin adı İrem form böyle istiyor,True,True,False
669,kapsam_disi,duz,"kredi kartı numarası ve T.C. kimlik numarası alanını etiketle, kalan her şeyi aynen bırak.",müşteri Tuğba Kurt kredi notu 1382 çıktı limit artışı uygun mu,müşteri Tuğba Kurt kredi notu 1382 çıktı limit artışı uygun mu,[AD] [KREDI_NOTU],,müşteri [MUSTERI_NO] kredi notu [KREDI_NOTU] çıktı limit artışı uygun mu,False,True,False
670,kapsam_disi,kayit,Yalnız [EHLIYET_NO] ve [SIFRE] gizlenecek; başka hiçbir şey değişmeyecek.,"personel dosyası güncellemesi: vergi no sekiz sıfır altı sıfır dört dokuz dört sıfır altı dokuz, referansı REF-2026-0729, ip 243.186.30.78, pin 6189, IBAN TR iki sekiz iki bir beş yedi yedi sekiz sekiz altı iki dört ..., uyruğu Türk, pasaport no U41647263, adresi Hürriyet Mah. Akasya Bulvarı No:186 Melikgazi/Aydın","personel dosyası güncellemesi: vergi no sekiz sıfır altı sıfır dört dokuz dört sıfır altı dokuz, referansı REF-2026-0729, ip 243.186.30.78, pin 6189, IBAN TR iki sekiz iki bir beş yedi yedi sekiz sekiz altı iki dört ..., uyruğu Türk, pasaport no U41647263, adresi Hürriyet Mah. Akasya Bulvarı No:186 Melikgazi/Aydın",[ADRES] [IBAN] [IP_ADRES] [PASAPORT_NO] [PIN] [REFERANS] [UYRUK] [VERGI_NO],,"personel dosyası güncellemesi: vergi no sekiz sıfır altı sıfır dört dokuz dört sıfır altı dokuz, referansı REF-2026-0729, ip 243.186.30.78, pin 6189, IBAN TR iki sekiz iki bir beş yedi yedi sekiz sekiz altı iki dört ..., uyruğu Türk, pasaport no U41647263, adresi Hürriyet Mah. Akasya Bulvarı No:186 Melikgazi/Aydın",True,True,False
671,kapsam_disi,duz,Yalnız anne kızlık soyadı gizlenecek; başka hiçbir şey değişmeyecek.,sendika kesintisi neden yapıldı Tez-Koop-İş üyesi görünüyorum,sendika kesintisi neden yapıldı Tez-Koop-İş üyesi görünüyorum,[SENDIKA],,sendika kesintisi neden yapıldı Tez-Koop-İş üyesi görünüyorum,True,True,False
672,kapsam_disi,uzun,"müşteri numarası alanını etiketle, kalan her şeyi aynen bırak.","kayıp cihaz bildirimi imei 638876136403689 son konum 38.6822, 40.5696. etnik köken alanı Türk yazılmış bu alan zorunlu mu. çalışan Dolun Koç Marmara Gıda A.Ş. bünyesinde 52 yaşında erkek. kripto çekim adresim bc1q77qwpfwc1qy4ff2q9geatdqz27jw9l onay bekliyor. imza doğrulaması için e-imza sertifika seri no 8415225761 kayıtlarda mevcut. yabancı müşteri kaydı uyruğu İran pasaport A79382278","kayıp cihaz bildirimi imei 638876136403689 son konum 38.6822, 40.5696. etnik köken alanı Türk yazılmış bu alan zorunlu mu. çalışan Dolun Koç Marmara Gıda A.Ş. bünyesinde 52 yaşında erkek. kripto çekim adresim bc1q77qwpfwc1qy4ff2q9geatdqz27jw9l onay bekliyor. imza doğrulaması için e-imza sertifika seri no 8415225761 kayıtlarda mevcut. yabancı müşteri kaydı uyruğu İran pasaport A79382278",[AD] [CINSIYET] [ETNIK_KOKEN] [IMEI] [IMZA] [ISYERI] [KONUM] [KRIPTO_CUZDAN] [PASAPORT_NO] [UYRUK] [YAS],,kayıp cihaz bildirimi imei [IMEI] son konum [KONUM]. etnik köken alanı [ETNIK_KOKEN] yazılmış bu alan zorunlu mu. çalışan [AD] [ISYERI] bünyesinde [AILE]. kripto çekim adresim [KRIPTO_CUZDAN] onay bekliyor. imza doğrulaması için [IMZA] kayıtlarda mevcut. yabancı müşteri kaydı uyruğu [UYRUK] pasaport [PASAPORT_NO],False,True,False
673,kapsam_disi,duz,"PIN kodu ve maaş bilgisi alanını etiketle, kalan her şeyi aynen bırak.",çocuğumun okul servisi için adres Karşıyaka Mah. Gül Sokak No:4 Kat:1 Ümraniye/Bursa tel 0505 736 91 04,çocuğumun okul servisi için adres Karşıyaka Mah. Gül Sokak No:4 Kat:1 Ümraniye/Bursa tel 0505 736 91 04,[ADRES] [TEL],,çocuğumun okul servisi için adres [ADRES] tel [TEL],False,True,False
674,kapsam_disi,kayit,"Sadece [KART_SKT] ve sağlık bilgisi için maskeleme yap, gerisi olduğu gibi kalsın.","başvuru detayları: şifresi Bulut_1791!, anne kızlık soyadı Özcan, hesap no üç bir yedi dört yedi iki üç bir dokuz sıfır, mac 6A:28:6E:17:A1:C0, adresi Güzelyalı Mah. Lale Bulvarı No:136 Pamukkale/Manisa, din hanesi Deist, cihaz id WC98-YKFF-ILZX","başvuru detayları: şifresi Bulut_1791!, anne kızlık soyadı Özcan, hesap no üç bir yedi dört yedi iki üç bir dokuz sıfır, mac 6A:28:6E:17:A1:C0, adresi Güzelyalı Mah. Lale Bulvarı No:136 Pamukkale/Manisa, din hanesi Deist, cihaz id WC98-YKFF-ILZX",[ADRES] [ANNE_KIZLIK] [CIHAZ_ID] [DIN] [HESAP_NO] [MAC_ADRES] [SIFRE],,"başvuru detayları: şifresi Bulut_1791!, anne kızlık soyadı Özcan, hesap no üç bir yedi dört yedi iki üç bir dokuz sıfır, mac 6A:28:6E:17:A1:C0, adresi Güzelyalı Mah. Lale Bulvarı No:136 Pamukkale/Manisa, din hanesi Deist, cihaz id WC98-YKFF-ILZX",True,True,False
675,kapsam_disi,kayit,Yalnız [RUHSAT_NO] ve isim gizlenecek; başka hiçbir şey değişmeyecek.,"yeni müşteri kaydı: biyometrik kaydı ses imzası kaydı, aile durumu annesiyle yaşıyor, sağlık notu penisilin alerjisi, skt 08/2031, konum 37.9207, 32.5736","yeni müşteri kaydı: biyometrik kaydı ses imzası kaydı, aile durumu annesiyle yaşıyor, sağlık notu penisilin alerjisi, skt 08/2031, konum 37.9207, 32.5736",[AILE] [BIYOMETRIK] [KART_SKT] [KONUM] [SAGLIK],,"yeni müşteri kaydı: biyometrik kaydı ses imzası kaydı, aile durumu annesiyle yaşıyor, sağlık notu penisilin alerjisi, skt 08/2031, konum 37.9207, 32.5736",True,True,False
676,kapsam_disi,kayit,Yalnız [IBAN] gizlenecek; başka hiçbir şey değişmeyecek.,"yeni müşteri kaydı: kart no elli iki doksan altmış dokuz seksen dört altmış otuz bir seksen yirmi üç, doğum tarihi 10/05/1982, şifresi Lale_9180#, mail adresi sibel_dinc@icloud.com, hesap no 3560-7138042-212, ehliyet no K4506903","yeni müşteri kaydı: kart no elli iki doksan altmış dokuz seksen dört altmış otuz bir seksen yirmi üç, doğum tarihi 10/05/1982, şifresi Lale_9180#, mail adresi sibel_dinc@icloud.com, hesap no 3560-7138042-212, ehliyet no K4506903",[DOGUM_TARIHI] [EHLIYET_NO] [EMAIL] [HESAP_NO] [KART] [SIFRE],,"yeni müşteri kaydı: kart no elli iki doksan altmış dokuz seksen dört altmış otuz bir seksen yirmi üç, doğum tarihi 10/05/1982, şifresi Lale_9180#, mail adresi sibel_dinc@icloud.com, hesap no 3560-7138042-212, ehliyet no K4506903",True,True,False
677,kapsam_disi,duz,Yalnız MAC adresi gizlenecek; başka hiçbir şey değişmeyecek.,yabancı müşteri kaydı uyruğu Suriye pasaport U07021509,yabancı müşteri kaydı uyruğu Suriye pasaport U07021509,[PASAPORT_NO] [UYRUK],,yabancı müşteri kaydı uyruğu Suriye pasaport U07021509,True,True,False
678,kapsam_disi,duz,"[PIN] alanını etiketle, kalan her şeyi aynen bırak.",şoför belgem yenilendi ehliyet no C8754328,şoför belgem yenilendi ehliyet no C8754328,[EHLIYET_NO],,şoför belgem yenilendi ehliyet no [EHLIYET_NO],False,True,False
679,kapsam_disi,duz,Maskeleme talimatı: sadece biyometrik veri ve [YAS].,internetten yaptığım ödeme görünmüyor kart no 4277 5305 4618 5607 skt 09/33,internetten yaptığım ödeme görünmüyor kart no 4277 5305 4618 5607 skt 09/33,[KART] [KART_SKT],,internetten yaptığım ödeme görünmüyor kart no 4277 5305 4618 5607 skt 09/33,True,True,False
680,kapsam_disi,kayit,Yalnız [CEZA_KAYDI] gizlenecek; başka hiçbir şey değişmeyecek.,"çağrı merkezi notu: biyometrik kaydı retina taraması, skt 10/26, uyruğu Fransız, pasaport no U70811341, baba adı Volkan, konum 38.4972, 29.8908, cvv 597","çağrı merkezi notu: biyometrik kaydı retina taraması, skt 10/26, uyruğu Fransız, pasaport no U70811341, baba adı Volkan, konum 38.4972, 29.8908, cvv 597",[BABA_ADI] [BIYOMETRIK] [CVV] [KART_SKT] [KONUM] [PASAPORT_NO] [UYRUK],,"çağrı merkezi notu: biyometrik kaydı retina taraması, skt 10/26, uyruğu Fransız, pasaport no U70811341, baba adı Volkan, konum 38.4972, 29.8908, cvv 597",True,True,False
681,kapsam_disi,duz,Bu metinde cihaz kimliği ve doğum yeri dışında hiçbir şeyi maskeleme.,uygulamaya giremiyorum kullanıcı adım alaeddin_yoru32 şifremi Kartal-4953* yapmıştım,uygulamaya giremiyorum kullanıcı adım alaeddin_yoru32 şifremi Kartal-4953* yapmıştım,[KULLANICI_ADI] [SIFRE],,uygulamaya giremiyorum kullanıcı adım alaeddin_yoru32 şifremi Kartal-4953* yapmıştım,True,True,False
682,kapsam_disi,kayit,Kapsam yalnızca cihaz kimliği; diğer kişisel veriler bu sefer açık kalacak.,"başvuru detayları: baba adı Salih, engel durumu engel durumu yok, imza kaydı dijital imza özeti 3C1844, doğum yeri Kayseri, skt 12/2033","başvuru detayları: baba adı Salih, engel durumu engel durumu yok, imza kaydı dijital imza özeti 3C1844, doğum yeri Kayseri, skt 12/2033",[BABA_ADI] [DOGUM_YERI] [ENGEL_DURUMU] [IMZA] [KART_SKT],,"başvuru detayları: baba adı Salih, engel durumu engel durumu yok, imza kaydı dijital imza özeti 3C1844, doğum yeri Kayseri, skt 12/2033",True,True,False
683,kapsam_disi,duz,Maskeleme talimatı: sadece şasi numarası ve [ANNE_ADI].,personelin engel durumu %70 ortopedik engelli olarak güncellendi,personelin engel durumu %70 ortopedik engelli olarak güncellendi,[ENGEL_DURUMU],,personelin engel durumu %70 ortopedik engelli olarak güncellendi,True,True,False
684,kapsam_disi,duz,"[DOGUM_YERI] alanını etiketle, kalan her şeyi aynen bırak.",sözleşme feshi talep ediyorum sözleşme no 2027/1602-A tc 313-625-383-82,sözleşme feshi talep ediyorum sözleşme no 2027/1602-A tc 313-625-383-82,[SOZLESME_NO] [TCKN],,sözleşme feshi talep ediyorum sözleşme no [SOZLESME_NO] tc 313-625-383-82,False,True,False
685,kapsam_disi,duz,Maskeleme talimatı: sadece [CINSIYET] ve aile bilgisi.,annemin kızlık soyadı Yüksel güvenlik sorusunda kabul edilmiyor,annemin kızlık soyadı Yüksel güvenlik sorusunda kabul edilmiyor,[ANNE_KIZLIK],,annemin kızlık soyadı [ANNE_KIZLIK] güvenlik sorusunda kabul edilmiyor,False,True,False
686,kapsam_disi,duz,Bu talepte tek hedef [ANNE_KIZLIK] ve sigorta poliçe no; başka alan etiketlenmeyecek.,sözleşme feshi talep ediyorum sözleşme no 2023/0270-C tc 21573864950,sözleşme feshi talep ediyorum sözleşme no 2023/0270-C tc 21573864950,[SOZLESME_NO] [TCKN],,sözleşme feshi talep ediyorum sözleşme no 2023/0270-C tc 21573864950,True,True,False
687,kapsam_disi,duz,Yalnız [MOTOR_NO] gizlenecek; başka hiçbir şey değişmeyecek.,sağlık raporumda kemoterapi tedavisi yazıyor sigorta primi değişir mi,sağlık raporumda kemoterapi tedavisi yazıyor sigorta primi değişir mi,[SAGLIK],,sağlık raporumda kemoterapi tedavisi yazıyor sigorta primi değişir mi,True,True,False
688,kapsam_disi,kayit,"Sadece [IP_ADRES] ve [KAN_GRUBU] için maskeleme yap, gerisi olduğu gibi kalsın.","başvuru detayları: skt 07/30, imei 846436405966274, imza kaydı dijital imza özeti E063E5, aile durumu eşi vefat etmiş, ruhsat no VT-191553, kullanıcı adı sejda_yilm55, engel durumu %50 engelli raporu mevcut, referansı RF65722918","başvuru detayları: skt 07/30, imei 846436405966274, imza kaydı dijital imza özeti E063E5, aile durumu eşi vefat etmiş, ruhsat no VT-191553, kullanıcı adı sejda_yilm55, engel durumu %50 engelli raporu mevcut, referansı RF65722918",[AILE] [ENGEL_DURUMU] [IMEI] [IMZA] [KART_SKT] [KULLANICI_ADI] [REFERANS] [RUHSAT_NO],,"başvuru detayları: skt 07/30, imei 846436405966274, imza kaydı dijital imza özeti E063E5, aile durumu eşi vefat etmiş, ruhsat no VT-191553, kullanıcı adı sejda_yilm55, engel durumu %50 engelli raporu mevcut, referansı RF65722918",True,True,False
689,kapsam_disi,duz,Yalnız aile bilgisi ve personel sicil numarası gizlenecek; başka hiçbir şey değişmeyecek.,yabancı müşteri kaydı uyruğu Türk pasaport U86245615,yabancı müşteri kaydı uyruğu Türk pasaport U86245615,[PASAPORT_NO] [UYRUK],,yabancı müşteri kaydı uyruğu Türk pasaport U86245615,True,True,False
690,kapsam_disi,duz,Yalnız doğum tarihi gizlenecek; başka hiçbir şey değişmeyecek.,bordro itirazım var sicil 8710 maaşım aylık 78.000 TL yatmış eksik,bordro itirazım var sicil 8710 maaşım aylık 78.000 TL yatmış eksik,[MAAS] [SICIL_NO],,bordro itirazım var sicil 8710 maaşım aylık 78.000 TL yatmış eksik,True,True,False
691,kapsam_disi,duz,Bu metinde sigorta poliçe no ve [KART] dışında hiçbir şeyi maskeleme.,sözleşme feshi talep ediyorum sözleşme no 0669-86087 tc 315-996-757-68,sözleşme feshi talep ediyorum sözleşme no 0669-86087 tc 315-996-757-68,[SOZLESME_NO] [TCKN],,sözleşme feshi talep ediyorum sözleşme no 0669-86087 tc 315-996-757-68,True,True,False
692,kapsam_disi,duz,"çalıştığı kurum alanını etiketle, kalan her şeyi aynen bırak.",çocuğumun okul servisi için adres Yıldız Mah. Fulya Bulv. No:137 D:11 Şahinbey/Mersin tel 0262 809 13 57,çocuğumun okul servisi için adres Yıldız Mah. Fulya Bulv. No:137 D:11 Şahinbey/Mersin tel 0262 809 13 57,[ADRES] [TEL],,çocuğumun okul servisi için adres [ADRES] tel [TEL],False,True,False
693,kapsam_disi,duz,Yalnız şasi numarası ve adres bilgisi gizlenecek; başka hiçbir şey değişmeyecek.,poliçemi yenilemek istiyorum poliçe no 0398/183852 doğum tarihim 8 Şubat 1986,poliçemi yenilemek istiyorum poliçe no 0398/183852 doğum tarihim 8 Şubat 1986,[DOGUM_TARIHI] [POLICE_NO],,poliçemi yenilemek istiyorum poliçe no 0398/183852 doğum tarihim 8 Şubat 1986,True,True,False
694,kapsam_disi,kayit,Bu talepte tek hedef uyruk ve [TEL]; başka alan etiketlenmeyecek.,"başvuru detayları: aile durumu eşinden ayrı yaşıyor, mac C2:DF:00:08:59:78, işyeri Bereket Mobilya A.Ş., poliçe no P786076952, anne kızlık soyadı Korutürk, köken bilgisi Kürt, engel durumu işitme engelli raporu var","başvuru detayları: aile durumu eşinden ayrı yaşıyor, mac C2:DF:00:08:59:78, işyeri Bereket Mobilya A.Ş., poliçe no P786076952, anne kızlık soyadı Korutürk, köken bilgisi Kürt, engel durumu işitme engelli raporu var",[AILE] [ANNE_KIZLIK] [ENGEL_DURUMU] [ETNIK_KOKEN] [ISYERI] [MAC_ADRES] [POLICE_NO],,"başvuru detayları: aile durumu eşinden ayrı yaşıyor, mac [MAC_ADRES], işyeri [ISYERI], poliçe no [POLICE_NO], anne kızlık soyadı [ANNE_KIZLIK], köken bilgisi [ETNIK_KOKEN], engel durumu [ENGEL_DURUMU]",False,True,False
695,kapsam_disi,duz,Kapsam yalnızca [SAGLIK] ve doğum tarihi; diğer kişisel veriler bu sefer açık kalacak.,yurtdışı harcama onayı pasaport A56927116 kart 5818 9049 0508 8036,yurtdışı harcama onayı pasaport A56927116 kart 5818 9049 0508 8036,[KART] [PASAPORT_NO],,yurtdışı harcama onayı pasaport A56927116 kart 5818 9049 0508 8036,True,True,False
696,kapsam_disi,kayit,Maskeleme talimatı: sadece [SIFRE] ve kredi notu.,"sisteme girilecek kayıt: anne kızlık soyadı Avcı, sözleşme no 2023/8972-B, cinsiyeti kadın, adli kaydı kabahat kaydı mevcut, köken bilgisi Arnavut, pin 1604","sisteme girilecek kayıt: anne kızlık soyadı Avcı, sözleşme no 2023/8972-B, cinsiyeti kadın, adli kaydı kabahat kaydı mevcut, köken bilgisi Arnavut, pin 1604",[ANNE_KIZLIK] [CEZA_KAYDI] [CINSIYET] [ETNIK_KOKEN] [PIN] [SOZLESME_NO],,"sisteme girilecek kayıt: anne kızlık soyadı Avcı, sözleşme no 2023/8972-B, cinsiyeti kadın, adli kaydı kabahat kaydı mevcut, köken bilgisi Arnavut, pin 1604",True,True,False
697,kapsam_disi,kayit,"Sadece [SIFRE] ve [AD] için maskeleme yap, gerisi olduğu gibi kalsın.","personel dosyası güncellemesi: sicil no 85624, adli kaydı adli para cezası kaydı, doğum tarihi 18.12.1954, poliçe no 9981/101864, uyruğu Türk, cihaz id LYZD-EJ50-SZDV, cinsiyeti kadın, mac AA:CE:A9:0E:C9:AC, gsm (555) 810 08 11","personel dosyası güncellemesi: sicil no 85624, adli kaydı adli para cezası kaydı, doğum tarihi 18.12.1954, poliçe no 9981/101864, uyruğu Türk, cihaz id LYZD-EJ50-SZDV, cinsiyeti kadın, mac AA:CE:A9:0E:C9:AC, gsm (555) 810 08 11",[CEZA_KAYDI] [CIHAZ_ID] [CINSIYET] [DOGUM_TARIHI] [MAC_ADRES] [POLICE_NO] [SICIL_NO] [TEL] [UYRUK],,"personel dosyası güncellemesi: sicil no 85624, adli kaydı adli para cezası kaydı, doğum tarihi 18.12.1954, poliçe no 9981/101864, uyruğu Türk, cihaz id LYZD-EJ50-SZDV, cinsiyeti kadın, mac AA:CE:A9:0E:C9:AC, gsm (555) 810 08 11",True,True,False
698,kapsam_disi,duz,"Sadece CVV kodu ve [ENGEL_DURUMU] için maskeleme yap, gerisi olduğu gibi kalsın.",etnik köken alanı Süryani yazılmış bu alan zorunlu mu,etnik köken alanı Süryani yazılmış bu alan zorunlu mu,[ETNIK_KOKEN],,etnik köken alanı Süryani yazılmış bu alan zorunlu mu,True,True,False
699,kapsam_disi,duz,Maskeleme talimatı: sadece vatandaşlık bilgisi.,kripto çekim adresim TBzxmISBt2RntNEgS3IxYjgKrgesUiHoHp onay bekliyor,kripto çekim adresim TBzxmISBt2RntNEgS3IxYjgKrgesUiHoHp onay bekliyor,[KRIPTO_CUZDAN],,kripto çekim adresim TBzxmISBt2RntNEgS3IxYjgKrgesUiHoHp onay bekliyor,True,True,False
700,kapsam_disi,kayit,"maaş bilgisi alanını etiketle, kalan her şeyi aynen bırak.","sisteme girilecek kayıt: biyometrik kaydı retina taraması, referansı RF93792530, ıban TR19 0527 0357 4672 4300 9152 32, şasi no 5P11LSGUDW2A2FKF8, sağlık notu fıstık alerjisi","sisteme girilecek kayıt: biyometrik kaydı retina taraması, referansı RF93792530, ıban TR19 0527 0357 4672 4300 9152 32, şasi no 5P11LSGUDW2A2FKF8, sağlık notu fıstık alerjisi",[BIYOMETRIK] [IBAN] [REFERANS] [SAGLIK] [SASI_NO],,"sisteme girilecek kayıt: biyometrik kaydı [BIYOMETRIK], referansı RF93792530, ıban [IBAN], şasi no [SASI_NO], sağlık notu [KREDI_NOTU]",False,True,False
701,negatif,"tuzak,caps","KVKK gereği bütün kişisel ve hassas alanları gizle; tutar, adet gibi kişisel olmayan sayılara dokunma.",VADE TARİHİ 15.09.2026 OLARAK GÜNCELLENDİ,VADE TARİHİ 15.09.2026 OLARAK GÜNCELLENDİ,,,VADE TARİHİ [DOGUM_TARIHI] OLARAK GÜNCELLENDİ,False,True,False
702,negatif,tuzak,Aşağıdaki mesajda kimliği belirlenebilir kılan ne varsa etiketiyle ört.,muhasebe hesap kodu 120.01.002 ye virman yapıldı,muhasebe hesap kodu 120.01.002 ye virman yapıldı,,,muhasebe hesap kodu 120.01.002 ye virman yapıldı,True,True,False
703,negatif,tuzak,Gizlilik filtresi uygula: tüm kişisel alanlar etikete dönüşsün.,vade tarihi 76073 olarak güncellendi,vade tarihi 76073 olarak güncellendi,,,vade tarihi 76073 olarak güncellendi,True,True,False
704,negatif,tuzak,Bu talepte tek hedef ehliyet numarası; başka alan etiketlenmeyecek.,uygulama 2.4.1 sürümüne güncellendi,uygulama 2.4.1 sürümüne güncellendi,,,uygulama 2.4.1 sürümüne güncellendi,True,True,False
705,negatif,tuzak,Kişisel verileri tespit edip ilgili etiketlerle değiştir; başka değişiklik yapma.,maaş ödemeleri cuma günü yapılacak,maaş ödemeleri cuma günü yapılacak,,,maaş ödemeleri cuma günü yapılacak,True,True,False
706,negatif,"tuzak,caps",Bu kayıtta kişisel veri niteliği taşıyan her şeyi köşeli parantezli etiketle değiştir.,STOK KODU STK-99871 PASİFE ALINDI,STOK KODU STK-99871 PASİFE ALINDI,,,STOK KODU [STK_NO] PASİFE ALINDI,False,True,True
707,negatif,tuzak,Aşağıdaki mesajda kimliği belirlenebilir kılan ne varsa etiketiyle ört.,toplantı salonu B-204 saat 14 için rezerve edildi,toplantı salonu B-204 saat 14 için rezerve edildi,,,toplantı salonu B-204 saat 14 için rezerve edildi,True,True,False
708,negatif,tuzak,"KVKK gereği bütün kişisel ve hassas alanları gizle; tutar, adet gibi kişisel olmayan sayılara dokunma.",aylık rapor şablonu güncellendi,aylık rapor şablonu güncellendi,,,aylık rapor şablonu güncellendi,True,True,False
709,negatif,tuzak,Bu metinde kart son kullanma tarihi dışında hiçbir şeyi maskeleme.,sunucu diski yüzde 91 doluluğa ulaştı,sunucu diski yüzde 91 doluluğa ulaştı,,,sunucu diski yüzde 91 doluluğa ulaştı,True,True,False
710,negatif,tuzak,Metindeki tüm kişisel verileri uygun etiketlerle maskele.,misafir wifi ağı LOJISTIK-5G yeniden başlatıldı,misafir wifi ağı LOJISTIK-5G yeniden başlatıldı,,,misafir wifi ağı [CIHAZ_ID] yeniden başlatıldı,False,True,False
711,negatif,tuzak,Kapsam yalnızca [MOTOR_NO]; diğer kişisel veriler bu sefer açık kalacak.,Kartal şubesi cumartesi kapalı olacak,Kartal şubesi cumartesi kapalı olacak,,,Kartal şubesi cumartesi kapalı olacak,True,True,False
712,negatif,tuzak,Kişisel verileri tespit edip ilgili etiketlerle değiştir; başka değişiklik yapma.,sendika toplantısı gelecek haftaya ertelendi,sendika toplantısı gelecek haftaya ertelendi,,,sendika toplantısı gelecek haftaya ertelendi,True,True,False
713,negatif,tuzak,Kapsam yalnızca IBAN numarası; diğer kişisel veriler bu sefer açık kalacak.,kart numarası girmeden devam edemiyorum ekran kilitleniyor,kart numarası girmeden devam edemiyorum ekran kilitleniyor,,,kart numarası girmeden devam edemiyorum ekran kilitleniyor,True,True,False
714,negatif,tuzak,"KVKK gereği bütün kişisel ve hassas alanları gizle; tutar, adet gibi kişisel olmayan sayılara dokunma.",raporda 36765 üzeri kayıt listelendi,raporda 36765 üzeri kayıt listelendi,,,raporda 36765 üzeri kayıt listelendi,True,True,False
715,negatif,tuzak,"Bütün PII alanlarını maskele, metnin geri kalanını aynen koru.",sipariş 82415 kargoya verildi,sipariş 82415 kargoya verildi,,,sipariş 82415 kargoya verildi,True,True,False
716,negatif,tuzak,Yalnız kredi notu gizlenecek; başka hiçbir şey değişmeyecek.,araç filosuna 1475 yeni kamyonet eklendi,araç filosuna 1475 yeni kamyonet eklendi,,,araç filosuna 1475 yeni kamyonet eklendi,True,True,False
717,negatif,tuzak,Bu satırdaki her kişisel bilgiyi maskeleyerek yeniden yaz.,kan bağışı kampanyası cuma günü başlıyor,kan bağışı kampanyası cuma günü başlıyor,,,kan bağışı kampanyası cuma günü başlıyor,True,True,False
718,negatif,tuzak,Maskeleme talimatı: sadece etnik köken bilgisi.,dolar kuru 55873 seviyesinde açıldı,dolar kuru 55873 seviyesinde açıldı,,,dolar kuru 55873 seviyesinde açıldı,True,True,False
719,negatif,tuzak,[ANNE_KIZLIK] haricindeki bütün PII maskelenecek.,muhasebe hesap kodu 16503 ye virman yapıldı,muhasebe hesap kodu 16503 ye virman yapıldı,,,muhasebe hesap kodu 16503 ye virman yapıldı,True,True,False
720,negatif,tuzak,Bu satırdaki her kişisel bilgiyi maskeleyerek yeniden yaz.,sipariş 2026-448 kargoya verildi,sipariş 2026-448 kargoya verildi,,,sipariş 2026-448 kargoya verildi,True,True,False
721,negatif,tuzak,"şasi numarası alanını etiketle, kalan her şeyi aynen bırak.",tc kimlik alanına sadece rakam girilebilir uyarısı çıkıyor,tc kimlik alanına sadece rakam girilebilir uyarısı çıkıyor,,,tc kimlik alanına sadece rakam girilebilir uyarısı çıkıyor,True,True,False
722,negatif,tuzak,kullanıcı adı haricindeki bütün PII maskelenecek.,Fatih projesi bütçesi 850 bin TL olarak revize edildi,Fatih projesi bütçesi 850 bin TL olarak revize edildi,,,Fatih projesi bütçesi 850 bin TL olarak revize edildi,True,True,False
723,negatif,tuzak,engellilik bilgisi açıkta kalsın; kalan tüm kişisel verileri etiketle.,destek talebi TCK-47959 çözüldü olarak kapatıldı,destek talebi TCK-47959 çözüldü olarak kapatıldı,,,destek talebi TCK-47959 çözüldü olarak kapatıldı,True,True,False
724,negatif,"tuzak,caps",Kişisel verileri tespit edip ilgili etiketlerle değiştir; başka değişiklik yapma.,İBAN ALANI BOŞ BIRAKILAMAZ UYARISI ALIYORUM,İBAN ALANI BOŞ BIRAKILAMAZ UYARISI ALIYORUM,,,IBAN ALANI [IBAN] UYARISI ALIYORUM,False,True,False
725,negatif,"tuzak,caps",Bu talepte tek hedef şifre; başka alan etiketlenmeyecek.,SENDİKA TOPLANTISI GELECEK HAFTAYA ERTELENDİ,SENDİKA TOPLANTISI GELECEK HAFTAYA ERTELENDİ,,,SENDİKA TOPLANTISI GELECEK HAFTAYA ERTELENDİ,True,True,False
726,negatif,tuzak,"Maskeleme yaparken [MOTOR_NO] atlanacak, diğer her kişisel veri etiketlenecek.",raporda 63437 üzeri kayıt listelendi,raporda 63437 üzeri kayıt listelendi,,,raporda 63437 üzeri kayıt listelendi,True,True,False
727,negatif,tuzak,Maskeleme talimatı: sadece [KART_SKT].,raporda 500 üzeri kayıt listelendi,raporda 500 üzeri kayıt listelendi,,,raporda 500 üzeri kayıt listelendi,True,True,False
728,negatif,tuzak,ruhsat numarası açıkta kalsın; kalan tüm kişisel verileri etiketle.,kargo takip ekranı bakımda,kargo takip ekranı bakımda,,,kargo takip ekranı bakımda,True,True,False
729,negatif,tuzak,Yalnız [VERGI_NO] gizlenecek; başka hiçbir şey değişmeyecek.,sınav sonucu 78 puan olarak açıklandı,sınav sonucu 78 puan olarak açıklandı,,,sınla sonucu 78 puan olarak açıklandı,False,True,False
730,negatif,tuzak,"KVKK gereği bütün kişisel ve hassas alanları gizle; tutar, adet gibi kişisel olmayan sayılara dokunma.",fatura no 46333 tutar 71223 TL onaylandı,fatura no 46333 tutar 71223 TL onaylandı,,,fatura no 46333 tutar 71223 TL onaylandı,True,True,False
731,negatif,tuzak,Gizlilik filtresi uygula: tüm kişisel alanlar etikete dönüşsün.,engelli rampası tadilatı tamamlandı,engelli rampası tadilatı tamamlandı,,,engelli rampası tadilatı tamamlandı,True,True,False
732,negatif,tuzak,[IBAN] istisna; onun dışındaki tüm kişisel alanları gizle.,ortalama sepet tutarı 85 bin TL yi geçti,ortalama sepet tutarı 85 bin TL yi geçti,,,ortalama sepet tutarı 85 bin TL yi geçti,True,True,False
733,negatif,tuzak,Metindeki tüm kişisel verileri uygun etiketlerle maskele.,oda 12 deki toplantı iptal edildi,oda 12 deki toplantı iptal edildi,,,oda 12 deki toplantı iptal edildi,True,True,False
734,negatif,tuzak,Kişisel verileri tespit edip ilgili etiketlerle değiştir; başka değişiklik yapma.,yıllık izin bakiyeniz 14 gün görünüyor,yıllık izin bakiyeniz 14 gün görünüyor,,,yıllık izin bakiyeniz 14 gün görünüyor,True,True,False
735,negatif,tuzak,Metindeki tüm kişisel verileri uygun etiketlerle maskele.,bina girişindeki turnike arızası giderildi,bina girişindeki turnike arızası giderildi,,,bina girişindeki turnike arızası giderildi,True,True,False
736,negatif,tuzak,"Sadece sağlık bilgisi için maskeleme yap, gerisi olduğu gibi kalsın.",sınav sonucu 90157 puan olarak açıklandı,sınav sonucu 90157 puan olarak açıklandı,,,sınla sonucu 90157 puan olarak açıklandı,False,True,False
737,negatif,"tuzak,caps","Bütün PII alanlarını maskele, metnin geri kalanını aynen koru.",DAHİLİ 4512 ÜZERİNDEN SANTRALE ULAŞABİLİRSİNİZ,DAHİLİ 4512 ÜZERİNDEN SANTRALE ULAŞABİLİRSİNİZ,,,DAHİLİ 4512 ÜZERİNDEN SANTRALE ULAŞABİLİRSİNİZ,True,True,False
738,negatif,tuzak,Bu metinde MAC adresi dışında hiçbir şeyi maskeleme.,Erzurum şubesine 94180 yeni pos cihazı gönderildi,Erzurum şubesine 94180 yeni pos cihazı gönderildi,,,Erzurum şubesine 94180 yeni pos cihazı gönderildi,True,True,False
739,negatif,tuzak,Metindeki tüm kişisel verileri uygun etiketlerle maskele.,telefon formatı hatalı uyarısı veriyor,telefon formatı hatalı uyarısı veriyor,,,telefon formatı hatalı uyarısı veriyor,True,True,False
740,negatif,tuzak,Metindeki tüm kişisel verileri uygun etiketlerle maskele.,şifre alanı en az 10915 karakter istiyor,şifre alanı en az 10915 karakter istiyor,,,şifre alanı en az 10915 karakter istiyor,True,True,False
741,negatif,tuzak,Bu kayıtta kişisel veri niteliği taşıyan her şeyi köşeli parantezli etiketle değiştir.,Atatürk Bulvarı şubemiz taşınıyor,Atatürk Bulvarı şubemiz taşınıyor,,,[AD] şubemiz taşınıyor,False,True,False
742,negatif,tuzak,Bu satırdaki her kişisel bilgiyi maskeleyerek yeniden yaz.,adres satırı 2 zorunlu mu,adres satırı 2 zorunlu mu,,,adres satırı 2 zorunlu mu,True,True,False
743,negatif,tuzak,"Sadece [SOZLESME_NO] için maskeleme yap, gerisi olduğu gibi kalsın.",anket katılımı yüzde 62 de kaldı,anket katılımı yüzde 62 de kaldı,,,anket katılımı yüzde 62 de kaldı,True,True,False
744,negatif,tuzak,"Maskeleme yaparken anne adı atlanacak, diğer her kişisel veri etiketlenecek.",muhasebe hesap kodu 18638 ye virman yapıldı,muhasebe hesap kodu 18638 ye virman yapıldı,,,muhasebe hesap kodu 18638 ye virman yapıldı,True,True,False
745,negatif,tuzak,Bu metinde [AILE] dışında hiçbir şeyi maskeleme.,stok kodu STK-58290 pasife alındı,stok kodu STK-58290 pasife alındı,,,stok kodu STK-58290 pasife alındı,True,True,False
746,negatif,tuzak,[DIN] istisna; onun dışındaki tüm kişisel alanları gizle.,bayi toplantısı Antalya da yapılacak,bayi toplantısı Antalya da yapılacak,,,bayi toplantısı Antalya da yapılacak,True,True,False
747,negatif,tuzak,"Bütün PII alanlarını maskele, metnin geri kalanını aynen koru.",oda 30544 deki toplantı iptal edildi,oda 30544 deki toplantı iptal edildi,,,oda 30544 deki toplantı iptal edildi,True,True,False
748,negatif,tuzak,Bu satırdaki her kişisel bilgiyi maskeleyerek yeniden yaz.,destek talebi TCK-74796 çözüldü olarak kapatıldı,destek talebi TCK-74796 çözüldü olarak kapatıldı,,,destek talebi TCK-74796 çözüldü olarak kapatıldı,True,True,False
749,negatif,tuzak,Bu kayıtta kişisel veri niteliği taşıyan her şeyi köşeli parantezli etiketle değiştir.,şifre alanı en az 8 karakter istiyor,şifre alanı en az 8 karakter istiyor,,,şifre alanı en az 8 karakter istiyor,True,True,False
750,negatif,tuzak,"Sadece engel durumu için maskeleme yap, gerisi olduğu gibi kalsın.",vade tarihi 31130 olarak güncellendi,vade tarihi 31130 olarak güncellendi,,,vade tarihi 31130 olarak güncellendi,True,True,False
751,negatif,tuzak,Her şeyi maskele ama kullanıcı adı dokunulmadan kalsın.,araç filosuna 96039 yeni kamyonet eklendi,araç filosuna 96039 yeni kamyonet eklendi,,,araç filosuna 96039 yeni kamyonet eklendi,True,True,False
752,negatif,tuzak,Bu satırdaki her kişisel bilgiyi maskeleyerek yeniden yaz.,vade tarihi 56198 olarak güncellendi,vade tarihi 56198 olarak güncellendi,,,vade tarihi 56198 olarak güncellendi,True,True,False
753,negatif,tuzak,"Sadece kan grubu için maskeleme yap, gerisi olduğu gibi kalsın.",fatura no 59766 tutar 11568 TL onaylandı,fatura no 59766 tutar 11568 TL onaylandı,,,fatura no 59766 tutar 11568 TL onaylandı,True,True,False
754,negatif,tuzak,"Maskeleme yaparken IP adresi atlanacak, diğer her kişisel veri etiketlenecek.",toplantı salonu B-11526 saat 43906 için rezerve edildi,toplantı salonu B-11526 saat 43906 için rezerve edildi,,,toplantı salonu B-11526 saat 43906 için rezerve edildi,True,True,False
755,negatif,tuzak,Metindeki tüm kişisel verileri uygun etiketlerle maskele.,destek talebi TCK-76606 çözüldü olarak kapatıldı,destek talebi TCK-76606 çözüldü olarak kapatıldı,,,destek talebi TCK-76606 çözüldü olarak kapatıldı,True,True,False
756,negatif,tuzak,Metindeki tüm kişisel verileri uygun etiketlerle maskele.,sınav sonucu 35614 puan olarak açıklandı,sınav sonucu 35614 puan olarak açıklandı,,,sınla sonucu 35614 puan olarak açıklandı,False,True,False
757,negatif,tuzak,"Bütün PII alanlarını maskele, metnin geri kalanını aynen koru.",sunucu diski yüzde 37062 doluluğa ulaştı,sunucu diski yüzde 37062 doluluğa ulaştı,,,sunucu diski yüzde 37062 doluluğa ulaştı,True,True,False
758,negatif,tuzak,Aşağıdaki mesajda kimliği belirlenebilir kılan ne varsa etiketiyle ört.,muhasebe hesap kodu 63833 ye virman yapıldı,muhasebe hesap kodu 63833 ye virman yapıldı,,,muhasebe hesap kodu 63833 ye virman yapıldı,True,True,False
759,negatif,"tuzak,caps",Gizlilik filtresi uygula: tüm kişisel alanlar etikete dönüşsün.,ARAÇ FİLOSUNA 12 YENİ KAMYONET EKLENDİ,ARAÇ FİLOSUNA 12 YENİ KAMYONET EKLENDİ,,,ARAÇ FİLOSUNA 12 YENİ KAMYONET EKLENDİ,True,True,False
760,negatif,tuzak,Bu satırdaki her kişisel bilgiyi maskeleyerek yeniden yaz.,şifre alanı en az 4292 karakter istiyor,şifre alanı en az 4292 karakter istiyor,,,şifre alanı en az 4292 karakter istiyor,True,True,False
761,negatif,tuzak,Maskeleme talimatı: sadece [KULLANICI_ADI].,dahili 30757 üzerinden santrale ulaşabilirsiniz,dahili 30757 üzerinden santrale ulaşabilirsiniz,,,dahili 30757 üzerinden santrale ulaşabilirsiniz,True,True,False
762,negatif,tuzak,Metindeki tüm kişisel verileri uygun etiketlerle maskele.,muhasebe hesap kodu 73100 ye virman yapıldı,muhasebe hesap kodu 73100 ye virman yapıldı,,,muhasebe hesap kodu 73100 ye virman yapıldı,True,True,False
763,negatif,"tuzak,caps","Bütün PII alanlarını maskele, metnin geri kalanını aynen koru.",TOPLANTI SALONU B-204 SAAT 14 İÇİN REZERVE EDİLDİ,TOPLANTI SALONU B-204 SAAT 14 İÇİN REZERVE EDİLDİ,,,TOPLANTI SALONU B-204 SAAT 14 İÇİN REZERVE EDİLDİ,True,True,False
764,negatif,tuzak,"Sadece cinsiyet için maskeleme yap, gerisi olduğu gibi kalsın.","dolar kuru 41,25 seviyesinde açıldı","dolar kuru 41,25 seviyesinde açıldı",,,"dolar kuru 41,25 seviyesinde açıldı",True,True,False
765,negatif,tuzak,"Bütün PII alanlarını maskele, metnin geri kalanını aynen koru.",destek talebi TCK-32121 çözüldü olarak kapatıldı,destek talebi TCK-32121 çözüldü olarak kapatıldı,,,destek talebi TCK-32121 çözüldü olarak kapatıldı,True,True,False
766,negatif,tuzak,Kişisel verileri tespit edip ilgili etiketlerle değiştir; başka değişiklik yapma.,eğitim videosu 53823 dakika sürüyor,eğitim videosu 53823 dakika sürüyor,,,eğitim videosu 53823 dakika sürüyor,True,True,False
767,negatif,tuzak,Metindeki tüm kişisel verileri uygun etiketlerle maskele.,Fatih projesi bütçesi 71397 bin TL olarak revize edildi,Fatih projesi bütçesi 71397 bin TL olarak revize edildi,,,Fatih projesi bütçesi 71397 bin TL olarak revize edildi,True,True,False
768,negatif,tuzak,Maskeleme talimatı: sadece e-posta adresi.,Erzurum şubesine 25148 yeni pos cihazı gönderildi,Erzurum şubesine 25148 yeni pos cihazı gönderildi,,,Erzurum şubesine 25148 yeni pos cihazı gönderildi,True,True,False
769,negatif,tuzak,baba adı istisna; onun dışındaki tüm kişisel alanları gizle.,dahili 9563 üzerinden santrale ulaşabilirsiniz,dahili 9563 üzerinden santrale ulaşabilirsiniz,,,dahili 9563 üzerinden santrale ulaşabilirsiniz,True,True,False
770,negatif,"tuzak,caps","[ADRES] alanını etiketle, kalan her şeyi aynen bırak.",ATATÜRK BULVARI ŞUBEMİZ TAŞINIYOR,ATATÜRK BULVARI ŞUBEMİZ TAŞINIYOR,,,ATATÜRK BULVARI ŞUBEMİZ TAŞINIYOR,True,True,False
771,negatif,tuzak,"Maskeleme yaparken cihaz kimliği atlanacak, diğer her kişisel veri etiketlenecek.",ortalama sepet tutarı 77637 bin TL yi geçti,ortalama sepet tutarı 77637 bin TL yi geçti,,,ortalama sepet tutarı 77637 bin TL yi geçti,True,True,False
772,negatif,tuzak,"Bütün PII alanlarını maskele, metnin geri kalanını aynen koru.",eğitim videosu 45 dakika sürüyor,eğitim videosu 45 dakika sürüyor,,,eğitim videosu 45 dakika sürüyor,True,True,False
773,negatif,tuzak,"KVKK gereği bütün kişisel ve hassas alanları gizle; tutar, adet gibi kişisel olmayan sayılara dokunma.",raporda 70144 üzeri kayıt listelendi,raporda 70144 üzeri kayıt listelendi,,,raporda 70144 üzeri kayıt listelendi,True,True,False
774,negatif,tuzak,"[DIN] alanını etiketle, kalan her şeyi aynen bırak.",fatura no 65346 tutar 9856 TL onaylandı,fatura no 65346 tutar 9856 TL onaylandı,,,fatura no 65346 tutar 9856 TL onaylandı,True,True,False
775,negatif,"tuzak,caps",sözleşme numarası haricindeki bütün PII maskelenecek.,DAHİLİ 35137 ÜZERİNDEN SANTRALE ULAŞABİLİRSİNİZ,DAHİLİ 35137 ÜZERİNDEN SANTRALE ULAŞABİLİRSİNİZ,,,DAHİLİ 35137 ÜZERİNDEN SANTRALE ULAŞABİLİRSİNİZ,True,True,False
776,negatif,tuzak,IP adresi istisna; onun dışındaki tüm kişisel alanları gizle.,Fatih projesi bütçesi 12624 bin TL olarak revize edildi,Fatih projesi bütçesi 12624 bin TL olarak revize edildi,,,Fatih projesi bütçesi 12624 bin TL olarak revize edildi,True,True,False
777,negatif,tuzak,Maskeleme talimatı: sadece [KREDI_NOTU].,sunucu diski yüzde 85455 doluluğa ulaştı,sunucu diski yüzde 85455 doluluğa ulaştı,,,sunucu diski yüzde 85455 doluluğa ulaştı,True,True,False
778,negatif,tuzak,Kapsam yalnızca T.C. kimlik numarası; diğer kişisel veriler bu sefer açık kalacak.,vade tarihi 4338 olarak güncellendi,vade tarihi 4338 olarak güncellendi,,,vade tarihi 4338 olarak güncellendi,True,True,False
779,negatif,tuzak,Yalnız [ANNE_KIZLIK] gizlenecek; başka hiçbir şey değişmeyecek.,personel sayımız 340 a ulaştı,personel sayımız 340 a ulaştı,,,personel sayımız 340 a ulaştı,True,True,False
780,negatif,tuzak,GPS koordinatı istisna; onun dışındaki tüm kişisel alanları gizle.,dolar kuru 73819 seviyesinde açıldı,dolar kuru 73819 seviyesinde açıldı,,,dolar kuru 73819 seviyesinde açıldı,True,True,False
781,negatif,"tuzak,caps","sağlık bilgisi alanını etiketle, kalan her şeyi aynen bırak.",KAN BAĞIŞI KAMPANYASI CUMA GÜNÜ BAŞLIYOR,KAN BAĞIŞI KAMPANYASI CUMA GÜNÜ BAŞLIYOR,,,KAN BAĞIŞI KAMPANYASI CUMA GÜNÜ BAŞLIYOR,True,True,False
782,negatif,"tuzak,caps",Metindeki tüm kişisel verileri uygun etiketlerle maskele.,UYGULAMA 74106 SÜRÜMÜNE GÜNCELLENDİ,UYGULAMA 74106 SÜRÜMÜNE GÜNCELLENDİ,,,UYGULAMA [SICIL_NO] SÜRÜMÜNE GÜNCELLENDİ,False,True,False
783,negatif,tuzak,Metindeki tüm kişisel verileri uygun etiketlerle maskele.,bayi toplantısı Denizli da yapılacak,bayi toplantısı Denizli da yapılacak,,,bayi toplantısı Denizli da yapılacak,True,True,False
784,negatif,"tuzak,caps",Kişisel verileri tespit edip ilgili etiketlerle değiştir; başka değişiklik yapma.,DESTEK TALEBİ TCK-2298 ÇÖZÜLDÜ OLARAK KAPATILDI,DESTEK TALEBİ TCK-2298 ÇÖZÜLDÜ OLARAK KAPATILDI,,,DESTEK TALEBİ [ETNIK_KOKEN] ÇÖZÜLDÜ OLARAK KAPATILDI,False,True,False
785,negatif,tuzak,"Bütün PII alanlarını maskele, metnin geri kalanını aynen koru.",dahili 4512 üzerinden santrale ulaşabilirsiniz,dahili 4512 üzerinden santrale ulaşabilirsiniz,,,dahili 4512 üzerinden santrale ulaşabilirsiniz,True,True,False
786,negatif,tuzak,Metindeki tüm kişisel verileri uygun etiketlerle maskele.,stok kodu STK-99871 pasife alındı,stok kodu STK-99871 pasife alındı,,,stok kodu STK-99871 pasife alındı,True,True,False
787,negatif,tuzak,"[KART_SKT] alanını etiketle, kalan her şeyi aynen bırak.",kasa açığı 1.250 TL olarak raporlandı,kasa açığı 1.250 TL olarak raporlandı,,,kasa açığı 1.250 TL olarak raporlandı,True,True,False
788,negatif,tuzak,[BABA_ADI] istisna; onun dışındaki tüm kişisel alanları gizle.,sipariş 43007 kargoya verildi,sipariş 43007 kargoya verildi,,,sipariş 43007 kargoya verildi,True,True,False
789,negatif,tuzak,"KVKK gereği bütün kişisel ve hassas alanları gizle; tutar, adet gibi kişisel olmayan sayılara dokunma.",adres satırı 77006 zorunlu mu,adres satırı 77006 zorunlu mu,,,adres satırı 77006 zorunlu mu,True,True,False
790,negatif,tuzak,Maskeleme talimatı: sadece ceza kaydı.,sınav sonucu 82201 puan olarak açıklandı,sınav sonucu 82201 puan olarak açıklandı,,,sınla sonucu 82201 puan olarak açıklandı,False,True,False
791,negatif,"tuzak,caps",Kişisel verileri tespit edip ilgili etiketlerle değiştir; başka değişiklik yapma.,KASA AÇIĞI 60498 TL OLARAK RAPORLANDI,KASA AÇIĞI 60498 TL OLARAK RAPORLANDI,,,KASA AÇIĞI 60498 TL OLARAK RAPORLANDI,True,True,False
792,negatif,"tuzak,caps",Kişisel verileri tespit edip ilgili etiketlerle değiştir; başka değişiklik yapma.,YENİ KAMPANYA KODU YAZ2026 AKTİF EDİLDİ,YENİ KAMPANYA KODU YAZ2026 AKTİF EDİLDİ,,,YENİ KAMPANYA KODU [CVV] AKTİF EDİLDİ,False,True,False
793,negatif,tuzak,[ETNIK_KOKEN] haricindeki bütün PII maskelenecek.,vade tarihi 15.09.2026 olarak güncellendi,vade tarihi 15.09.2026 olarak güncellendi,,,vade tarihi 15.09.2026 olarak güncellendi,True,True,False
794,negatif,tuzak,"Maskeleme yaparken [CINSIYET] atlanacak, diğer her kişisel veri etiketlenecek.",personel sayımız 95416 a ulaştı,personel sayımız 95416 a ulaştı,,,personel sayımız 95416 a ulaştı,True,True,False
795,negatif,tuzak,personel sicil numarası haricindeki bütün PII maskelenecek.,İzmir şubesine 45 yeni pos cihazı gönderildi,İzmir şubesine 45 yeni pos cihazı gönderildi,,,İzmir şubesine 45 yeni pos cihazı gönderildi,True,True,False
796,negatif,tuzak,Metindeki tüm kişisel verileri uygun etiketlerle maskele.,adres satırı 36082 zorunlu mu,adres satırı 36082 zorunlu mu,,,adres satırı 36082 zorunlu mu,True,True,False
797,negatif,"tuzak,caps",Gizlilik filtresi uygula: tüm kişisel alanlar etikete dönüşsün.,ORTALAMA SEPET TUTARI 70661 BİN TL Yİ GEÇTİ,ORTALAMA SEPET TUTARI 70661 BİN TL Yİ GEÇTİ,,,ORTALAMA SEPET TUTARI 70661 BİN TL Yİ GEÇTİ,True,True,False
798,negatif,tuzak,Metindeki tüm kişisel verileri uygun etiketlerle maskele.,bayi toplantısı Hatay da yapılacak,bayi toplantısı Hatay da yapılacak,,,bayi toplantısı Hatay da yapılacak,True,True,False
799,negatif,tuzak,Gizlilik filtresi uygula: tüm kişisel alanlar etikete dönüşsün.,toplantı salonu B-59103 saat 78392 için rezerve edildi,toplantı salonu B-59103 saat 78392 için rezerve edildi,,,toplantı salonu B-59103 saat 78392 için rezerve edildi,True,True,False
800,negatif,tuzak,[PIN] istisna; onun dışındaki tüm kişisel alanları gizle.,Deniz kenarındaki depo için sigorta yenilendi,Deniz kenarındaki depo için sigorta yenilendi,,,[AD] kenarındaki depo için sigorta yenilendi,False,True,False
801,negatif,tuzak,Bu kayıtta kişisel veri niteliği taşıyan her şeyi köşeli parantezli etiketle değiştir.,şifre alanı en az 20995 karakter istiyor,şifre alanı en az 20995 karakter istiyor,,,şifre alanı en az 20995 karakter istiyor,True,True,False
802,negatif,"tuzak,caps",Kişisel verileri tespit edip ilgili etiketlerle değiştir; başka değişiklik yapma.,KASA AÇIĞI 12649 TL OLARAK RAPORLANDI,KASA AÇIĞI 12649 TL OLARAK RAPORLANDI,,,KASA AÇIĞI 12649 TL OLARAK RAPORLANDI,True,True,False
803,negatif,tuzak,Aşağıdaki mesajda kimliği belirlenebilir kılan ne varsa etiketiyle ört.,kasa açığı 77452 TL olarak raporlandı,kasa açığı 77452 TL olarak raporlandı,,,kasa açığı 77452 TL olarak raporlandı,True,True,False
804,negatif,"tuzak,caps",Kişisel verileri tespit edip ilgili etiketlerle değiştir; başka değişiklik yapma.,ANKET KATILIMI YÜZDE 62 DE KALDI,ANKET KATILIMI YÜZDE 62 DE KALDI,,,ANKET KATILIMI YÜZDE 62 DE KALDI,True,True,False
805,negatif,"tuzak,caps",Kapsam yalnızca adres bilgisi; diğer kişisel veriler bu sefer açık kalacak.,EĞİTİM VİDEOSU 90862 DAKİKA SÜRÜYOR,EĞİTİM VİDEOSU 90862 DAKİKA SÜRÜYOR,,,EĞİTİM VİDEOSU 90862 DAKİKA SÜRÜYOR,True,True,False
806,negatif,tuzak,Gizlilik filtresi uygula: tüm kişisel alanlar etikete dönüşsün.,iban alanı boş bırakılamaz uyarısı alıyorum,iban alanı boş bırakılamaz uyarısı alıyorum,,,iban alanı boş bırakılamaz uyarısı alıyorum,True,True,False
807,negatif,tuzak,"anne kızlık soyadı alanını etiketle, kalan her şeyi aynen bırak.",şube kodu 1042 üzerinden işlem yapın,şube kodu 1042 üzerinden işlem yapın,,,şube kodu 1042 üzerinden işlem yapın,True,True,False
808,negatif,"tuzak,caps",Kişisel verileri tespit edip ilgili etiketlerle değiştir; başka değişiklik yapma.,ŞİFRE ALANI EN AZ 8 KARAKTER İSTİYOR,ŞİFRE ALANI EN AZ 8 KARAKTER İSTİYOR,,,ŞİFRE ALANI EN AZ 8 KARAKTER İSTİYOR,True,True,False
809,negatif,"tuzak,caps",Yalnız [IMEI] gizlenecek; başka hiçbir şey değişmeyecek.,ANKET KATILIMI YÜZDE 2696 DE KALDI,ANKET KATILIMI YÜZDE 2696 DE KALDI,,,ANKET KATILIMI YÜZDE 2696 DE KALDI,True,True,False
810,negatif,tuzak,"uyruk alanını etiketle, kalan her şeyi aynen bırak.",yıllık izin bakiyeniz 19200 gün görünüyor,yıllık izin bakiyeniz 19200 gün görünüyor,,,yıllık izin bakiyeniz 19200 gün görünüyor,True,True,False
811,negatif,tuzak,"Sadece [KONUM] için maskeleme yap, gerisi olduğu gibi kalsın.",fatura no 51907 tutar 24383 TL onaylandı,fatura no 51907 tutar 24383 TL onaylandı,,,fatura no 51907 tutar 24383 TL onaylandı,True,True,False
812,negatif,tuzak,Yalnız kart numarası gizlenecek; başka hiçbir şey değişmeyecek.,sunucu diski yüzde 11406 doluluğa ulaştı,sunucu diski yüzde 11406 doluluğa ulaştı,,,sunucu diski yüzde 11406 doluluğa ulaştı,True,True,False
813,negatif,tuzak,mail adresi istisna; onun dışındaki tüm kişisel alanları gizle.,araç filosuna 90502 yeni kamyonet eklendi,araç filosuna 90502 yeni kamyonet eklendi,,,araç filosuna 90502 yeni kamyonet eklendi,True,True,False
814,negatif,tuzak,Aşağıdaki mesajda kimliği belirlenebilir kılan ne varsa etiketiyle ört.,şifre alanı en az 75062 karakter istiyor,şifre alanı en az 75062 karakter istiyor,,,şifre alanı en az 75062 karakter istiyor,True,True,False
815,negatif,"tuzak,caps",Aşağıdaki mesajda kimliği belirlenebilir kılan ne varsa etiketiyle ört.,TC KİMLİK ALANINA SADECE RAKAM GİRİLEBİLİR UYARISI ÇIKIYOR,TC KİMLİK ALANINA SADECE RAKAM GİRİLEBİLİR UYARISI ÇIKIYOR,,,TC KİMLİK ALANINA [TCKN] GİRİLEBİLİR UYARISI ÇIKIYOR,False,True,False
816,negatif,tuzak,Bu kayıtta kişisel veri niteliği taşıyan her şeyi köşeli parantezli etiketle değiştir.,yıllık izin bakiyeniz 74628 gün görünüyor,yıllık izin bakiyeniz 74628 gün görünüyor,,,yıllık izin bakiyeniz 74628 gün görünüyor,True,True,False
817,negatif,tuzak,"Sadece IBAN için maskeleme yap, gerisi olduğu gibi kalsın.",bayi toplantısı Ordu da yapılacak,bayi toplantısı Ordu da yapılacak,,,bayi toplantısı Ordu da yapılacak,True,True,False
818,negatif,tuzak,Metindeki tüm kişisel verileri uygun etiketlerle maskele.,ortalama sepet tutarı 34743 bin TL yi geçti,ortalama sepet tutarı 34743 bin TL yi geçti,,,ortalama sepet tutarı 34743 bin TL yi geçti,True,True,False
819,negatif,tuzak,Bu kayıtta kişisel veri niteliği taşıyan her şeyi köşeli parantezli etiketle değiştir.,ortalama sepet tutarı 85175 bin TL yi geçti,ortalama sepet tutarı 85175 bin TL yi geçti,,,ortalama sepet tutarı 85175 bin TL yi geçti,True,True,False
820,negatif,"tuzak,caps",Kişisel verileri tespit edip ilgili etiketlerle değiştir; başka değişiklik yapma.,KARGO TAKİP EKRANI BAKIMDA,KARGO TAKİP EKRANI BAKIMDA,,,KARGO TAKİP EKRANI BAKIMDA,True,True,False
821,negatif,"tuzak,caps",Bu satırdaki her kişisel bilgiyi maskeleyerek yeniden yaz.,EĞİTİM VİDEOSU 25659 DAKİKA SÜRÜYOR,EĞİTİM VİDEOSU 25659 DAKİKA SÜRÜYOR,,,EĞİTİM VİDEOSU 25659 DAKİKA SÜRÜYOR,True,True,False
822,negatif,tuzak,"KVKK gereği bütün kişisel ve hassas alanları gizle; tutar, adet gibi kişisel olmayan sayılara dokunma.",batch işlemi 03:00 te otomatik koşacak,batch işlemi 03:00 te otomatik koşacak,,,batch işlemi 03:00 te otomatik koşacak,True,True,False
823,negatif,tuzak,"KVKK gereği bütün kişisel ve hassas alanları gizle; tutar, adet gibi kişisel olmayan sayılara dokunma.",bayi toplantısı İstanbul da yapılacak,bayi toplantısı İstanbul da yapılacak,,,bayi toplantısı İstanbul da yapılacak,True,True,False
824,negatif,tuzak,"KVKK gereği bütün kişisel ve hassas alanları gizle; tutar, adet gibi kişisel olmayan sayılara dokunma.",destek talebi TCK-67660 çözüldü olarak kapatıldı,destek talebi TCK-67660 çözüldü olarak kapatıldı,,,destek talebi TCK-67660 çözüldü olarak kapatıldı,True,True,False
825,negatif,tuzak,"Maskeleme yaparken plaka atlanacak, diğer her kişisel veri etiketlenecek.",yıllık izin bakiyeniz 8082 gün görünüyor,yıllık izin bakiyeniz 8082 gün görünüyor,,,yıllık izin bakiyeniz 8082 gün görünüyor,True,True,False
826,negatif,"tuzak,caps","Bütün PII alanlarını maskele, metnin geri kalanını aynen koru.",FATİH PROJESİ BÜTÇESİ 83732 BİN TL OLARAK REVİZE EDİLDİ,FATİH PROJESİ BÜTÇESİ 83732 BİN TL OLARAK REVİZE EDİLDİ,,,FATİH PROJESİ BÜTÇESİ [PLAKA] OLARAK REVİZE EDİLDİ,False,True,False
827,negatif,"tuzak,caps",Yalnız [CINSIYET] gizlenecek; başka hiçbir şey değişmeyecek.,AYLIK RAPOR ŞABLONU GÜNCELLENDİ,AYLIK RAPOR ŞABLONU GÜNCELLENDİ,,,AYLIK RAPOR ŞABLONU GÜNCELLENDİ,True,True,False
828,negatif,tuzak,Kapsam yalnızca [POLICE_NO]; diğer kişisel veriler bu sefer açık kalacak.,stok kodu STK-56611 pasife alındı,stok kodu STK-56611 pasife alındı,,,stok kodu STK-56611 pasife alındı,True,True,False
829,negatif,tuzak,"Sadece şasi numarası için maskeleme yap, gerisi olduğu gibi kalsın.",toplantı salonu B-15814 saat 7983 için rezerve edildi,toplantı salonu B-15814 saat 7983 için rezerve edildi,,,toplantı salonu B-15814 saat 7983 için rezerve edildi,True,True,False
830,negatif,tuzak,Aşağıdaki mesajda kimliği belirlenebilir kılan ne varsa etiketiyle ört.,uygulama 43228 sürümüne güncellendi,uygulama 43228 sürümüne güncellendi,,,uygulama 43228 sürümüne güncellendi,True,True,False
831,negatif,tuzak,"Sadece [SENDIKA] için maskeleme yap, gerisi olduğu gibi kalsın.",kasa açığı 89552 TL olarak raporlandı,kasa açığı 89552 TL olarak raporlandı,,,kasa açığı 89552 TL olarak raporlandı,True,True,False
832,negatif,tuzak,Her şeyi maskele ama yaş dokunulmadan kalsın.,batch işlemi 65917 te otomatik koşacak,batch işlemi 65917 te otomatik koşacak,,,batch işlemi 65917 te otomatik koşacak,True,True,False
833,negatif,tuzak,"Sadece kripto cüzdan adresi için maskeleme yap, gerisi olduğu gibi kalsın.",personel sayımız 96439 a ulaştı,personel sayımız 96439 a ulaştı,,,personel sayımız 96439 a ulaştı,True,True,False
834,negatif,tuzak,Bu talepte tek hedef IMEI numarası; başka alan etiketlenmeyecek.,ortalama sepet tutarı 7721 bin TL yi geçti,ortalama sepet tutarı 7721 bin TL yi geçti,,,ortalama sepet tutarı 7721 bin TL yi geçti,True,True,False
835,negatif,tuzak,Bu satırdaki her kişisel bilgiyi maskeleyerek yeniden yaz.,muhasebe hesap kodu 78495 ye virman yapıldı,muhasebe hesap kodu 78495 ye virman yapıldı,,,muhasebe hesap kodu 78495 ye virman yapıldı,True,True,False
836,negatif,tuzak,"Bütün PII alanlarını maskele, metnin geri kalanını aynen koru.",destek talebi TCK-47546 çözüldü olarak kapatıldı,destek talebi TCK-47546 çözüldü olarak kapatıldı,,,destek talebi TCK-47546 çözüldü olarak kapatıldı,True,True,False
837,negatif,tuzak,Bu metinde IP adresi dışında hiçbir şeyi maskeleme.,oda 61919 deki toplantı iptal edildi,oda 61919 deki toplantı iptal edildi,,,oda 61919 deki toplantı iptal edildi,True,True,False
838,negatif,tuzak,Bu talepte tek hedef GPS koordinatı; başka alan etiketlenmeyecek.,dahili 26216 üzerinden santrale ulaşabilirsiniz,dahili 26216 üzerinden santrale ulaşabilirsiniz,,,dahili 26216 üzerinden santrale ulaşabilirsiniz,True,True,False
839,negatif,tuzak,Bu kayıtta kişisel veri niteliği taşıyan her şeyi köşeli parantezli etiketle değiştir.,sınav sonucu 54247 puan olarak açıklandı,sınav sonucu 54247 puan olarak açıklandı,,,sınla sonucu 54247 puan olarak açıklandı,False,True,False
840,negatif,tuzak,"Maskeleme yaparken GPS koordinatı atlanacak, diğer her kişisel veri etiketlenecek.",muhasebe hesap kodu 28982 ye virman yapıldı,muhasebe hesap kodu 28982 ye virman yapıldı,,,muhasebe hesap kodu 28982 ye virman yapıldı,True,True,False
841,negatif,tuzak,Kişisel verileri tespit edip ilgili etiketlerle değiştir; başka değişiklik yapma.,uygulama 87833 sürümüne güncellendi,uygulama 87833 sürümüne güncellendi,,,uygulama 87833 sürümüne güncellendi,True,True,False
842,negatif,tuzak,Kapsam yalnızca biyometrik veri; diğer kişisel veriler bu sefer açık kalacak.,vade tarihi 30932 olarak güncellendi,vade tarihi 30932 olarak güncellendi,,,vade tarihi 30932 olarak güncellendi,True,True,False
843,negatif,tuzak,Bu kayıtta kişisel veri niteliği taşıyan her şeyi köşeli parantezli etiketle değiştir.,şifre alanı en az 12733 karakter istiyor,şifre alanı en az 12733 karakter istiyor,,,şifre alanı en az 12733 karakter istiyor,True,True,False
844,negatif,tuzak,Bu kayıtta kişisel veri niteliği taşıyan her şeyi köşeli parantezli etiketle değiştir.,uygulama 3219 sürümüne güncellendi,uygulama 3219 sürümüne güncellendi,,,uygulama 3219 sürümüne güncellendi,True,True,False
845,negatif,"tuzak,caps",Bu satırdaki her kişisel bilgiyi maskeleyerek yeniden yaz.,UYGULAMA 77125 SÜRÜMÜNE GÜNCELLENDİ,UYGULAMA 77125 SÜRÜMÜNE GÜNCELLENDİ,,,UYGULAMA [SICIL_NO] SÜRÜMÜNE GÜNCELLENDİ,False,True,False
846,negatif,tuzak,Maskeleme talimatı: sadece müşteri numarası.,toplantı salonu B-2768 saat 60890 için rezerve edildi,toplantı salonu B-2768 saat 60890 için rezerve edildi,,,toplantı salonu B-2768 saat 60890 için rezerve edildi,True,True,False
847,negatif,tuzak,Kapsam yalnızca [AILE]; diğer kişisel veriler bu sefer açık kalacak.,dolar kuru 17099 seviyesinde açıldı,dolar kuru 17099 seviyesinde açıldı,,,dolar kuru 17099 seviyesinde açıldı,True,True,False
848,negatif,"tuzak,caps",Aşağıdaki mesajda kimliği belirlenebilir kılan ne varsa etiketiyle ört.,ANKET KATILIMI YÜZDE 86686 DE KALDI,ANKET KATILIMI YÜZDE 86686 DE KALDI,,,ANKET KATILIMI YÜZDE 86686 DE KALDI,True,True,False
849,negatif,tuzak,Kişisel verileri tespit edip ilgili etiketlerle değiştir; başka değişiklik yapma.,adres satırı 4443 zorunlu mu,adres satırı 4443 zorunlu mu,,,adres satırı 4443 zorunlu mu,True,True,False
850,negatif,tuzak,Bu satırdaki her kişisel bilgiyi maskeleyerek yeniden yaz.,şifre alanı en az 60956 karakter istiyor,şifre alanı en az 60956 karakter istiyor,,,şifre alanı en az 60956 karakter istiyor,True,True,False
851,negatif,tuzak,Bu metinde [HESAP_NO] dışında hiçbir şeyi maskeleme.,fatura no 93985 tutar 72413 TL onaylandı,fatura no 93985 tutar 72413 TL onaylandı,,,fatura no 93985 tutar 72413 TL onaylandı,True,True,False
852,negatif,tuzak,[SGK_NO] açıkta kalsın; kalan tüm kişisel verileri etiketle.,vade tarihi 90194 olarak güncellendi,vade tarihi 90194 olarak güncellendi,,,vade tarihi 90194 olarak güncellendi,True,True,False
853,negatif,tuzak,Gizlilik filtresi uygula: tüm kişisel alanlar etikete dönüşsün.,muhasebe hesap kodu 7719 ye virman yapıldı,muhasebe hesap kodu 7719 ye virman yapıldı,,,muhasebe hesap kodu 7719 ye virman yapıldı,True,True,False
854,negatif,tuzak,Bu metinde [ADRES] dışında hiçbir şeyi maskeleme.,şifre alanı en az 10735 karakter istiyor,şifre alanı en az 10735 karakter istiyor,,,şifre alanı en az 10735 karakter istiyor,True,True,False
855,negatif,"tuzak,caps","KVKK gereği bütün kişisel ve hassas alanları gizle; tutar, adet gibi kişisel olmayan sayılara dokunma.",ODA 12 DEKİ TOPLANTI İPTAL EDİLDİ,ODA 12 DEKİ TOPLANTI İPTAL EDİLDİ,,,ODA 12 DEKİ TOPLANTI İPTAL EDİLDİ,True,True,False
856,negatif,tuzak,"Bütün PII alanlarını maskele, metnin geri kalanını aynen koru.",fatura no 94757 tutar 93881 TL onaylandı,fatura no 94757 tutar 93881 TL onaylandı,,,fatura no 94757 tutar 93881 TL onaylandı,True,True,False
857,negatif,tuzak,Bu metinde [KONUM] dışında hiçbir şeyi maskeleme.,Fatih projesi bütçesi 68396 bin TL olarak revize edildi,Fatih projesi bütçesi 68396 bin TL olarak revize edildi,,,Fatih projesi bütçesi 68396 bin TL olarak revize edildi,True,True,False
858,negatif,"tuzak,caps",Yalnız [IBAN] gizlenecek; başka hiçbir şey değişmeyecek.,MİSAFİR WİFİ AĞI LOJISTIK-5G YENİDEN BAŞLATILDI,MİSAFİR WİFİ AĞI LOJISTIK-5G YENİDEN BAŞLATILDI,,,MİSAFİR WİFİ AĞI LOJISTIK-5G YENİDEN BAŞLATILDI,True,True,False
859,negatif,tuzak,Bu satırdaki her kişisel bilgiyi maskeleyerek yeniden yaz.,sipariş 15673 kargoya verildi,sipariş 15673 kargoya verildi,,,sipariş 15673 kargoya verildi,True,True,False
860,negatif,tuzak,"Sadece [IP_ADRES] için maskeleme yap, gerisi olduğu gibi kalsın.",eğitim videosu 55047 dakika sürüyor,eğitim videosu 55047 dakika sürüyor,,,eğitim videosu 55047 dakika sürüyor,True,True,False
861,negatif,tuzak,Bu metinde IMEI numarası dışında hiçbir şeyi maskeleme.,Konya şubesine 48036 yeni pos cihazı gönderildi,Konya şubesine 48036 yeni pos cihazı gönderildi,,,Konya şubesine 48036 yeni pos cihazı gönderildi,True,True,False
862,negatif,"tuzak,caps",Bu kayıtta kişisel veri niteliği taşıyan her şeyi köşeli parantezli etiketle değiştir.,ANKET KATILIMI YÜZDE 14614 DE KALDI,ANKET KATILIMI YÜZDE 14614 DE KALDI,,,ANKET KATILIMI YÜZDE 14614 DE KALDI,True,True,False
863,negatif,tuzak,aile bilgisi istisna; onun dışındaki tüm kişisel alanları gizle.,oda 61557 deki toplantı iptal edildi,oda 61557 deki toplantı iptal edildi,,,oda 61557 deki toplantı iptal edildi,True,True,False
864,negatif,tuzak,Bu satırdaki her kişisel bilgiyi maskeleyerek yeniden yaz.,kasa açığı 66164 TL olarak raporlandı,kasa açığı 66164 TL olarak raporlandı,,,kasa açığı 66164 TL olarak raporlandı,True,True,False
865,negatif,tuzak,araç plakası istisna; onun dışındaki tüm kişisel alanları gizle.,uygulama 50184 sürümüne güncellendi,uygulama 50184 sürümüne güncellendi,,,uygulama 50184 sürümüne güncellendi,True,True,False
866,negatif,tuzak,[SASI_NO] istisna; onun dışındaki tüm kişisel alanları gizle.,sunucu diski yüzde 95307 doluluğa ulaştı,sunucu diski yüzde 95307 doluluğa ulaştı,,,sunucu diski yüzde 95307 doluluğa ulaştı,True,True,False
867,negatif,tuzak,Bu kayıtta kişisel veri niteliği taşıyan her şeyi köşeli parantezli etiketle değiştir.,şube kodu 79929 üzerinden işlem yapın,şube kodu 79929 üzerinden işlem yapın,,,şube kodu 79929 üzerinden işlem yapın,True,True,False
868,negatif,tuzak,Kişisel verileri tespit edip ilgili etiketlerle değiştir; başka değişiklik yapma.,bayi toplantısı Manisa da yapılacak,bayi toplantısı Manisa da yapılacak,,,bayi toplantısı Manisa da yapılacak,True,True,False
869,negatif,tuzak,Bu metinde [SAGLIK] dışında hiçbir şeyi maskeleme.,vade tarihi 30854 olarak güncellendi,vade tarihi 30854 olarak güncellendi,,,vade tarihi 30854 olarak güncellendi,True,True,False
870,negatif,tuzak,"Sadece [AD] için maskeleme yap, gerisi olduğu gibi kalsın.",muhasebe hesap kodu 87691 ye virman yapıldı,muhasebe hesap kodu 87691 ye virman yapıldı,,,muhasebe hesap kodu 87691 ye virman yapıldı,True,True,False
871,negatif,tuzak,Bu kayıtta kişisel veri niteliği taşıyan her şeyi köşeli parantezli etiketle değiştir.,oda 53578 deki toplantı iptal edildi,oda 53578 deki toplantı iptal edildi,,,oda 53578 deki toplantı iptal edildi,True,True,False
872,negatif,tuzak,Bu metinde biyometrik veri dışında hiçbir şeyi maskeleme.,toplantı salonu B-59113 saat 93293 için rezerve edildi,toplantı salonu B-59113 saat 93293 için rezerve edildi,,,toplantı salonu B-59113 saat 93293 için rezerve edildi,True,True,False
873,negatif,tuzak,Kişisel verileri tespit edip ilgili etiketlerle değiştir; başka değişiklik yapma.,eğitim videosu 20647 dakika sürüyor,eğitim videosu 20647 dakika sürüyor,,,eğitim videosu 20647 dakika sürüyor,True,True,False
874,negatif,tuzak,Bu satırdaki her kişisel bilgiyi maskeleyerek yeniden yaz.,raporda 39569 üzeri kayıt listelendi,raporda 39569 üzeri kayıt listelendi,,,raporda 39569 üzeri kayıt listelendi,True,True,False
875,negatif,tuzak,Kişisel verileri tespit edip ilgili etiketlerle değiştir; başka değişiklik yapma.,batch işlemi 54213 te otomatik koşacak,batch işlemi 54213 te otomatik koşacak,,,batch işlemi 54213 te otomatik koşacak,True,True,False
876,negatif,tuzak,"Maskeleme yaparken sözleşme numarası atlanacak, diğer her kişisel veri etiketlenecek.",sınav sonucu 13429 puan olarak açıklandı,sınav sonucu 13429 puan olarak açıklandı,,,sınla sonucu 13429 puan olarak açıklandı,False,True,False
877,negatif,tuzak,Bu satırdaki her kişisel bilgiyi maskeleyerek yeniden yaz.,dolar kuru 2366 seviyesinde açıldı,dolar kuru 2366 seviyesinde açıldı,,,dolar kuru 2366 seviyesinde açıldı,True,True,False
878,negatif,tuzak,hesap no açıkta kalsın; kalan tüm kişisel verileri etiketle.,destek talebi TCK-61343 çözüldü olarak kapatıldı,destek talebi TCK-61343 çözüldü olarak kapatıldı,,,destek talebi TCK-61343 çözüldü olarak kapatıldı,True,True,False
879,negatif,tuzak,Gizlilik filtresi uygula: tüm kişisel alanlar etikete dönüşsün.,adres satırı 34116 zorunlu mu,adres satırı 34116 zorunlu mu,,,adres satırı 34116 zorunlu mu,True,True,False
880,negatif,tuzak,Aşağıdaki mesajda kimliği belirlenebilir kılan ne varsa etiketiyle ört.,destek talebi TCK-2298 çözüldü olarak kapatıldı,destek talebi TCK-2298 çözüldü olarak kapatıldı,,,destek talebi TCK-2298 çözüldü olarak kapatıldı,True,True,False
881,negatif,tuzak,"Sadece [KREDI_NOTU] için maskeleme yap, gerisi olduğu gibi kalsın.",yeni kampanya kodu YAZ2026 aktif edildi,yeni kampanya kodu YAZ2026 aktif edildi,,,yeni kampanya kodu YAZ2026 aktif edildi,True,True,False
882,negatif,tuzak,Yalnız anne kızlık soyadı gizlenecek; başka hiçbir şey değişmeyecek.,destek talebi TCK-31943 çözüldü olarak kapatıldı,destek talebi TCK-31943 çözüldü olarak kapatıldı,,,destek talebi TCK-31943 çözüldü olarak kapatıldı,True,True,False
883,negatif,tuzak,[TEL] istisna; onun dışındaki tüm kişisel alanları gizle.,araç filosuna 12 yeni kamyonet eklendi,araç filosuna 12 yeni kamyonet eklendi,,,araç filosuna 12 yeni kamyonet eklendi,True,True,False
884,negatif,"tuzak,caps",[YAS] istisna; onun dışındaki tüm kişisel alanları gizle.,BATCH İŞLEMİ 03:00 TE OTOMATİK KOŞACAK,BATCH İŞLEMİ 03:00 TE OTOMATİK KOŞACAK,,,BATCH İŞLEMİ 03:00 TE OTOMATİK KOŞACAK,True,True,False
885,negatif,tuzak,baba adı istisna; onun dışındaki tüm kişisel alanları gizle.,toplantı salonu B-91415 saat 23252 için rezerve edildi,toplantı salonu B-91415 saat 23252 için rezerve edildi,,,toplantı salonu B-91415 saat 23252 için rezerve edildi,True,True,False
886,negatif,tuzak,Metindeki tüm kişisel verileri uygun etiketlerle maskele.,Fatih projesi bütçesi 44184 bin TL olarak revize edildi,Fatih projesi bütçesi 44184 bin TL olarak revize edildi,,,Fatih projesi bütçesi 44184 bin TL olarak revize edildi,True,True,False
887,negatif,"tuzak,caps",Bu satırdaki her kişisel bilgiyi maskeleyerek yeniden yaz.,SINAV SONUCU 44195 PUAN OLARAK AÇIKLANDI,SINAV SONUCU 44195 PUAN OLARAK AÇIKLANDI,,,SINAV SONUCU [PUZDAN] OLARAK AÇIKLANDI,False,True,True
888,negatif,tuzak,Bu satırdaki her kişisel bilgiyi maskeleyerek yeniden yaz.,sunucu diski yüzde 81461 doluluğa ulaştı,sunucu diski yüzde 81461 doluluğa ulaştı,,,sunucu diski yüzde 81461 doluluğa ulaştı,True,True,False
889,negatif,tuzak,"Bütün PII alanlarını maskele, metnin geri kalanını aynen koru.",sınav sonucu 50604 puan olarak açıklandı,sınav sonucu 50604 puan olarak açıklandı,,,sınla sonucu 50604 puan olarak açıklandı,False,True,False
890,negatif,"tuzak,caps",Bu satırdaki her kişisel bilgiyi maskeleyerek yeniden yaz.,UYGULAMA 3663 SÜRÜMÜNE GÜNCELLENDİ,UYGULAMA 3663 SÜRÜMÜNE GÜNCELLENDİ,,,UYGULAMA [SICIL_NO] SÜRÜMÜNE GÜNCELLENDİ,False,True,False
891,negatif,tuzak,Metindeki tüm kişisel verileri uygun etiketlerle maskele.,araç filosuna 54850 yeni kamyonet eklendi,araç filosuna 54850 yeni kamyonet eklendi,,,araç filosuna 54850 yeni kamyonet eklendi,True,True,False
892,negatif,"tuzak,caps",Kişisel verileri tespit edip ilgili etiketlerle değiştir; başka değişiklik yapma.,EĞİTİM VİDEOSU 45 DAKİKA SÜRÜYOR,EĞİTİM VİDEOSU 45 DAKİKA SÜRÜYOR,,,EĞİTİM VİDEOSU 45 DAKİKA SÜRÜYOR,True,True,False
893,negatif,tuzak,Aşağıdaki mesajda kimliği belirlenebilir kılan ne varsa etiketiyle ört.,yıllık izin bakiyeniz 62451 gün görünüyor,yıllık izin bakiyeniz 62451 gün görünüyor,,,yıllık izin bakiyeniz 62451 gün görünüyor,True,True,False
894,negatif,tuzak,engellilik bilgisi istisna; onun dışındaki tüm kişisel alanları gizle.,dahili 5440 üzerinden santrale ulaşabilirsiniz,dahili 5440 üzerinden santrale ulaşabilirsiniz,,,dahili 5440 üzerinden santrale ulaşabilirsiniz,True,True,False
895,negatif,tuzak,Kişisel verileri tespit edip ilgili etiketlerle değiştir; başka değişiklik yapma.,adres satırı 68108 zorunlu mu,adres satırı 68108 zorunlu mu,,,adres satırı 68108 zorunlu mu,True,True,False
896,negatif,tuzak,Gizlilik filtresi uygula: tüm kişisel alanlar etikete dönüşsün.,batch işlemi 80820 te otomatik koşacak,batch işlemi 80820 te otomatik koşacak,,,batch işlemi 80820 te otomatik koşacak,True,True,False
897,negatif,tuzak,"Bütün PII alanlarını maskele, metnin geri kalanını aynen koru.",kasa açığı 24359 TL olarak raporlandı,kasa açığı 24359 TL olarak raporlandı,,,kasa açığı 24359 TL olarak raporlandı,True,True,False
898,negatif,tuzak,Kişisel verileri tespit edip ilgili etiketlerle değiştir; başka değişiklik yapma.,dolar kuru 51502 seviyesinde açıldı,dolar kuru 51502 seviyesinde açıldı,,,dolar kuru 51502 seviyesinde açıldı,True,True,False
899,negatif,tuzak,Yalnız [SASI_NO] gizlenecek; başka hiçbir şey değişmeyecek.,uygulama 7666 sürümüne güncellendi,uygulama 7666 sürümüne güncellendi,,,uygulama 7666 sürümüne güncellendi,True,True,False
900,negatif,"tuzak,caps",Kapsam yalnızca sigorta poliçe no; diğer kişisel veriler bu sefer açık kalacak.,RAPORDA 75823 ÜZERİ KAYIT LİSTELENDİ,RAPORDA 75823 ÜZERİ KAYIT LİSTELENDİ,,,RAPORDA 75823 ÜZERİ KAYIT LİSTELENDİ,True,True,False
901,tam,kayit,Bu kayıtta kişisel veri niteliği taşıyan her şeyi köşeli parantezli etiketle değiştir.,"yeni müşteri kaydı: vergi no beş üç dokuz sekiz sıfır sekiz sıfır bir sıfır üç, referansı REF-2024-1674, maaşı 108 bin TL, kredi notu 1287, sağlık notu böbrek nakli geçmişi","yeni müşteri kaydı: vergi no [VERGI_NO], referansı [REFERANS], maaşı [MAAS], kredi notu [KREDI_NOTU], sağlık notu [SAGLIK]",[KREDI_NOTU] [MAAS] [REFERANS] [SAGLIK] [VERGI_NO],[KREDI_NOTU] [MAAS] [REFERANS] [SAGLIK] [VERGI_NO],"yeni müşteri kaydı: vergi no [VERGI_NO], referansı [REFERANS], maaşı [MAAS], kredi notu [KREDI_NOTU], sağlık notu [SAGLIK]",True,True,False
902,tam,duz,Gizlilik filtresi uygula: tüm kişisel alanlar etikete dönüşsün.,kartımın cvv si 712 pin i 475872 kimseyle paylaşmadım ama şüpheli işlem var,kartımın cvv si [CVV] pin i [PIN] kimseyle paylaşmadım ama şüpheli işlem var,[CVV] [PIN],[CVV] [PIN],kartımın cvv si [CVV] pin i 475872 kimseyle paylaşmadım ama şüpheli işlem var,False,True,False
903,tam,kayit,Bu kayıtta kişisel veri niteliği taşıyan her şeyi köşeli parantezli etiketle değiştir.,"acil güncellenecek bilgiler: tc kimlik no 57578532822, anne kızlık soyadı Öztürk, skt 11/2031, köken bilgisi Süryani, maaşı aylık 159.000 TL","acil güncellenecek bilgiler: tc kimlik no [TCKN], anne kızlık soyadı [ANNE_KIZLIK], skt [KART_SKT], köken bilgisi [ETNIK_KOKEN], maaşı [MAAS]",[ANNE_KIZLIK] [ETNIK_KOKEN] [KART_SKT] [MAAS] [TCKN],[ANNE_KIZLIK] [ETNIK_KOKEN] [KART_SKT] [MAAS] [TCKN],"acil güncellenecek bilgiler: tc kimlik no [TCKN], anne kızlık soyadı [ANNE_KIZLIK], skt [KREDI_NOTU], köken bilgisi [ETNIK_KOKEN], maaşı [MAAS]",False,True,False
904,tam,duz,Metindeki tüm kişisel verileri uygun etiketlerle maskele.,kartımın cvv si 681 pin i 792540 kimseyle paylaşmadım ama şüpheli işlem var,kartımın cvv si [CVV] pin i [PIN] kimseyle paylaşmadım ama şüpheli işlem var,[CVV] [PIN],[CVV] [PIN],kartımın cvv si [CVV] pin i [PIN] kimseyle paylaşmadım ama şüpheli işlem var,True,True,False
905,tam,kayit,Kişisel verileri tespit edip ilgili etiketlerle değiştir; başka değişiklik yapma.,"bayi ekranından gelen kayıt: tc kimlik no 79994168362, 66 yaşında, şasi no 3UU9YVES45VLT3P5J, müşteri no MU7834733, kart no 5020343714791392, engel durumu %60 görme engelli, e-postası goli1974@outlook.com","bayi ekranından gelen kayıt: tc kimlik no [TCKN], [YAS] yaşında, şasi no [SASI_NO], müşteri no [MUSTERI_NO], kart no [KART], engel durumu [ENGEL_DURUMU], e-postası [EMAIL]",[EMAIL] [ENGEL_DURUMU] [KART] [MUSTERI_NO] [SASI_NO] [TCKN] [YAS],[EMAIL] [ENGEL_DURUMU] [KART] [MUSTERI_NO] [SASI_NO] [TCKN] [YAS],"bayi ekranından gelen kayıt: tc kimlik no [TCKN], [YAS] yaşında, şasi no [SASI_NO], müşteri no [MUSTERI_NO], kart no [KART], engel durumu [ENGEL_DURUMU], e-postası [EMAIL]",True,False,False
906,tam,duz,"Bütün PII alanlarını maskele, metnin geri kalanını aynen koru.",hesap no 596865286096 üzerine otomatik ödeme tanımlansın,hesap no [HESAP_NO] üzerine otomatik ödeme tanımlansın,[HESAP_NO],[HESAP_NO],hesap no 596865286096 üzerine otomatik ödeme tanımlansın,False,True,False
907,tam,duz,Bu kayıtta kişisel veri niteliği taşıyan her şeyi köşeli parantezli etiketle değiştir.,sözleşme feshi talep ediyorum sözleşme no 5966-61146 tc 76050203968,sözleşme feshi talep ediyorum sözleşme no [SOZLESME_NO] tc [TCKN],[SOZLESME_NO] [TCKN],[SOZLESME_NO] [TCKN],sözleşme feshi talep ediyorum sözleşme no [SOZLESME_NO] tc [TCKN],True,True,False
908,tam,kayit,Metindeki tüm kişisel verileri uygun etiketlerle maskele.,"kredi başvuru formu: doğum tarihi 07.06.1950, cihaz id CB8T-XVA4-VLKY, cüzdan adresi 0x5b8ab881deaf0a45d1687b4d3b4588e847c89e0a, müşteri no MU8683014, cvv 762, tc kimlik no 760 841 668 40, 73 yaşında","kredi başvuru formu: doğum tarihi [DOGUM_TARIHI], cihaz id [CIHAZ_ID], cüzdan adresi [KRIPTO_CUZDAN], müşteri no [MUSTERI_NO], cvv [CVV], tc kimlik no [TCKN], [YAS] yaşında",[CIHAZ_ID] [CVV] [DOGUM_TARIHI] [KRIPTO_CUZDAN] [MUSTERI_NO] [TCKN] [YAS],[CIHAZ_ID] [CVV] [DOGUM_TARIHI] [KRIPTO_CUZDAN] [MUSTERI_NO] [TCKN] [YAS],"kredi başvuru formu: doğum tarihi [DOGUM_TARIHI], cihaz id [CIHAZ_ID], cüzdan adresi [KRIPTO_CUZDAN], müşteri no [MUSTERI_NO], cvv [CVV], tc kimlik no [TCKN], 73 yaşında",False,False,False
909,tam,kayit,Bu kayıtta kişisel veri niteliği taşıyan her şeyi köşeli parantezli etiketle değiştir.,"başvuru detayları: kan grubu AB Rh negatif, anne kızlık soyadı İhsanoğlu, vergi no altı beş altı bir dört altı iki dört bir altı, biyometrik kaydı retina taraması, pin altı yedi sıfır dört, baba adı Umut, şasi no 11E5SP32H5EFWH8AL, şifresi Kar7023*","başvuru detayları: kan grubu [KAN_GRUBU], anne kızlık soyadı [ANNE_KIZLIK], vergi no [VERGI_NO], biyometrik kaydı [BIYOMETRIK], pin [PIN], baba adı [BABA_ADI], şasi no [SASI_NO], şifresi [SIFRE]",[ANNE_KIZLIK] [BABA_ADI] [BIYOMETRIK] [KAN_GRUBU] [PIN] [SASI_NO] [SIFRE] [VERGI_NO],[ANNE_KIZLIK] [BABA_ADI] [BIYOMETRIK] [KAN_GRUBU] [PIN] [SASI_NO] [SIFRE] [VERGI_NO],"başvuru detayları: kan grubu [KAN_GRUBU], anne kızlık soyadı [ANNE_KIZLIK], vergi no [VERGI_NO], biyometrik kaydı [BIYOMETRIK], pin [PIN], baba adı [BABA_ADI], şasi no [SASI_NO], şifresi [SIFRE]",True,True,False
910,tam,duz,"Bütün PII alanlarını maskele, metnin geri kalanını aynen koru.",bordro itirazım var sicil SC9571 maaşım 99 bin TL yatmış eksik,bordro itirazım var sicil [SICIL_NO] maaşım [MAAS] yatmış eksik,[MAAS] [SICIL_NO],[MAAS] [SICIL_NO],bordro itirazım var sicil [SICIL_NO] maaşım 99 bin TL yatmış eksik,False,True,False
911,tam,duz,Aşağıdaki mesajda kimliği belirlenebilir kılan ne varsa etiketiyle ört.,yabancı müşteri kaydı uyruğu İran pasaport U96931131,yabancı müşteri kaydı uyruğu [UYRUK] pasaport [PASAPORT_NO],[PASAPORT_NO] [UYRUK],[PASAPORT_NO] [UYRUK],yabancı müşteri kaydı uyruğu [UYRUK] pasaport [PASAPORT_NO],True,False,False
912,tam,kayit,"KVKK gereği bütün kişisel ve hassas alanları gizle; tutar, adet gibi kişisel olmayan sayılara dokunma.","personel dosyası güncellemesi: mac 5B:7B:DB:5B:A9:F1, cihaz id E2IK-WM2X-BCCX, anne adı Nazende, işyeri İzmir Devlet Hastanesi, sgk no 3391911748398, müşteri no otuz dokuz altmış dokuz kırk yedi sıfır altı","personel dosyası güncellemesi: mac [MAC_ADRES], cihaz id [CIHAZ_ID], anne adı [ANNE_ADI], işyeri [ISYERI], sgk no [SGK_NO], müşteri no [MUSTERI_NO]",[ANNE_ADI] [CIHAZ_ID] [ISYERI] [MAC_ADRES] [MUSTERI_NO] [SGK_NO],[ANNE_ADI] [CIHAZ_ID] [ISYERI] [MAC_ADRES] [MUSTERI_NO] [SGK_NO],"personel dosyası güncellemesi: mac [MAC_ADRES], cihaz id [CIHAZ_ID], anne adı [ANNE_ADI], işyeri [ISYERI], sgk no [SGK_NO], müşteri no [MUSTERI_NO]",True,True,False
913,tam,duz,Bu kayıtta kişisel veri niteliği taşıyan her şeyi köşeli parantezli etiketle değiştir.,poliçemi yenilemek istiyorum poliçe no POL-8571952 doğum tarihim 4 Aralık 1970,poliçemi yenilemek istiyorum poliçe no [POLICE_NO] doğum tarihim [DOGUM_TARIHI],[DOGUM_TARIHI] [POLICE_NO],[DOGUM_TARIHI] [POLICE_NO],poliçemi yenilemek istiyorum poliçe no [POLICE_NO] doğum tarihim [DOGUM_TARIHI],True,True,False
914,tam,kayit,Gizlilik filtresi uygula: tüm kişisel alanlar etikete dönüşsün.,"acil güncellenecek bilgiler: cvv 899, skt 01/2030, cüzdan adresi TeRX45zm8h4hK4XY7VOWS9yDQ3uysETcSI, adı Sebattin Kılıç, uyruğu Bulgaristan","acil güncellenecek bilgiler: cvv [CVV], skt [KART_SKT], cüzdan adresi [KRIPTO_CUZDAN], adı [AD], uyruğu [UYRUK]",[AD] [CVV] [KART_SKT] [KRIPTO_CUZDAN] [UYRUK],[AD] [CVV] [KART_SKT] [KRIPTO_CUZDAN] [UYRUK],"acil güncellenecek bilgiler: cvv [CVV], skt [KREDI_NOTU], cüzdan adresi [KRIPTO_CUZDAN], adı [AD], uyruğu [UYRUK]",False,False,False
915,tam,duz,Aşağıdaki mesajda kimliği belirlenebilir kılan ne varsa etiketiyle ört.,kartımın cvv si 228 pin i bir bir altı sıfır kimseyle paylaşmadım ama şüpheli işlem var,kartımın cvv si [CVV] pin i [PIN] kimseyle paylaşmadım ama şüpheli işlem var,[CVV] [PIN],[CVV] [PIN],kartımın cvv si [CVV] pin i bir bir altı sıfır kimseyle paylaşmadım ama şüpheli işlem var,False,True,False
916,tam,kayit,Bu kayıtta kişisel veri niteliği taşıyan her şeyi köşeli parantezli etiketle değiştir.,"personel dosyası güncellemesi: pasaport no A90973438, uyruğu Bulgaristan, işyeri Kayseri Üniversitesi, plaka 51 GJY 2511, köken bilgisi Rum","personel dosyası güncellemesi: pasaport no [PASAPORT_NO], uyruğu [UYRUK], işyeri [ISYERI], plaka [PLAKA], köken bilgisi [ETNIK_KOKEN]",[ETNIK_KOKEN] [ISYERI] [PASAPORT_NO] [PLAKA] [UYRUK],[ETNIK_KOKEN] [ISYERI] [PASAPORT_NO] [PLAKA] [UYRUK],"personel dosyası güncellemesi: pasaport no [PASAPORT_NO], uyruğu [UYRUK], işyeri [ISYERI], plaka [PLAKA], köken bilgisi [ETNIK_KOKEN]",True,False,False
917,tam,kayit,Aşağıdaki mesajda kimliği belirlenebilir kılan ne varsa etiketiyle ört.,"bayi ekranından gelen kayıt: ehliyet no E0292408, işyeri Bursa Devlet Hastanesi, mail adresi zeynep1998@hotmail.com, sağlık notu migren tedavisi, anne kızlık soyadı Zengin, kart no 5105 7432 4138 2718, motor no Z18N127698","bayi ekranından gelen kayıt: ehliyet no [EHLIYET_NO], işyeri [ISYERI], mail adresi [EMAIL], sağlık notu [SAGLIK], anne kızlık soyadı [ANNE_KIZLIK], kart no [KART], motor no [MOTOR_NO]",[ANNE_KIZLIK] [EHLIYET_NO] [EMAIL] [ISYERI] [KART] [MOTOR_NO] [SAGLIK],[ANNE_KIZLIK] [EHLIYET_NO] [EMAIL] [ISYERI] [KART] [MOTOR_NO] [SAGLIK],"bayi ekranından gelen kayıt: ehliyet no [EHLIYET_NO], işyeri [ISYERI], mail adresi [EMAIL], sağlık notu [SAGLIK], anne kızlık soyadı [ANNE_KIZLIK], kart no [KART], motor no [MOTOR_NO]",True,True,False
918,tam,duz,Kişisel verileri tespit edip ilgili etiketlerle değiştir; başka değişiklik yapma.,işe giriş evrakları için sgk no 2995 4359 4708 7 gerekiyormuş,işe giriş evrakları için sgk no [SGK_NO] gerekiyormuş,[SGK_NO],[SGK_NO],işe giriş evrakları için sgk no [SGK_NO] gerekiyormuş,True,True,False
919,tam,kayit,Bu kayıtta kişisel veri niteliği taşıyan her şeyi köşeli parantezli etiketle değiştir.,"başvuru detayları: kart no 4419 3570 7041 7284, anne adı Birsan, engel durumu %40 engelli raporu, baba adı Yiğit, köken bilgisi Çerkes, skt 01/2033, biyometrik kaydı iris taraması, telefonu 0216 701 53 35","başvuru detayları: kart no [KART], anne adı [ANNE_ADI], engel durumu [ENGEL_DURUMU], baba adı [BABA_ADI], köken bilgisi [ETNIK_KOKEN], skt [KART_SKT], biyometrik kaydı [BIYOMETRIK], telefonu [TEL]",[ANNE_ADI] [BABA_ADI] [BIYOMETRIK] [ENGEL_DURUMU] [ETNIK_KOKEN] [KART] [KART_SKT] [TEL],[ANNE_ADI] [BABA_ADI] [BIYOMETRIK] [ENGEL_DURUMU] [ETNIK_KOKEN] [KART] [KART_SKT] [TEL],"başvuru detayları: kart no [KART], anne adı [ANNE_ADI], engel durumu [ENGEL_DURUMU], baba adı [BABA_ADI], köken bilgisi [ETNIK_KOKEN], skt [KREDI_NOTU], biyometrik kaydı [BIYOMETRIK], telefonu [TEL]",False,True,False
920,tam,kayit,Kişisel verileri tespit edip ilgili etiketlerle değiştir; başka değişiklik yapma.,"bayi ekranından gelen kayıt: cinsiyeti kadın, biyometrik kaydı iris taraması, ip 195.65.167.56, işyeri Ege Turizm AŞ, sendika bilgisi Bass-Sen üyesi, müşteri no sıfır iki doksan üç elli dört on altı, kredi notu 1179","bayi ekranından gelen kayıt: cinsiyeti [CINSIYET], biyometrik kaydı [BIYOMETRIK], ip [IP_ADRES], işyeri [ISYERI], sendika bilgisi [SENDIKA], müşteri no [MUSTERI_NO], kredi notu [KREDI_NOTU]",[BIYOMETRIK] [CINSIYET] [IP_ADRES] [ISYERI] [KREDI_NOTU] [MUSTERI_NO] [SENDIKA],[BIYOMETRIK] [CINSIYET] [IP_ADRES] [ISYERI] [KREDI_NOTU] [MUSTERI_NO] [SENDIKA],"bayi ekranından gelen kayıt: cinsiyeti [CINSIYET], biyometrik kaydı [BIYOMETRIK], ip [IP_ADRES], işyeri [ISYERI], sendika bilgisi [SENDIKA], müşteri no [MUSTERI_NO], kredi notu [KREDI_NOTU]",True,False,False
921,tam,duz,Bu kayıtta kişisel veri niteliği taşıyan her şeyi köşeli parantezli etiketle değiştir.,şoför belgem yenilendi ehliyet no K7281961,şoför belgem yenilendi ehliyet no [EHLIYET_NO],[EHLIYET_NO],[EHLIYET_NO],şoför belgem yenilendi ehliyet no [EHLIYET_NO],True,True,False
922,tam,kayit,"KVKK gereği bütün kişisel ve hassas alanları gizle; tutar, adet gibi kişisel olmayan sayılara dokunma.","çağrı merkezi notu: sağlık notu kalp yetmezliği takibi, hesap no üç altı sıfır bir altı bir dört dört altı dokuz, motor no M85D053029, ip 91.141.81.104, uyruğu Azerbaycan, vergi no beş dört sıfır beş iki beş sekiz sekiz üç dokuz","çağrı merkezi notu: sağlık notu [SAGLIK], hesap no [HESAP_NO], motor no [MOTOR_NO], ip [IP_ADRES], uyruğu [UYRUK], vergi no [VERGI_NO]",[HESAP_NO] [IP_ADRES] [MOTOR_NO] [SAGLIK] [UYRUK] [VERGI_NO],[HESAP_NO] [IP_ADRES] [MOTOR_NO] [SAGLIK] [UYRUK] [VERGI_NO],"çağrı merkezi notu: sağlık notu [SAGLIK], hesap no [HESAP_NO], motor no [MOTOR_NO], ip [IP_ADRES], uyruğu [UYRUK], vergi no [VERGI_NO]",True,False,False
923,tam,duz,Aşağıdaki mesajda kimliği belirlenebilir kılan ne varsa etiketiyle ört.,kartımın cvv si 499 pin i 875409 kimseyle paylaşmadım ama şüpheli işlem var,kartımın cvv si [CVV] pin i [PIN] kimseyle paylaşmadım ama şüpheli işlem var,[CVV] [PIN],[CVV] [PIN],kartımın cvv si [CVV] pin i 875409 kimseyle paylaşmadım ama şüpheli işlem var,False,True,False
924,tam,duz,Bu kayıtta kişisel veri niteliği taşıyan her şeyi köşeli parantezli etiketle değiştir.,yabancı müşteri kaydı uyruğu Türk pasaport A71376104,yabancı müşteri kaydı uyruğu [UYRUK] pasaport [PASAPORT_NO],[PASAPORT_NO] [UYRUK],[PASAPORT_NO] [UYRUK],yabancı müşteri kaydı uyruğu [UYRUK] pasaport [PASAPORT_NO],True,False,False
925,tam,kayit,"KVKK gereği bütün kişisel ve hassas alanları gizle; tutar, adet gibi kişisel olmayan sayılara dokunma.","çağrı merkezi notu: adresi Yeşilyurt Mah. Papatya Sokak No:77 Pamukkale/Trabzon, şifresi Lale.4055., müşteri Osman Arsoy, kan grubu 0 Rh negatif, pin iki altı iki bir, poliçe no POL-7037925, telefonu sıfır beş beş beş altı beş dokuz beş dört sıfır dokuz, aile durumu kızı 12 yaşında, anne adı Fayize","çağrı merkezi notu: adresi [ADRES], şifresi [SIFRE], müşteri [AD], kan grubu [KAN_GRUBU], pin [PIN], poliçe no [POLICE_NO], telefonu [TEL], aile durumu [AILE], anne adı [ANNE_ADI]",[ADRES] [AD] [AILE] [ANNE_ADI] [KAN_GRUBU] [PIN] [POLICE_NO] [SIFRE] [TEL],[ADRES] [AD] [AILE] [ANNE_ADI] [KAN_GRUBU] [PIN] [POLICE_NO] [SIFRE] [TEL],"çağrı merkezi notu: adresi [ADRES], şifresi Lale.4055., müşteri [AD], kan grubu [KAN_GRUBU], pin [PIN], poliçe no [POLICE_NO], telefonu [TEL], aile durumu [AILE], anne adı [ANNE_ADI]",False,True,False
926,tam,kayit,Bu kayıtta kişisel veri niteliği taşıyan her şeyi köşeli parantezli etiketle değiştir.,"çağrı merkezi notu: hesap no 4621-9715492-644, biyometrik kaydı el geometrisi verisi, mail adresi zehraaslan7@icloud.com, mac 7F:7F:F7:3C:BA:9F, engel durumu %40 engelli raporu, doğum tarihi 28.03.1987, sicil no SC1066, din hanesi Müslüman, konum 37.3829, 31.2643","çağrı merkezi notu: hesap no [HESAP_NO], biyometrik kaydı [BIYOMETRIK], mail adresi [EMAIL], mac [MAC_ADRES], engel durumu [ENGEL_DURUMU], doğum tarihi [DOGUM_TARIHI], sicil no [SICIL_NO], din hanesi [DIN], konum [KONUM]",[BIYOMETRIK] [DIN] [DOGUM_TARIHI] [EMAIL] [ENGEL_DURUMU] [HESAP_NO] [KONUM] [MAC_ADRES] [SICIL_NO],[BIYOMETRIK] [DIN] [DOGUM_TARIHI] [EMAIL] [ENGEL_DURUMU] [HESAP_NO] [KONUM] [MAC_ADRES] [SICIL_NO],"çağrı merkezi notu: hesap no [HESAP_NO], biyometrik kaydı [BIYOMETRIK], mail adresi [EMAIL], mac [MAC_ADRES], engel durumu [ENGEL_DURUMU], doğum tarihi [DOGUM_TARIHI], sicil no [SICIL_NO], din hanesi [DIN], konum [KONUM]",True,True,False
927,tam,kayit,"KVKK gereği bütün kişisel ve hassas alanları gizle; tutar, adet gibi kişisel olmayan sayılara dokunma.","çağrı merkezi notu: mail adresi deniz1963@hotmail.com, adli kaydı trafik cezası kaydı, kullanıcı adı ndemir65, pasaport no A02731641, sözleşme no 0669-31396, adresi Kültür Mah. Manolya Sok. No:138 Kat:2 Atakum/Sivas, 42 yaşında, ehliyet no D4727944","çağrı merkezi notu: mail adresi [EMAIL], adli kaydı [CEZA_KAYDI], kullanıcı adı [KULLANICI_ADI], pasaport no [PASAPORT_NO], sözleşme no [SOZLESME_NO], adresi [ADRES], [YAS] yaşında, ehliyet no [EHLIYET_NO]",[ADRES] [CEZA_KAYDI] [EHLIYET_NO] [EMAIL] [KULLANICI_ADI] [PASAPORT_NO] [SOZLESME_NO] [YAS],[ADRES] [CEZA_KAYDI] [EHLIYET_NO] [EMAIL] [KULLANICI_ADI] [PASAPORT_NO] [SOZLESME_NO] [YAS],"çağrı merkezi notu: mail adresi [EMAIL], adli kaydı [CEZA_KAYDI], kullanıcı adı [KULLANICI_ADI], pasaport no [PASAPORT_NO], sözleşme no [SOZLESME_NO], adresi [ADRES], 42 yaşında, ehliyet no [EHLIYET_NO]",False,False,False
928,tam,kayit,"KVKK gereği bütün kişisel ve hassas alanları gizle; tutar, adet gibi kişisel olmayan sayılara dokunma.","bayi ekranından gelen kayıt: cüzdan adresi 0xdd68cc7476c77dd7ad47d7e1fa1367f7cbe9d249, hesap no 5267738724, uyruğu Ukrayna, maaşı 32 bin TL, cihaz id 7QA6-V4S0-86KW, tc kimlik no 599-506-942-10, 45 yaşında","bayi ekranından gelen kayıt: cüzdan adresi [KRIPTO_CUZDAN], hesap no [HESAP_NO], uyruğu [UYRUK], maaşı [MAAS], cihaz id [CIHAZ_ID], tc kimlik no [TCKN], [YAS] yaşında",[CIHAZ_ID] [HESAP_NO] [KRIPTO_CUZDAN] [MAAS] [TCKN] [UYRUK] [YAS],[CIHAZ_ID] [HESAP_NO] [KRIPTO_CUZDAN] [MAAS] [TCKN] [UYRUK] [YAS],"bayi ekranından gelen kayıt: cüzdan adresi [KRIPTO_CUZDAN], hesap no [HESAP_NO], uyruğu [UYRUK], maaşı [MAAS], cihaz id [CIHAZ_ID], tc kimlik no [TCKN], 45 yaşında",False,False,False
929,tam,kayit,Bu satırdaki her kişisel bilgiyi maskeleyerek yeniden yaz.,"acil güncellenecek bilgiler: adı Özge Turan, imza kaydı imza hash b5636e3d, pasaport no A23584146, konum 37.7118, 40.586, skt 06/26, adresi Menderes Mah. Palmiye Bulv. No:217 D:30 Kadıköy/Sakarya","acil güncellenecek bilgiler: adı [AD], imza kaydı [IMZA], pasaport no [PASAPORT_NO], konum [KONUM], skt [KART_SKT], adresi [ADRES]",[ADRES] [AD] [IMZA] [KART_SKT] [KONUM] [PASAPORT_NO],[ADRES] [AD] [IMZA] [KART_SKT] [KONUM] [PASAPORT_NO],"acil güncellenecek bilgiler: adı [AD], imza kaydı [IMZA], pasaport no [PASAPORT_NO], konum [KONUM], skt [KREDI_NOTU], adresi [ADRES]",False,True,False
930,tam,duz,"KVKK gereği bütün kişisel ve hassas alanları gizle; tutar, adet gibi kişisel olmayan sayılara dokunma.",sağlık raporumda insülin bağımlı diyabet yazıyor sigorta primi değişir mi,sağlık raporumda [SAGLIK] yazıyor sigorta primi değişir mi,[SAGLIK],[SAGLIK],sağlık raporumda [SAGLIK] yazıyor sigorta primi değişir mi,True,True,False
931,tam,duz,Bu kayıtta kişisel veri niteliği taşıyan her şeyi köşeli parantezli etiketle değiştir.,sağlık raporumda penisilin alerjisi yazıyor sigorta primi değişir mi,sağlık raporumda [SAGLIK] yazıyor sigorta primi değişir mi,[SAGLIK],[SAGLIK],sağlık raporumda [SAGLIK] yazıyor sigorta primi değişir mi,True,True,False
932,tam,kayit,"KVKK gereği bütün kişisel ve hassas alanları gizle; tutar, adet gibi kişisel olmayan sayılara dokunma.","kredi başvuru formu: baba adı Onur, sağlık notu migren tedavisi, sendika bilgisi sendika üyeliği yok, kullanıcı adı dundaralp_zeng45, kan grubu 0 Rh pozitif, engel durumu işitme engelli raporu var, adı Hekmet Gülen, doğum yeri Bursa, e-postası mehmet_simsek@outlook.com","kredi başvuru formu: baba adı [BABA_ADI], sağlık notu [SAGLIK], sendika bilgisi [SENDIKA], kullanıcı adı [KULLANICI_ADI], kan grubu [KAN_GRUBU], engel durumu [ENGEL_DURUMU], adı [AD], doğum yeri [DOGUM_YERI], e-postası [EMAIL]",[AD] [BABA_ADI] [DOGUM_YERI] [EMAIL] [ENGEL_DURUMU] [KAN_GRUBU] [KULLANICI_ADI] [SAGLIK] [SENDIKA],[AD] [BABA_ADI] [DOGUM_YERI] [EMAIL] [ENGEL_DURUMU] [KAN_GRUBU] [KULLANICI_ADI] [SAGLIK] [SENDIKA],"kredi başvuru formu: baba adı [BABA_ADI], sağlık notu [SAGLIK], sendika bilgisi [SENDIKA], kullanıcı adı [KULLANICI_ADI], kan grubu [KAN_GRUBU], engel durumu [ENGEL_DURUMU] var, adı [AD], doğum yeri [DOGUM_YERI], e-postası [EMAIL]",False,True,False
933,tam,kayit,"Bütün PII alanlarını maskele, metnin geri kalanını aynen koru.","yeni müşteri kaydı: müşteri Burak Turan, konum 39.2505, 30.6529, ehliyet no E4470242, müşteri no MU6536365, doğum yeri Elazığ, adli kaydı adli sicil kaydı temiz","yeni müşteri kaydı: müşteri [AD], konum [KONUM], ehliyet no [EHLIYET_NO], müşteri no [MUSTERI_NO], doğum yeri [DOGUM_YERI], adli kaydı [CEZA_KAYDI]",[AD] [CEZA_KAYDI] [DOGUM_YERI] [EHLIYET_NO] [KONUM] [MUSTERI_NO],[AD] [CEZA_KAYDI] [DOGUM_YERI] [EHLIYET_NO] [KONUM] [MUSTERI_NO],"yeni müşteri kaydı: müşteri [MUSTERI_NO], konum [KONUM], ehliyet no [EHLIYET_NO], müşteri no [MUSTERI_NO], doğum yeri [DOGUM_YERI], adli kaydı [CEZA_KAYDI]",False,True,False
934,tam,duz,"KVKK gereği bütün kişisel ve hassas alanları gizle; tutar, adet gibi kişisel olmayan sayılara dokunma.",vpn erişimi açılsın ip 142.226.77.223 mac 03:0B:EE:4A:3C:6F,vpn erişimi açılsın ip [IP_ADRES] mac [MAC_ADRES],[IP_ADRES] [MAC_ADRES],[IP_ADRES] [MAC_ADRES],vpn erişimi açılsın ip [IP_ADRES] mac [MAC_ADRES],True,True,False
935,tam,caps,Kişisel verileri tespit edip ilgili etiketlerle değiştir; başka değişiklik yapma.,POLİÇEMİ YENİLEMEK İSTİYORUM POLİÇE NO P321371266 DOĞUM TARİHİM 01/07/1983,POLİÇEMİ YENİLEMEK İSTİYORUM POLİÇE NO [POLICE_NO] DOĞUM TARİHİM [DOGUM_TARIHI],[DOGUM_TARIHI] [POLICE_NO],[DOGUM_TARIHI] [POLICE_NO],POLİÇEMİ YENİLEMEK İSTİYORUM POLİÇE NO [POLICE_NO] DOĞUM TARİHİM [DOGUM_TARIHI],True,True,False
936,tam,kayit,Bu satırdaki her kişisel bilgiyi maskeleyerek yeniden yaz.,"yeni müşteri kaydı: köken bilgisi Kürt, telefonu (533) 250 44 37, imza kaydı e-imza sertifika seri no 0264010215, plaka 58 YLH 7315, skt 11/2033, baba adı Kadir, engel durumu kronik hastalık raporu, referansı RF30783653","yeni müşteri kaydı: köken bilgisi [ETNIK_KOKEN], telefonu [TEL], imza kaydı [IMZA], plaka [PLAKA], skt [KART_SKT], baba adı [BABA_ADI], engel durumu [ENGEL_DURUMU], referansı [REFERANS]",[BABA_ADI] [ENGEL_DURUMU] [ETNIK_KOKEN] [IMZA] [KART_SKT] [PLAKA] [REFERANS] [TEL],[BABA_ADI] [ENGEL_DURUMU] [ETNIK_KOKEN] [IMZA] [KART_SKT] [PLAKA] [REFERANS] [TEL],"yeni müşteri kaydı: köken bilgisi [ETNIK_KOKEN], telefonu [TEL], imza kaydı [IMZA], plaka [PLAKA], skt [KREDI_NOTU], baba adı [BABA_ADI], engel durumu [ENGEL_DURUMU], referansı [REFERANS]",False,True,False
937,tam,duz,Metindeki tüm kişisel verileri uygun etiketlerle maskele.,araç satışı için şasi SMUXJ36LA6SZ4KZ0U motor Z97B736869 sorgulanacak,araç satışı için şasi [SASI_NO] motor [MOTOR_NO] sorgulanacak,[MOTOR_NO] [SASI_NO],[MOTOR_NO] [SASI_NO],araç satışı için şasi [SASI_NO] motor [MOTOR_NO] sorgulanacak,True,True,False
938,tam,duz,Bu kayıtta kişisel veri niteliği taşıyan her şeyi köşeli parantezli etiketle değiştir.,çocuğumun okul servisi için adres Kültür Mah. Palmiye Cad. No:6 Kat:4 Keçiören/Bursa tel (535) 128 28 71,çocuğumun okul servisi için adres [ADRES] tel [TEL],[ADRES] [TEL],[ADRES] [TEL],çocuğumun okul servisi için adres [ADRES] tel [TEL],True,True,False
939,tam,kayit,Bu kayıtta kişisel veri niteliği taşıyan her şeyi köşeli parantezli etiketle değiştir.,"personel dosyası güncellemesi: sicil no SC4553, cihaz id P9P1-MJMY-43T1, doğum tarihi 22.04.1950, mail adresi ariel.corlu@gmail.com, telefonu 05550720101","personel dosyası güncellemesi: sicil no [SICIL_NO], cihaz id [CIHAZ_ID], doğum tarihi [DOGUM_TARIHI], mail adresi [EMAIL], telefonu [TEL]",[CIHAZ_ID] [DOGUM_TARIHI] [EMAIL] [SICIL_NO] [TEL],[CIHAZ_ID] [DOGUM_TARIHI] [EMAIL] [SICIL_NO] [TEL],"personel dosyası güncellemesi: sicil no [SICIL_NO], cihaz id [CIHAZ_ID], doğum tarihi [DOGUM_TARIHI], mail adresi [EMAIL], telefonu [TEL]",True,True,False
940,tam,kayit,Bu kayıtta kişisel veri niteliği taşıyan her şeyi köşeli parantezli etiketle değiştir.,"acil güncellenecek bilgiler: sicil no SC4994, hesap no 4777 162247, kart no 5088606299261765, maaşı aylık 166.000 TL, müşteri no doksan altı otuz iki seksen iki yetmiş beş, din hanesi Musevi, anne adı Temime, kullanıcı adı burak_pola59","acil güncellenecek bilgiler: sicil no [SICIL_NO], hesap no [HESAP_NO], kart no [KART], maaşı [MAAS], müşteri no [MUSTERI_NO], din hanesi [DIN], anne adı [ANNE_ADI], kullanıcı adı [KULLANICI_ADI]",[ANNE_ADI] [DIN] [HESAP_NO] [KART] [KULLANICI_ADI] [MAAS] [MUSTERI_NO] [SICIL_NO],[ANNE_ADI] [DIN] [HESAP_NO] [KART] [KULLANICI_ADI] [MAAS] [MUSTERI_NO] [SICIL_NO],"acil güncellenecek bilgiler: sicil no [SICIL_NO], hesap no [HESAP_NO], kart no [KART], maaşı [MAAS], müşteri no [MUSTERI_NO], din hanesi [DIN], anne adı [ANNE_ADI], kullanıcı adı [KULLANICI_ADI]",True,True,False
941,tam,kayit,"KVKK gereği bütün kişisel ve hassas alanları gizle; tutar, adet gibi kişisel olmayan sayılara dokunma.","kredi başvuru formu: adı Lerze Demir, kullanıcı adı nataliakorkmaz10, sağlık notu penisilin alerjisi, anne adı Sibel, skt 12/32, doğum tarihi 02/02/1996, imza kaydı imza hash 989a94a4","kredi başvuru formu: adı [AD], kullanıcı adı [KULLANICI_ADI], sağlık notu [SAGLIK], anne adı [ANNE_ADI], skt [KART_SKT], doğum tarihi [DOGUM_TARIHI], imza kaydı [IMZA]",[AD] [ANNE_ADI] [DOGUM_TARIHI] [IMZA] [KART_SKT] [KULLANICI_ADI] [SAGLIK],[AD] [ANNE_ADI] [DOGUM_TARIHI] [IMZA] [KART_SKT] [KULLANICI_ADI] [SAGLIK],"kredi başvuru formu: adı Lerze Demir, kullanıcı adı [KULLANICI_ADI], sağlık notu [SAGLIK], anne adı [ANNE_ADI], skt [KREDI_NOTU], doğum tarihi [DOGUM_TARIHI], imza kaydı [IMZA]",False,True,False
942,tam,kayit,Metindeki tüm kişisel verileri uygun etiketlerle maskele.,"kredi başvuru formu: kredi notu 1549, aile durumu oğlu üniversitede, işyeri Marmara Danışmanlık A.Ş., doğum yeri Konak, adresi Gazi Mah. Zambak Bulv. No:209 Kat:1 Muratpaşa/Tekirdağ, engel durumu %70 ortopedik engelli","kredi başvuru formu: kredi notu [KREDI_NOTU], aile durumu [AILE], işyeri [ISYERI], doğum yeri [DOGUM_YERI], adresi [ADRES], engel durumu [ENGEL_DURUMU]",[ADRES] [AILE] [DOGUM_YERI] [ENGEL_DURUMU] [ISYERI] [KREDI_NOTU],[ADRES] [AILE] [DOGUM_YERI] [ENGEL_DURUMU] [ISYERI] [KREDI_NOTU],"kredi başvuru formu: kredi notu [KREDI_NOTU], aile durumu [AILE], işyeri [ISYERI], doğum yeri [DOGUM_YERI], adresi [ADRES], engel durumu [ENGEL_DURUMU]",True,True,False
943,tam,kayit,Gizlilik filtresi uygula: tüm kişisel alanlar etikete dönüşsün.,"kredi başvuru formu: hesap no 6324246700, kredi notu 1154, kullanıcı adı nehipero49, 35 yaşında, köken bilgisi Çerkes, müşteri no otuz bir kırk beş on beş altmış altı, referansı REF-2024-1321, şifresi Cagla-7230.","kredi başvuru formu: hesap no [HESAP_NO], kredi notu [KREDI_NOTU], kullanıcı adı [KULLANICI_ADI], [YAS] yaşında, köken bilgisi [ETNIK_KOKEN], müşteri no [MUSTERI_NO], referansı [REFERANS], şifresi [SIFRE]",[ETNIK_KOKEN] [HESAP_NO] [KREDI_NOTU] [KULLANICI_ADI] [MUSTERI_NO] [REFERANS] [SIFRE] [YAS],[ETNIK_KOKEN] [HESAP_NO] [KREDI_NOTU] [KULLANICI_ADI] [MUSTERI_NO] [REFERANS] [SIFRE] [YAS],"kredi başvuru formu: hesap no 6324246700, kredi notu [KREDI_NOTU], kullanıcı adı [KULLANICI_ADI], [YAS] yaşında, köken bilgisi [ETNIK_KOKEN], müşteri no [MUSTERI_NO], referansı [REFERANS], şifresi Cagla-7230.",False,False,False
944,tam,caps,Kişisel verileri tespit edip ilgili etiketlerle değiştir; başka değişiklik yapma.,PERSONELİN ENGEL DURUMU KRONİK HASTALIK RAPORU OLARAK GÜNCELLENDİ,PERSONELİN ENGEL DURUMU [ENGEL_DURUMU] OLARAK GÜNCELLENDİ,[ENGEL_DURUMU],[ENGEL_DURUMU],PERSONELİN ENGEL DURUMU [ENGEL_DURUMU] OLARAK GÜNCELLENDİ,True,True,False
945,tam,duz,Bu satırdaki her kişisel bilgiyi maskeleyerek yeniden yaz.,sözleşme feshi talep ediyorum sözleşme no 6820-21785 tc 17502673168,sözleşme feshi talep ediyorum sözleşme no [SOZLESME_NO] tc [TCKN],[SOZLESME_NO] [TCKN],[SOZLESME_NO] [TCKN],sözleşme feshi talep ediyorum sözleşme no [SOZLESME_NO] tc [TCKN],True,True,False
946,tam,duz,Aşağıdaki mesajda kimliği belirlenebilir kılan ne varsa etiketiyle ört.,şoför belgem yenilendi ehliyet no K3023290,şoför belgem yenilendi ehliyet no [EHLIYET_NO],[EHLIYET_NO],[EHLIYET_NO],şoför belgem yenilendi ehliyet no [EHLIYET_NO],True,True,False
947,tam,"kayit,caps",Gizlilik filtresi uygula: tüm kişisel alanlar etikete dönüşsün.,"BAYİ EKRANINDAN GELEN KAYIT: DOĞUM TARİHİ 1984-06-02, MOTOR NO M42N786675, ADLİ KAYDI KESİNLEŞMİŞ HÜKMÜ YOK, ENGEL DURUMU %60 GÖRME ENGELLİ, AİLE DURUMU BOŞANMIŞ, VELAYET KENDİSİNDE","BAYİ EKRANINDAN GELEN KAYIT: DOĞUM TARİHİ [DOGUM_TARIHI], MOTOR NO [MOTOR_NO], ADLİ KAYDI [CEZA_KAYDI], ENGEL DURUMU [ENGEL_DURUMU], AİLE DURUMU [AILE]",[AILE] [CEZA_KAYDI] [DOGUM_TARIHI] [ENGEL_DURUMU] [MOTOR_NO],[AILE] [CEZA_KAYDI] [DOGUM_TARIHI] [ENGEL_DURUMU] [MOTOR_NO],"BAYİ EKRANINDAN GELEN KAYIT: DOĞUM TARİHİ [DOGUM_TARIHI], MOTOR NO [MOTOR_NO], ADLİ KAYDI KESİNLEŞMİŞ HÜKMÜ YOK, ENGEL DURUMU [ENGEL_DURUMU], AİLE DURUMU BOŞANMIŞ, VELAYET KENDİSİNDE",False,True,False
948,tam,kayit,"KVKK gereği bütün kişisel ve hassas alanları gizle; tutar, adet gibi kişisel olmayan sayılara dokunma.","yeni müşteri kaydı: cihaz id ETWG-3XVE-7YVB, cüzdan adresi TPZKpHh4CFOR3b6ScDtQjRd2p2afQEZu7O, aile durumu boşanmış, velayet kendisinde, cvv 925, hesap no üç bir sekiz yedi altı altı dokuz altı sıfır altı, tc si 35959953312","yeni müşteri kaydı: cihaz id [CIHAZ_ID], cüzdan adresi [KRIPTO_CUZDAN], aile durumu [AILE], cvv [CVV], hesap no [HESAP_NO], tc si [TCKN]",[AILE] [CIHAZ_ID] [CVV] [HESAP_NO] [KRIPTO_CUZDAN] [TCKN],[AILE] [CIHAZ_ID] [CVV] [HESAP_NO] [KRIPTO_CUZDAN] [TCKN],"yeni müşteri kaydı: cihaz id [CIHAZ_ID], cüzdan adresi [KRIPTO_CUZDAN], aile durumu [AILE], cvv [CVV], hesap no [HESAP_NO], tc si [TCKN]",True,True,False
949,tam,duz,Bu satırdaki her kişisel bilgiyi maskeleyerek yeniden yaz.,çocuğumun okul servisi için adres Gazi Mah. Çınar Bulv. No:244 Karşıyaka/Manisa tel 05551338206,çocuğumun okul servisi için adres [ADRES] tel [TEL],[ADRES] [TEL],[ADRES] [TEL],çocuğumun okul servisi için adres [ADRES] tel [TEL],True,True,False
950,tam,duz,Metindeki tüm kişisel verileri uygun etiketlerle maskele.,yeni telefon numaram +90 555 740 64 90 sisteme işlenmemiş hâlâ eskisi görünüyor,yeni telefon numaram [TEL] sisteme işlenmemiş hâlâ eskisi görünüyor,[TEL],[TEL],yeni telefon numaram [TEL] sisteme işlenmemiş hâlâ eskisi görünüyor,True,True,False
951,tam,kayit,"KVKK gereği bütün kişisel ve hassas alanları gizle; tutar, adet gibi kişisel olmayan sayılara dokunma.","bayi ekranından gelen kayıt: köken bilgisi Ermeni, kredi notu 1462, uyruğu Bulgaristan, mac 97:5C:AB:0E:89:E8, imei 972000530428664, imza kaydı imza hash 299e5e3b, şasi no H7B434ZKG82TCWUZZ, anne adı Meryem, işyeri Doğa Lojistik AŞ","bayi ekranından gelen kayıt: köken bilgisi [ETNIK_KOKEN], kredi notu [KREDI_NOTU], uyruğu [UYRUK], mac [MAC_ADRES], imei [IMEI], imza kaydı [IMZA], şasi no [SASI_NO], anne adı [ANNE_ADI], işyeri [ISYERI]",[ANNE_ADI] [ETNIK_KOKEN] [IMEI] [IMZA] [ISYERI] [KREDI_NOTU] [MAC_ADRES] [SASI_NO] [UYRUK],[ANNE_ADI] [ETNIK_KOKEN] [IMEI] [IMZA] [ISYERI] [KREDI_NOTU] [MAC_ADRES] [SASI_NO] [UYRUK],"bayi ekranından gelen kayıt: köken bilgisi [ETNIK_KOKEN], kredi notu [KREDI_NOTU], uyruğu [UYRUK], mac [MAC_ADRES], imei [IMEI], imza kaydı [IMZA], şasi no [SASI_NO], anne adı [ANNE_ADI], işyeri [ISYERI]",True,False,False
952,tam,kayit,"KVKK gereği bütün kişisel ve hassas alanları gizle; tutar, adet gibi kişisel olmayan sayılara dokunma.","yeni müşteri kaydı: şasi no 5XTZH9XAPZTYGTDAU, biyometrik kaydı retina taraması, cvv 835, ip 55.120.228.177, adı Yosma Öztürk, motor no M22R266505","yeni müşteri kaydı: şasi no [SASI_NO], biyometrik kaydı [BIYOMETRIK], cvv [CVV], ip [IP_ADRES], adı [AD], motor no [MOTOR_NO]",[AD] [BIYOMETRIK] [CVV] [IP_ADRES] [MOTOR_NO] [SASI_NO],[AD] [BIYOMETRIK] [CVV] [IP_ADRES] [MOTOR_NO] [SASI_NO],"yeni müşteri kaydı: şasi no [SASI_NO], biyometrik kaydı [BIYOMETRIK], cvv [CVV], ip [IP_ADRES], adı [AD], motor no [MOTOR_NO]",True,True,False
953,tam,duz,Aşağıdaki mesajda kimliği belirlenebilir kılan ne varsa etiketiyle ört.,çocuğumun okul servisi için adres Fatih Mah. Manolya Bulv. No:37 Konak/Ankara tel (538) 373 09 55,çocuğumun okul servisi için adres [ADRES] tel [TEL],[ADRES] [TEL],[ADRES] [TEL],çocuğumun okul servisi için adres [ADRES] tel (538) 373 09 55,False,True,False
954,tam,kayit,Bu kayıtta kişisel veri niteliği taşıyan her şeyi köşeli parantezli etiketle değiştir.,"acil güncellenecek bilgiler: motor no O20B539534, köken bilgisi Ermeni, işyeri Akdeniz Bilişim A.Ş., biyometrik kaydı iris taraması, ruhsat no VE-981218, kan grubu AB Rh pozitif","acil güncellenecek bilgiler: motor no [MOTOR_NO], köken bilgisi [ETNIK_KOKEN], işyeri [ISYERI], biyometrik kaydı [BIYOMETRIK], ruhsat no [RUHSAT_NO], kan grubu [KAN_GRUBU]",[BIYOMETRIK] [ETNIK_KOKEN] [ISYERI] [KAN_GRUBU] [MOTOR_NO] [RUHSAT_NO],[BIYOMETRIK] [ETNIK_KOKEN] [ISYERI] [KAN_GRUBU] [MOTOR_NO] [RUHSAT_NO],"acil güncellenecek bilgiler: motor no [MOTOR_NO], köken bilgisi [ETNIK_KOKEN], işyeri [ISYERI], biyometrik kaydı [BIYOMETRIK], ruhsat no [RUHSAT_NO], kan grubu [KAN_GRUBU]",True,True,False
955,tam,duz,"Bütün PII alanlarını maskele, metnin geri kalanını aynen koru.",hesap no 3250-0646189-183 üzerine otomatik ödeme tanımlansın,hesap no [HESAP_NO] üzerine otomatik ödeme tanımlansın,[HESAP_NO],[HESAP_NO],hesap no 3250-0646189-183 üzerine otomatik ödeme tanımlansın,False,True,False
956,tam,duz,Bu satırdaki her kişisel bilgiyi maskeleyerek yeniden yaz.,çocuğumun okul servisi için adres Atatürk Mah. Papatya Sok. No:51 D:23 Çankaya/Kahramanmaraş tel 05058264855,çocuğumun okul servisi için adres [ADRES] tel [TEL],[ADRES] [TEL],[ADRES] [TEL],çocuğumun okul servisi için adres [ADRES] tel [TEL],True,True,False
957,tam,caps,"KVKK gereği bütün kişisel ve hassas alanları gizle; tutar, adet gibi kişisel olmayan sayılara dokunma.",KREDİ BAŞVURUMUN DURUMUNU ÖĞRENMEK İSTİYORUM ADIM SEVGİ İNÖNÜ TC 2986 8739 990,KREDİ BAŞVURUMUN DURUMUNU ÖĞRENMEK İSTİYORUM ADIM [AD] TC [TCKN],[AD] [TCKN],[AD] [TCKN],KREDİ BAŞVURUMUN DURUMUNU ÖĞRENMEK İSTİYORUM ADIM [AD] TC [TCKN],True,True,False
958,tam,kayit,"KVKK gereği bütün kişisel ve hassas alanları gizle; tutar, adet gibi kişisel olmayan sayılara dokunma.","başvuru detayları: anne kızlık soyadı Kılıç, tc kimlik no 97641857018, hesap no 6195203129, pasaport no U36365923, mac 20:D2:F0:F7:FA:A2","başvuru detayları: anne kızlık soyadı [ANNE_KIZLIK], tc kimlik no [TCKN], hesap no [HESAP_NO], pasaport no [PASAPORT_NO], mac [MAC_ADRES]",[ANNE_KIZLIK] [HESAP_NO] [MAC_ADRES] [PASAPORT_NO] [TCKN],[ANNE_KIZLIK] [HESAP_NO] [MAC_ADRES] [PASAPORT_NO] [TCKN],"başvuru detayları: anne kızlık soyadı [ANNE_KIZLIK], tc kimlik no [TCKN], hesap no [HESAP_NO], pasaport no [PASAPORT_NO], mac [MAC_ADRES]",True,True,False
959,tam,duz,"Bütün PII alanlarını maskele, metnin geri kalanını aynen koru.",araç satışı için şasi EK00NWMT5VRZG4H9C motor K03B631222 sorgulanacak,araç satışı için şasi [SASI_NO] motor [MOTOR_NO] sorgulanacak,[MOTOR_NO] [SASI_NO],[MOTOR_NO] [SASI_NO],araç satışı için şasi [SASI_NO] motor [MOTOR_NO] sorgulanacak,True,True,False
960,tam,duz,Gizlilik filtresi uygula: tüm kişisel alanlar etikete dönüşsün.,kripto çekim adresim 0x293cb887ba9bd3f323d3541a505ddf1cadf95d17 onay bekliyor,kripto çekim adresim [KRIPTO_CUZDAN] onay bekliyor,[KRIPTO_CUZDAN],[KRIPTO_CUZDAN],kripto çekim adresim [KRIPTO_CUZDAN] onay bekliyor,True,True,False
961,tam,duz,"KVKK gereği bütün kişisel ve hassas alanları gizle; tutar, adet gibi kişisel olmayan sayılara dokunma.",e-fatura mükellefiyeti için vergi no 9171986781 kayıtlı mı bakar mısınız,e-fatura mükellefiyeti için vergi no [VERGI_NO] kayıtlı mı bakar mısınız,[VERGI_NO],[VERGI_NO],e-fatura mükellefiyeti için vergi no [VERGI_NO] kayıtlı mı bakar mısınız,True,True,False
962,tam,kayit,"Bütün PII alanlarını maskele, metnin geri kalanını aynen koru.","acil güncellenecek bilgiler: ehliyet no A9277065, din hanesi Hristiyan, ruhsat no IH-168659, adli kaydı ertelenmiş hapis cezası, kullanıcı adı guldermansiz24, motor no Z82B273795, şifresi Cagla.863., imza kaydı dijital imza özeti 1BF751, engel durumu %40 engelli raporu","acil güncellenecek bilgiler: ehliyet no [EHLIYET_NO], din hanesi [DIN], ruhsat no [RUHSAT_NO], adli kaydı [CEZA_KAYDI], kullanıcı adı [KULLANICI_ADI], motor no [MOTOR_NO], şifresi [SIFRE], imza kaydı [IMZA], engel durumu [ENGEL_DURUMU]",[CEZA_KAYDI] [DIN] [EHLIYET_NO] [ENGEL_DURUMU] [IMZA] [KULLANICI_ADI] [MOTOR_NO] [RUHSAT_NO] [SIFRE],[CEZA_KAYDI] [DIN] [EHLIYET_NO] [ENGEL_DURUMU] [IMZA] [KULLANICI_ADI] [MOTOR_NO] [RUHSAT_NO] [SIFRE],"acil güncellenecek bilgiler: ehliyet no [EHLIYET_NO], din hanesi [DIN], ruhsat no [RUHSAT_NO], adli kaydı [CEZA_KAYDI], kullanıcı adı [KULLANICI_ADI], motor no [MOTOR_NO], şifresi [SIFRE], imza kaydı [IMZA], engel durumu [ENGEL_DURUMU]",True,True,False
963,tam,duz,Bu satırdaki her kişisel bilgiyi maskeleyerek yeniden yaz.,vpn erişimi açılsın ip 74.5.175.161 mac 3F:C2:B4:83:B2:81,vpn erişimi açılsın ip [IP_ADRES] mac [MAC_ADRES],[IP_ADRES] [MAC_ADRES],[IP_ADRES] [MAC_ADRES],vpn erişimi açılsın ip [IP_ADRES] mac [MAC_ADRES],True,True,False
964,tam,caps,Metindeki tüm kişisel verileri uygun etiketlerle maskele.,"KAYIP CİHAZ BİLDİRİMİ İMEİ 468979778907281 SON KONUM 36.5959, 39.0191",KAYIP CİHAZ BİLDİRİMİ İMEİ [IMEI] SON KONUM [KONUM],[IMEI] [KONUM],[IMEI] [KONUM],KAYIP CİHAZ BİLDİRİMİ İMEİ [IMEI] SON KONUM [KONUM],True,True,False
965,tam,"kayit,caps",Aşağıdaki mesajda kimliği belirlenebilir kılan ne varsa etiketiyle ört.,"KREDİ BAŞVURU FORMU: MÜŞTERİ NO MU9861509, İP 100.175.99.187, KAN GRUBU A RH POZİTİF, RUHSAT NO TF-164476, SİCİL NO 27566, MAAŞI 97.500 TL MAAŞ, IBAN TR64-0714-0453-0571-4625-4859-65, POLİÇE NO P602961442, CÜZDAN ADRESİ TYTXSPİNAZ37SN4BBA6NMKLNVSDUPNXSON","KREDİ BAŞVURU FORMU: MÜŞTERİ NO [MUSTERI_NO], İP [IP_ADRES], KAN GRUBU [KAN_GRUBU], RUHSAT NO [RUHSAT_NO], SİCİL NO [SICIL_NO], MAAŞI [MAAS], IBAN [IBAN], POLİÇE NO [POLICE_NO], CÜZDAN ADRESİ [KRIPTO_CUZDAN]",[IBAN] [IP_ADRES] [KAN_GRUBU] [KRIPTO_CUZDAN] [MAAS] [MUSTERI_NO] [POLICE_NO] [RUHSAT_NO] [SICIL_NO],[IBAN] [IP_ADRES] [KAN_GRUBU] [KRIPTO_CUZDAN] [MAAS] [MUSTERI_NO] [POLICE_NO] [RUHSAT_NO] [SICIL_NO],"KREDİ BAŞVURU FORMU: MÜŞTERİ NO [MUSTERI_NO], İP [IMEI], KAN GRUBU [KAN_GRUBU], RUHSAT NO [RUHSAT_NO], SİCİL NO [SICIL_NO], MAAŞI [MAAS], IBAN [IBAN], POLİÇE NO [POLICE_NO], CÜZDAN ADRESİ [KRIPTO_CUZDAN]",False,True,False
966,tam,kayit,"KVKK gereği bütün kişisel ve hassas alanları gizle; tutar, adet gibi kişisel olmayan sayılara dokunma.","yeni müşteri kaydı: motor no K76N365088, IBAN TR19 3094 8242 7910 8403 0047 82, sözleşme no 8106-35199, kart no elli dört sıfır iki elli yedi seksen yirmi yedi yirmi seksen bir on yedi, sgk no 5001772023741, doğum tarihi 23/07/1958","yeni müşteri kaydı: motor no [MOTOR_NO], IBAN [IBAN], sözleşme no [SOZLESME_NO], kart no [KART], sgk no [SGK_NO], doğum tarihi [DOGUM_TARIHI]",[DOGUM_TARIHI] [IBAN] [KART] [MOTOR_NO] [SGK_NO] [SOZLESME_NO],[DOGUM_TARIHI] [IBAN] [KART] [MOTOR_NO] [SGK_NO] [SOZLESME_NO],"yeni müşteri kaydı: motor no [MOTOR_NO], IBAN [IBAN], sözleşme no [SOZLESME_NO], kart no [KART], sgk no [SGK_NO], doğum tarihi [DOGUM_TARIHI]",True,True,False
967,tam,duz,Bu kayıtta kişisel veri niteliği taşıyan her şeyi köşeli parantezli etiketle değiştir.,hesap hareketlerimi osman_sener@mynet.com adresine gönderin müşteri no altmış yedi on sekiz sıfır yedi yetmiş dört,hesap hareketlerimi [EMAIL] adresine gönderin müşteri no [MUSTERI_NO],[EMAIL] [MUSTERI_NO],[EMAIL] [MUSTERI_NO],hesap hareketlerimi [EMAIL] adresine gönderin müşteri no [MUSTERI_NO],True,True,False
968,tam,duz,Metindeki tüm kişisel verileri uygun etiketlerle maskele.,annemin kızlık soyadı Zengin güvenlik sorusunda kabul edilmiyor,annemin kızlık soyadı [ANNE_KIZLIK] güvenlik sorusunda kabul edilmiyor,[ANNE_KIZLIK],[ANNE_KIZLIK],annemin kızlık soyadı [ANNE_KIZLIK] güvenlik sorusunda kabul edilmiyor,True,True,False
969,tam,kayit,Kişisel verileri tespit edip ilgili etiketlerle değiştir; başka değişiklik yapma.,"kredi başvuru formu: imei 565143326792702, anne adı Büşra, kullanıcı adı dilekkisakurek75, cvv 401, cihaz id MPU9-LBOU-E931","kredi başvuru formu: imei [IMEI], anne adı [ANNE_ADI], kullanıcı adı [KULLANICI_ADI], cvv [CVV], cihaz id [CIHAZ_ID]",[ANNE_ADI] [CIHAZ_ID] [CVV] [IMEI] [KULLANICI_ADI],[ANNE_ADI] [CIHAZ_ID] [CVV] [IMEI] [KULLANICI_ADI],"kredi başvuru formu: imei [IMEI], anne adı [ANNE_ADI], kullanıcı adı [KULLANICI_ADI], cvv [CVV], cihaz id [CIHAZ_ID]",True,True,False
970,tam,kayit,Kişisel verileri tespit edip ilgili etiketlerle değiştir; başka değişiklik yapma.,"bayi ekranından gelen kayıt: kullanıcı adı aslisez42, engel durumu %70 ortopedik engelli, imei 401591454276014, cinsiyeti kadın, ip 49.169.221.108, baba adı Zeynelabidin, sağlık notu tiroit ilacı kullanımı","bayi ekranından gelen kayıt: kullanıcı adı [KULLANICI_ADI], engel durumu [ENGEL_DURUMU], imei [IMEI], cinsiyeti [CINSIYET], ip [IP_ADRES], baba adı [BABA_ADI], sağlık notu [SAGLIK]",[BABA_ADI] [CINSIYET] [ENGEL_DURUMU] [IMEI] [IP_ADRES] [KULLANICI_ADI] [SAGLIK],[BABA_ADI] [CINSIYET] [ENGEL_DURUMU] [IMEI] [IP_ADRES] [KULLANICI_ADI] [SAGLIK],"bayi ekranından gelen kayıt: kullanıcı adı [KULLANICI_ADI], engel durumu [ENGEL_DURUMU], imei [IMEI], cinsiyeti [CINSIYET], ip [IP_ADRES], baba adı [BABA_ADI], sağlık notu [SAGLIK]",True,False,False
971,tam,duz,Metindeki tüm kişisel verileri uygun etiketlerle maskele.,şirket aracının muayenesi yaklaştı plaka 31 JS 2466 ruhsat no IT-653590,şirket aracının muayenesi yaklaştı plaka [PLAKA] ruhsat no [RUHSAT_NO],[PLAKA] [RUHSAT_NO],[PLAKA] [RUHSAT_NO],şirket aracının muayenesi yaklaştı plaka [PLAKA] ruhsat no [RUHSAT_NO],True,True,False
972,tam,duz,Aşağıdaki mesajda kimliği belirlenebilir kılan ne varsa etiketiyle ört.,vpn erişimi açılsın ip 30.228.136.139 mac 7C:1A:CB:BB:27:F2,vpn erişimi açılsın ip [IP_ADRES] mac [MAC_ADRES],[IP_ADRES] [MAC_ADRES],[IP_ADRES] [MAC_ADRES],vpn erişimi açılsın ip [IP_ADRES] mac [MAC_ADRES],True,True,False
973,tam,kayit,Gizlilik filtresi uygula: tüm kişisel alanlar etikete dönüşsün.,"yeni müşteri kaydı: ıban TR92 1669 1836 8391 1482 3770 71, cüzdan adresi TGPWMB2Udl0NZEZElwU0scxQdowzei6WbT, imza kaydı dijital imza özeti A4CD70, hesap no 3306 300781, anne adı Rabbiye, konum 41.9809, 44.5628, ehliyet no C7919718","yeni müşteri kaydı: ıban [IBAN], cüzdan adresi [KRIPTO_CUZDAN], imza kaydı [IMZA], hesap no [HESAP_NO], anne adı [ANNE_ADI], konum [KONUM], ehliyet no [EHLIYET_NO]",[ANNE_ADI] [EHLIYET_NO] [HESAP_NO] [IBAN] [IMZA] [KONUM] [KRIPTO_CUZDAN],[ANNE_ADI] [EHLIYET_NO] [HESAP_NO] [IBAN] [IMZA] [KONUM] [KRIPTO_CUZDAN],"yeni müşteri kaydı: ıban [IBAN], cüzdan adresi [KRIPTO_CUZDAN], imza kaydı [IMZA], hesap no [HESAP_NO], anne adı [ANNE_ADI], konum [KONUM], ehliyet no [EHLIYET_NO]",True,True,False
974,tam,duz,Kişisel verileri tespit edip ilgili etiketlerle değiştir; başka değişiklik yapma.,internetten yaptığım ödeme görünmüyor kart no 4610-6597-2477-4364 skt 12/2032,internetten yaptığım ödeme görünmüyor kart no [KART] skt [KART_SKT],[KART] [KART_SKT],[KART] [KART_SKT],internetten yaptığım ödeme görünmüyor kart no [KART] skt [KART],False,True,False
975,tam,duz,Bu kayıtta kişisel veri niteliği taşıyan her şeyi köşeli parantezli etiketle değiştir.,araç satışı için şasi MK9D71P9ESA87EE62 motor O59B268604 sorgulanacak,araç satışı için şasi [SASI_NO] motor [MOTOR_NO] sorgulanacak,[MOTOR_NO] [SASI_NO],[MOTOR_NO] [SASI_NO],araç satışı için şasi [SASI_NO] motor [MOTOR_NO] sorgulanacak,True,True,False
976,tam,duz,Bu kayıtta kişisel veri niteliği taşıyan her şeyi köşeli parantezli etiketle değiştir.,uygulamaya giremiyorum kullanıcı adım koker_caki76 şifremi Ege8809+ yapmıştım,uygulamaya giremiyorum kullanıcı adım [KULLANICI_ADI] şifremi [SIFRE] yapmıştım,[KULLANICI_ADI] [SIFRE],[KULLANICI_ADI] [SIFRE],uygulamaya giremiyorum kullanıcı adım [KULLANICI_ADI] şifremi [SIFRE] yapmıştım,True,True,False
977,tam,kayit,Aşağıdaki mesajda kimliği belirlenebilir kılan ne varsa etiketiyle ört.,"çağrı merkezi notu: biyometrik kaydı parmak izi şablonu, anne adı Aral, uyruğu Rus, plaka 63 HA 6609, sözleşme no 2023/5876-C","çağrı merkezi notu: biyometrik kaydı [BIYOMETRIK], anne adı [ANNE_ADI], uyruğu [UYRUK], plaka [PLAKA], sözleşme no [SOZLESME_NO]",[ANNE_ADI] [BIYOMETRIK] [PLAKA] [SOZLESME_NO] [UYRUK],[ANNE_ADI] [BIYOMETRIK] [PLAKA] [SOZLESME_NO] [UYRUK],"çağrı merkezi notu: [BIYOMETRIK], anne adı [ANNE_ADI], uyruğu [UYRUK], plaka [PLAKA], sözleşme no [SOZLESME_NO]",False,False,False
978,tam,kayit,"KVKK gereği bütün kişisel ve hassas alanları gizle; tutar, adet gibi kişisel olmayan sayılara dokunma.","bayi ekranından gelen kayıt: pasaport no U02917413, maaşı 97 bin TL, aile durumu üç kardeşi var, referansı Laze Akça, plaka 42 U 154, cinsiyeti erkek, kullanıcı adı deniz_kaya55","bayi ekranından gelen kayıt: pasaport no [PASAPORT_NO], maaşı [MAAS], aile durumu [AILE], referansı [REFERANS], plaka [PLAKA], cinsiyeti [CINSIYET], kullanıcı adı [KULLANICI_ADI]",[AILE] [CINSIYET] [KULLANICI_ADI] [MAAS] [PASAPORT_NO] [PLAKA] [REFERANS],[AILE] [CINSIYET] [KULLANICI_ADI] [MAAS] [PASAPORT_NO] [PLAKA] [REFERANS],"bayi ekranından gelen kayıt: pasaport no [PASAPORT_NO], maaşı [MAAS], aile durumu [AILE], referansı [REFERANS], plaka [PLAKA], cinsiyeti [CINSIYET], kullanıcı adı [KULLANICI_ADI]",True,False,False
979,tam,caps,Metindeki tüm kişisel verileri uygun etiketlerle maskele.,HESAP HAREKETLERİMİ ASLİYİLMAZ88@GMAİL.COM ADRESİNE GÖNDERİN MÜŞTERİ NO YİRMİ DÖRT ALTMIŞ İKİ YİRMİ DOKUZ ELLİ DÖRT,HESAP HAREKETLERİMİ [EMAIL] ADRESİNE GÖNDERİN MÜŞTERİ NO [MUSTERI_NO],[EMAIL] [MUSTERI_NO],[EMAIL] [MUSTERI_NO],HESAP HAREKETLERİMİ [EMAIL] ADRESİNE GÖNDERİN MÜŞTERİ NO [MUSTERI_NO],True,True,False
980,tam,duz,Bu satırdaki her kişisel bilgiyi maskeleyerek yeniden yaz.,uygulamaya giremiyorum kullanıcı adım rasul_ozde96 şifremi Yıldız-7253* yapmıştım,uygulamaya giremiyorum kullanıcı adım [KULLANICI_ADI] şifremi [SIFRE] yapmıştım,[KULLANICI_ADI] [SIFRE],[KULLANICI_ADI] [SIFRE],uygulamaya giremiyorum kullanıcı adım [KULLANICI_ADI] şifremi [SIFRE] yapmıştım,True,True,False
981,tam,caps,Kişisel verileri tespit edip ilgili etiketlerle değiştir; başka değişiklik yapma.,ANNEMİN KIZLIK SOYADI DEMİR GÜVENLİK SORUSUNDA KABUL EDİLMİYOR,ANNEMİN KIZLIK SOYADI [ANNE_KIZLIK] GÜVENLİK SORUSUNDA KABUL EDİLMİYOR,[ANNE_KIZLIK],[ANNE_KIZLIK],ANNEMİN KIZLIK SOYADI [ANNE_KIZLIK] GÜVENLİK SORUSUNDA KABUL EDİLMİYOR,True,True,False
982,tam,"kayit,caps",Aşağıdaki mesajda kimliği belirlenebilir kılan ne varsa etiketiyle ört.,"ACİL GÜNCELLENECEK BİLGİLER: RUHSAT NO TH-139397, REFERANSI RF79343915, ANNE KIZLIK SOYADI AVCI, MAAŞI 79 BİN TL, İMZA KAYDI DİJİTAL İMZA ÖZETİ B60B5E, POLİÇE NO P263977983, KAN GRUBU A RH NEGATİF, BİYOMETRİK KAYDI İRİS TARAMASI, CİHAZ İD DU4T-J074-WY8C","ACİL GÜNCELLENECEK BİLGİLER: RUHSAT NO [RUHSAT_NO], REFERANSI [REFERANS], ANNE KIZLIK SOYADI [ANNE_KIZLIK], MAAŞI [MAAS], İMZA KAYDI [IMZA], POLİÇE NO [POLICE_NO], KAN GRUBU [KAN_GRUBU], BİYOMETRİK KAYDI [BIYOMETRIK], CİHAZ İD [CIHAZ_ID]",[ANNE_KIZLIK] [BIYOMETRIK] [CIHAZ_ID] [IMZA] [KAN_GRUBU] [MAAS] [POLICE_NO] [REFERANS] [RUHSAT_NO],[ANNE_KIZLIK] [BIYOMETRIK] [CIHAZ_ID] [IMZA] [KAN_GRUBU] [MAAS] [POLICE_NO] [REFERANS] [RUHSAT_NO],"ACİL GÜNCELLENECEK BİLGİLER: RUHSAT NO [RUHSAT_NO], REFERANSI [REFERANS], ANNE KIZLIK SOYADI [ANNE_KIZLIK], MAAŞI [MAAS], İMZA KAYDI DİJİTAL İMZA ÖZETİ B60B5E, POLİÇE NO [POLICE_NO], KAN GRUBU [KAN_GRUBU], BİYOMETRİK KAYDI İRİS TARAMASI, CİHAZ İD DU4T-J074-WY8C",False,True,False
983,tam,duz,Gizlilik filtresi uygula: tüm kişisel alanlar etikete dönüşsün.,etnik köken alanı Boşnak yazılmış bu alan zorunlu mu,etnik köken alanı [ETNIK_KOKEN] yazılmış bu alan zorunlu mu,[ETNIK_KOKEN],[ETNIK_KOKEN],etnik köken alanı [ETNIK_KOKEN] yazılmış bu alan zorunlu mu,True,True,False
984,tam,duz,Bu satırdaki her kişisel bilgiyi maskeleyerek yeniden yaz.,araç satışı için şasi RKP8LBE7XW9PCNETR motor Z99R394342 sorgulanacak,araç satışı için şasi [SASI_NO] motor [MOTOR_NO] sorgulanacak,[MOTOR_NO] [SASI_NO],[MOTOR_NO] [SASI_NO],araç satışı için şasi [SASI_NO] motor [MOTOR_NO] sorgulanacak,True,True,False
985,tam,kayit,Kişisel verileri tespit edip ilgili etiketlerle değiştir; başka değişiklik yapma.,"çağrı merkezi notu: cüzdan adresi TKhSBjGQJsMgzp2KPRdoMtDEPrLC5V6JiK, imza kaydı imza hash a2d5e5d2, şifresi Fener1354!, engel durumu %60 görme engelli, doğum yeri Odunpazarı","çağrı merkezi notu: cüzdan adresi [KRIPTO_CUZDAN], imza kaydı [IMZA], şifresi [SIFRE], engel durumu [ENGEL_DURUMU], doğum yeri [DOGUM_YERI]",[DOGUM_YERI] [ENGEL_DURUMU] [IMZA] [KRIPTO_CUZDAN] [SIFRE],[DOGUM_YERI] [ENGEL_DURUMU] [IMZA] [KRIPTO_CUZDAN] [SIFRE],"çağrı merkezi notu: cüzdan adresi [KRIPTO_CUZDAN], imza kaydı [IMZA], şifresi [SIFRE], engel durumu [ENGEL_DURUMU], doğum yeri [DOGUM_YERI]",True,True,False
986,tam,kayit,"Bütün PII alanlarını maskele, metnin geri kalanını aynen koru.","personel dosyası güncellemesi: motor no Z12N073276, işyeri Sakarya Üniversitesi, poliçe no POL-3605662, imza kaydı imza hash 37ae0873, kullanıcı adı burak_ucar63","personel dosyası güncellemesi: motor no [MOTOR_NO], işyeri [ISYERI], poliçe no [POLICE_NO], imza kaydı [IMZA], kullanıcı adı [KULLANICI_ADI]",[IMZA] [ISYERI] [KULLANICI_ADI] [MOTOR_NO] [POLICE_NO],[IMZA] [ISYERI] [KULLANICI_ADI] [MOTOR_NO] [POLICE_NO],"personel dosyası güncellemesi: motor no [MOTOR_NO], işyeri [ISYERI], poliçe no [POLICE_NO], imza kaydı [IMZA], kullanıcı adı [KULLANICI_ADI]",True,True,False
987,tam,duz,Metindeki tüm kişisel verileri uygun etiketlerle maskele.,annemin kızlık soyadı Uçar güvenlik sorusunda kabul edilmiyor,annemin kızlık soyadı [ANNE_KIZLIK] güvenlik sorusunda kabul edilmiyor,[ANNE_KIZLIK],[ANNE_KIZLIK],annemin kızlık soyadı [ANNE_KIZLIK] güvenlik sorusunda kabul edilmiyor,True,True,False
988,tam,"kayit,caps","KVKK gereği bütün kişisel ve hassas alanları gizle; tutar, adet gibi kişisel olmayan sayılara dokunma.","SİSTEME GİRİLECEK KAYIT: DOĞUM YERİ ŞANLIURFA, EHLİYET NO D7517189, MÜŞTERİ SEYYİDE ZORLU, SÖZLEŞME NO 9244-68985, SGK NO 9122 4560 9460 7, PLAKA 71 K 966, SAĞLIK NOTU PENİSİLİN ALERJİSİ, 48 YAŞINDA","SİSTEME GİRİLECEK KAYIT: DOĞUM YERİ [DOGUM_YERI], EHLİYET NO [EHLIYET_NO], MÜŞTERİ [AD], SÖZLEŞME NO [SOZLESME_NO], SGK NO [SGK_NO], PLAKA [PLAKA], SAĞLIK NOTU [SAGLIK], [YAS] YAŞINDA",[AD] [DOGUM_YERI] [EHLIYET_NO] [PLAKA] [SAGLIK] [SGK_NO] [SOZLESME_NO] [YAS],[AD] [DOGUM_YERI] [EHLIYET_NO] [PLAKA] [SAGLIK] [SGK_NO] [SOZLESME_NO] [YAS],"SİSTEME GİRİLECEK KAYIT: DOĞUM YERİ [DOGUM_YERI], EHLİYET NO [EHLIYET_NO], MÜŞTERİ SEYYİDE ZORLU, SÖZLEŞME NO [SOZLESME_NO], SGK NO [SGK_NO], PLAKA [PLAKA], SAĞLIK NOTU [KREDI_NOTU] ALERJİSİ, [YAS] YAŞINDA",False,False,False
989,tam,kayit,Bu kayıtta kişisel veri niteliği taşıyan her şeyi köşeli parantezli etiketle değiştir.,"personel dosyası güncellemesi: anne kızlık soyadı Bulut, ehliyet no D2810455, uyruğu Afgan, adresi Zafer Mah. Fulya Bulv. No:192 Odunpazarı/İstanbul, referansı RF34568413, motor no N31D894728, kullanıcı adı baris_sahi19, sözleşme no 2028/8639-B","personel dosyası güncellemesi: anne kızlık soyadı [ANNE_KIZLIK], ehliyet no [EHLIYET_NO], uyruğu [UYRUK], adresi [ADRES], referansı [REFERANS], motor no [MOTOR_NO], kullanıcı adı [KULLANICI_ADI], sözleşme no [SOZLESME_NO]",[ADRES] [ANNE_KIZLIK] [EHLIYET_NO] [KULLANICI_ADI] [MOTOR_NO] [REFERANS] [SOZLESME_NO] [UYRUK],[ADRES] [ANNE_KIZLIK] [EHLIYET_NO] [KULLANICI_ADI] [MOTOR_NO] [REFERANS] [SOZLESME_NO] [UYRUK],"personel dosyası güncellemesi: anne kızlık soyadı [ANNE_KIZLIK], ehliyet no [EHLIYET_NO], uyruğu [UYRUK], adresi [ADRES], referansı [REFERANS], motor no [MOTOR_NO], kullanıcı adı [KULLANICI_ADI], sözleşme no [SOZLESME_NO]",True,False,False
990,tam,kayit,Bu satırdaki her kişisel bilgiyi maskeleyerek yeniden yaz.,"acil güncellenecek bilgiler: ruhsat no EE-371801, vergi no sekiz dokuz üç beş altı iki yedi yedi bir dört, cvv 322, pin 096747, cüzdan adresi ThD6knyWTRD4MecJe5ExR6InQqenwCRaFz, sicil no 16928, referansı RF60949596","acil güncellenecek bilgiler: ruhsat no [RUHSAT_NO], vergi no [VERGI_NO], cvv [CVV], pin [PIN], cüzdan adresi [KRIPTO_CUZDAN], sicil no [SICIL_NO], referansı [REFERANS]",[CVV] [KRIPTO_CUZDAN] [PIN] [REFERANS] [RUHSAT_NO] [SICIL_NO] [VERGI_NO],[CVV] [KRIPTO_CUZDAN] [PIN] [REFERANS] [RUHSAT_NO] [SICIL_NO] [VERGI_NO],"acil güncellenecek bilgiler: ruhsat no [RUHSAT_NO], vergi no [VERGI_NO], cvv [CVV], pin [PIN], cüzdan adresi [KRIPTO_CUZDAN], sicil no [SICIL_NO], referansı [REFERANS]",True,True,False
991,tam,"kayit,caps",Bu satırdaki her kişisel bilgiyi maskeleyerek yeniden yaz.,"BAŞVURU DETAYLARI: MÜŞTERİ NO YETMİŞ BEŞ SIFIR BİR ELLİ DÖRT YİRMİ BEŞ, DOĞUM TARİHİ 21.01.1952, DOĞUM YERİ BURSA, REFERANSI RF80420004, MOTOR NO Z82N914798, ENGEL DURUMU %40 ENGELLİ RAPORU","BAŞVURU DETAYLARI: MÜŞTERİ NO [MUSTERI_NO], DOĞUM TARİHİ [DOGUM_TARIHI], DOĞUM YERİ [DOGUM_YERI], REFERANSI [REFERANS], MOTOR NO [MOTOR_NO], ENGEL DURUMU [ENGEL_DURUMU]",[DOGUM_TARIHI] [DOGUM_YERI] [ENGEL_DURUMU] [MOTOR_NO] [MUSTERI_NO] [REFERANS],[DOGUM_TARIHI] [DOGUM_YERI] [ENGEL_DURUMU] [MOTOR_NO] [MUSTERI_NO] [REFERANS],"BAŞVURU DETAYLARI: MÜŞTERİ NO [MUSTERI_NO], DOĞUM TARİHİ [DOGUM_TARIHI], DOĞUM YERİ [DOGUM_YERI], REFERANSI [REFERANS], MOTOR NO [MOTOR_NO], ENGEL DURUMU [ENGEL_DURUMU]",True,True,False
992,tam,duz,"KVKK gereği bütün kişisel ve hassas alanları gizle; tutar, adet gibi kişisel olmayan sayılara dokunma.",yabancı müşteri kaydı uyruğu Alman pasaport A82994498,yabancı müşteri kaydı uyruğu [UYRUK] pasaport [PASAPORT_NO],[PASAPORT_NO] [UYRUK],[PASAPORT_NO] [UYRUK],yabancı müşteri kaydı uyruğu [UYRUK] pasaport [PASAPORT_NO],True,False,False
993,tam,kayit,Kişisel verileri tespit edip ilgili etiketlerle değiştir; başka değişiklik yapma.,"personel dosyası güncellemesi: motor no N62B004695, maaşı 67 bin TL, işyeri Balıkesir Devlet Hastanesi, şifresi Kar1167., doğum yeri Eskişehir","personel dosyası güncellemesi: motor no [MOTOR_NO], maaşı [MAAS], işyeri [ISYERI], şifresi [SIFRE], doğum yeri [DOGUM_YERI]",[DOGUM_YERI] [ISYERI] [MAAS] [MOTOR_NO] [SIFRE],[DOGUM_YERI] [ISYERI] [MAAS] [MOTOR_NO] [SIFRE],"personel dosyası güncellemesi: motor no [MOTOR_NO], maaşı [MAAS], işyeri [ISYERI], şifresi [SIFRE], doğum yeri [DOGUM_YERI]",True,True,False
994,tam,duz,Kişisel verileri tespit edip ilgili etiketlerle değiştir; başka değişiklik yapma.,adli sicil belgemde denetimli serbestlik kaydı ibaresi var işe engel mi,adli sicil belgemde [CEZA_KAYDI] ibaresi var işe engel mi,[CEZA_KAYDI],[CEZA_KAYDI],adli sicil belgemde [CEZA_KAYDI] ibaresi var işe engel mi,True,True,False
995,tam,"kayit,caps",Bu kayıtta kişisel veri niteliği taşıyan her şeyi köşeli parantezli etiketle değiştir.,"PERSONEL DOSYASI GÜNCELLEMESİ: 75 YAŞINDA, ENGEL DURUMU KRONİK HASTALIK RAPORU, SGK NO 4378 7042 5262 4, VERGİ NO ALTI ÜÇ SIFIR SEKİZ ÜÇ YEDİ BİR ALTI DÖRT YEDİ, KREDİ NOTU 1888, DİN HANESİ AGNOSTİK","PERSONEL DOSYASI GÜNCELLEMESİ: [YAS] YAŞINDA, ENGEL DURUMU [ENGEL_DURUMU], SGK NO [SGK_NO], VERGİ NO [VERGI_NO], KREDİ NOTU [KREDI_NOTU], DİN HANESİ [DIN]",[DIN] [ENGEL_DURUMU] [KREDI_NOTU] [SGK_NO] [VERGI_NO] [YAS],[DIN] [ENGEL_DURUMU] [KREDI_NOTU] [SGK_NO] [VERGI_NO] [YAS],"PERSONEL DOSYASI GÜNCELLEMESİ: [YAS] YAŞINDA, ENGEL DURUMU [ENGEL_DURUMU], SGK NO [SGK_NO], VERGİ NO [VERGI_NO], KREDİ NOTU [KREDI_NOTU], DİN HANESİ [DIN]",True,False,False
996,tam,kayit,Aşağıdaki mesajda kimliği belirlenebilir kılan ne varsa etiketiyle ört.,"başvuru detayları: cinsiyeti erkek, maaşı 189 bin TL, kart no 4319 7779 6789 2464, ıban TR53-5132-2869-4204-2849-1205-67, ip 9.95.111.176, şasi no MVTYY1VAAMU4UZWCU, doğum tarihi 16.12.1991, doğum yeri Tekirdağ","başvuru detayları: cinsiyeti [CINSIYET], maaşı [MAAS], kart no [KART], ıban [IBAN], ip [IP_ADRES], şasi no [SASI_NO], doğum tarihi [DOGUM_TARIHI], doğum yeri [DOGUM_YERI]",[CINSIYET] [DOGUM_TARIHI] [DOGUM_YERI] [IBAN] [IP_ADRES] [KART] [MAAS] [SASI_NO],[CINSIYET] [DOGUM_TARIHI] [DOGUM_YERI] [IBAN] [IP_ADRES] [KART] [MAAS] [SASI_NO],"başvuru detayları: cinsiyeti [CINSIYET], maaşı [MAAS], kart no [KART], ıban [IBAN], ip [IP_ADRES], şasi no [SASI_NO], doğum tarihi [DOGUM_TARIHI], doğum yeri [DOGUM_YERI]",True,False,False
997,tam,"kayit,caps",Bu satırdaki her kişisel bilgiyi maskeleyerek yeniden yaz.,"BAYİ EKRANINDAN GELEN KAYIT: DOĞUM TARİHİ 1967-08-21, CÜZDAN ADRESİ 0X72AC3873246DF2D8BC9630473CA617AFC7EC1B49, TC Sİ 491-116-677-02, DİN HANESİ AGNOSTİK, SGK NO 3617 3846 2457 9, KREDİ NOTU 1638, MOTOR NO K99B874270","BAYİ EKRANINDAN GELEN KAYIT: DOĞUM TARİHİ [DOGUM_TARIHI], CÜZDAN ADRESİ [KRIPTO_CUZDAN], TC Sİ [TCKN], DİN HANESİ [DIN], SGK NO [SGK_NO], KREDİ NOTU [KREDI_NOTU], MOTOR NO [MOTOR_NO]",[DIN] [DOGUM_TARIHI] [KREDI_NOTU] [KRIPTO_CUZDAN] [MOTOR_NO] [SGK_NO] [TCKN],[DIN] [DOGUM_TARIHI] [KREDI_NOTU] [KRIPTO_CUZDAN] [MOTOR_NO] [SGK_NO] [TCKN],"BAYİ EKRANINDAN GELEN KAYIT: DOĞUM TARİHİ [DOGUM_TARIHI], CÜZDAN ADRESİ [KRIPTO_CUZDAN], TC Sİ [TCKN], DİN HANESİ [DIN], SGK NO [SGK_NO], KREDİ NOTU [KREDI_NOTU], MOTOR NO [MOTOR_NO]",True,True,False
998,tam,kayit,Metindeki tüm kişisel verileri uygun etiketlerle maskele.,"bayi ekranından gelen kayıt: kullanıcı adı sinan_yilm27, sgk no 9036 9319 6443 2, doğum yeri Beylikdüzü, doğum tarihi 03/12/2003, mail adresi yigit.dinc@icloud.com, cihaz id QT6W-UCSK-R7ZK","bayi ekranından gelen kayıt: kullanıcı adı [KULLANICI_ADI], sgk no [SGK_NO], doğum yeri [DOGUM_YERI], doğum tarihi [DOGUM_TARIHI], mail adresi [EMAIL], cihaz id [CIHAZ_ID]",[CIHAZ_ID] [DOGUM_TARIHI] [DOGUM_YERI] [EMAIL] [KULLANICI_ADI] [SGK_NO],[CIHAZ_ID] [DOGUM_TARIHI] [DOGUM_YERI] [EMAIL] [KULLANICI_ADI] [SGK_NO],"bayi ekranından gelen kayıt: kullanıcı adı [KULLANICI_ADI], sgk no [SGK_NO], doğum yeri [DOGUM_YERI], doğum tarihi [DOGUM_TARIHI], mail adresi [EMAIL], cihaz id [CIHAZ_ID]",True,True,False
999,tam,duz,Kişisel verileri tespit edip ilgili etiketlerle değiştir; başka değişiklik yapma.,hesap hareketlerimi muferrihalemdar75@icloud.com adresine gönderin müşteri no MU1963768,hesap hareketlerimi [EMAIL] adresine gönderin müşteri no [MUSTERI_NO],[EMAIL] [MUSTERI_NO],[EMAIL] [MUSTERI_NO],hesap hareketlerimi [EMAIL] adresine gönderin müşteri no [MUSTERI_NO],True,True,False
1000,tam,duz,Gizlilik filtresi uygula: tüm kişisel alanlar etikete dönüşsün.,"kayıp cihaz bildirimi imei 456753473173957 son konum 41.5648, 31.5486",kayıp cihaz bildirimi imei [IMEI] son konum [KONUM],[IMEI] [KONUM],[IMEI] [KONUM],kayıp cihaz bildirimi imei [IMEI] son konum [KONUM],True,True,False
